image,fade
AM_Bing_211.png,0.383607170702
AM_Bing_217.png,0.331804354626
AM_Bing_222.png,0.433738822981
AM_Bing_229.png,0.588545572207
AM_Bing_232.png,0.159312723500
AM_Bing_242.png,0.522076334815
AM_Bing_243.png,0.869837575967
AM_Bing_274.png,0.600101911982
AM_Bing_318.png,0.319541471124
AM_Bing_422.png,0.477665700241
AM_Bing_464.png,0.350609407596
AM_Bing_536.png,0.700692264154
AM_Bing_640.png,0.248384444937
AM_Bing_727.png,0.567444230482
AM_Google_019.png,0.249418819559
AM_Google_035.png,0.803439321022
AM_Google_067.png,0.383223292930
AM_Google_10.png,0.184642706831
AM_Google_228.png,0.804931112900
AM_Google_244.png,0.649274504431
AM_Google_246.png,0.861064809216
AM_Google_250.png,0.985480559990
AM_Google_289.png,0.380929245575
AM_Google_309.png,0.893438733191
AM_Google_320.png,0.619536235739
AM_Google_359.png,0.819630974004
AM_Google_411.png,0.509802218661
AM_Google_494.png,1.020847337848
AM_Google_525.png,0.277593428570
AM_Google_617.png,0.963925581845
AM_Google_707.png,0.748401593299
AM_Google_711.png,1.151675862786
AM_Google_754.png,0.383600322365
AM_Google_768.png,0.154223188475
AM_Google_796.png,0.771316802712
AM_Google_869.png,0.377117815964
BD_Baidu_000.png,0.852557057697
BD_Baidu_007.png,1.223824837326
BD_Baidu_018.png,0.814494297698
BD_Baidu_022.png,0.353657585496
BD_Baidu_023.png,1.166616293196
BD_Baidu_031.png,0.811026971579
BD_Baidu_038.png,0.615827650092
BD_Baidu_039.png,0.958716728730
BD_Baidu_042.png,2.340317321363
BD_Baidu_045.png,0.613291427831
BD_Baidu_046.png,0.490067095466
BD_Baidu_050.png,0.515604114298
BD_Baidu_058.png,1.033696823085
BD_Baidu_059.png,0.923589921930
BD_Baidu_062.png,0.723191014601
BD_Baidu_065.png,0.508221697580
BD_Baidu_074.png,0.723286468781
BD_Baidu_076.png,0.559278259965
BD_Baidu_078.png,0.670237787006
BD_Baidu_08.png,0.514344277941
BD_Baidu_081.png,0.533518628153
BD_Baidu_084.png,0.520673779641
BD_Baidu_087.png,0.652053065965
BD_Baidu_088.png,0.672558827578
BD_Baidu_095.png,1.087639718425
BD_Baidu_097.png,1.095605678557
BD_Baidu_10.png,0.808644526627
BD_Baidu_102.png,0.666216045561
BD_Baidu_104.png,1.111461260633
BD_Baidu_105.png,0.950751967156
BD_Baidu_116.png,0.734836332939
BD_Baidu_117.png,0.791649951087
BD_Baidu_129.png,0.693064163915
BD_Baidu_133.png,0.524015399331
BD_Baidu_134.png,1.004517457838
BD_Baidu_137.png,0.964275301319
BD_Baidu_142.png,0.777225677320
BD_Baidu_143.png,0.637255142959
BD_Baidu_145.png,0.490789847794
BD_Baidu_166.png,0.911340126543
BD_Baidu_174.png,0.338479123781
BD_Baidu_18.png,0.673363462129
BD_Baidu_195.png,0.403490475180
BD_Baidu_196.png,0.530932120531
BD_Baidu_199.png,1.626801262335
BD_Baidu_200.png,0.500779198443
BD_Baidu_201.png,0.584366881980
BD_Baidu_208.png,0.927579015463
BD_Baidu_209.png,1.007995562841
BD_Baidu_211.png,0.870615759027
BD_Baidu_216.png,0.726083392868
BD_Baidu_222.png,0.567870976605
BD_Baidu_224.png,1.011847340193
BD_Baidu_247.png,0.599668227863
BD_Baidu_249.png,0.739832920616
BD_Baidu_250.png,1.034985395547
BD_Baidu_254.png,0.675978670714
BD_Baidu_256.png,0.845885811596
BD_Baidu_277.png,0.821279262686
BD_Baidu_281.png,0.664200308543
BD_Baidu_284.png,0.650440572622
BD_Baidu_285.png,0.381252796258
BD_Baidu_29.png,0.515040992188
BD_Baidu_291.png,0.884676204577
BD_Baidu_299.png,0.691597595173
BD_Baidu_306.png,0.769047068077
BD_Baidu_322.png,0.498549042671
BD_Baidu_332.png,0.971971613098
BD_Baidu_338.png,0.785486613255
BD_Baidu_347.png,0.639021753058
BD_Baidu_355.png,0.672006964693
BD_Baidu_375.png,0.550988164066
BD_Baidu_383.png,0.676819126897
BD_Baidu_385.png,0.376968458007
BD_Baidu_388.png,1.204033705329
BD_Baidu_389.png,0.397392439350
BD_Baidu_391.png,0.633103252156
BD_Baidu_397.png,1.180665480774
BD_Baidu_410.png,1.455416888371
BD_Baidu_424.png,0.599702204906
BD_Baidu_428.png,0.681904377451
BD_Baidu_451.png,0.460067496504
BD_Baidu_461.png,0.434206725033
BD_Baidu_464.png,0.798290156844
BD_Baidu_476.png,2.039519576304
BD_Baidu_481.png,0.516474807104
BD_Baidu_486.png,0.777270063479
BD_Bing_013.png,0.703467442681
BD_Bing_04.png,0.720110653493
BD_Bing_042.png,0.846590500749
BD_Bing_068.png,1.058112947130
BD_Bing_080.png,0.898759329928
BD_Bing_084.png,1.194228969588
BD_Bing_091.png,0.741587514886
BD_Bing_096.png,0.969662419299
BD_Bing_097.png,0.752096075454
BD_Bing_18.png,0.730058942156
BD_Bing_195.png,1.138749674998
BD_Bing_216.png,0.364770780506
BD_Bing_23.png,0.720745745498
BD_Bing_231.png,0.792889733644
BD_Bing_232.png,0.360048709501
BD_Bing_237.png,0.977130475608
BD_Bing_26.png,0.672750479369
BD_Bing_302.png,1.067540166816
BD_Bing_303.png,1.061234422967
BD_Bing_308.png,0.831820345370
BD_Bing_331.png,0.403852575829
BD_Bing_358.png,0.468923575700
BD_Bing_393.png,0.514977074427
BD_Bing_420.png,0.426974072840
BD_Bing_423.png,0.734795252643
BD_Bing_463.png,0.297516694917
BD_Bing_479.png,0.319828084706
BD_Bing_484.png,0.628536571333
BD_Bing_49.png,0.475191556750
BD_Bing_515.png,0.542655436694
BD_Bing_549.png,0.655336996876
BD_Bing_606.png,0.714288753023
BD_Bing_609.png,0.416857037617
BD_Bing_634.png,0.329783768266
BD_Bing_643.png,1.469638731098
BD_Bing_655.png,0.239627840553
BD_Bing_660.png,0.346773372886
BD_Bing_664.png,0.450878610047
BD_Bing_695.png,0.491986669127
BD_Bing_732.png,0.839493527947
BD_Bing_74.png,0.391928341590
BD_Bing_742.png,1.781666963113
BD_Bing_763.png,0.345846529393
BD_Bing_789.png,0.865307765909
BD_Bing_802.png,0.805573607583
BD_Google_00.png,0.306980101529
BD_Google_054.png,0.699394537903
BD_Google_098.png,1.173467166927
BD_Google_126.png,0.723438160786
BD_Google_129.png,1.692987347291
BD_Google_249.png,0.737574728786
BD_Google_253.png,0.399357546952
BD_Google_329.png,0.557021222846
BD_Google_343.png,0.324257339832
BD_Google_357.png,0.379622068759
BD_Google_360.png,0.502051221912
BD_Google_368.png,1.600632336763
BD_Google_372.png,0.374784349033
BD_Google_378.png,0.557426084674
BD_Google_380.png,0.202659858532
BD_Google_381.png,0.320618581046
BD_Google_396.png,0.693889989421
BD_Google_397.png,0.647339005284
BD_Google_421.png,0.527830054056
BD_Google_428.png,1.071423476245
BD_Google_435.png,0.572894368781
BD_Google_443.png,1.128607733221
BD_Google_466.png,0.739095458491
BD_Google_501.png,0.510167582364
BD_Google_569.png,0.652003463808
BD_Google_598.png,0.475518213706
BJ_Baidu_015.png,0.622122838950
BJ_Baidu_02.png,0.511194439318
BJ_Baidu_029.png,0.550141115579
BJ_Baidu_04.png,0.255869771774
BJ_Baidu_045.png,1.447215875352
BJ_Baidu_066.png,0.511427467333
BJ_Baidu_069.png,0.472741387991
BJ_Baidu_071.png,0.746476933744
BJ_Baidu_072.png,0.509360914503
BJ_Baidu_077.png,0.536770760896
BJ_Baidu_080.png,0.810488064188
BJ_Baidu_082.png,0.652413965696
BJ_Baidu_093.png,0.644235765209
BJ_Baidu_095.png,0.581851965316
BJ_Baidu_1023.png,0.503462058282
BJ_Baidu_1035.png,0.231105254973
BJ_Baidu_1039.png,0.425079081700
BJ_Baidu_1081.png,0.651565009698
BJ_Baidu_1086.png,0.250008253807
BJ_Baidu_1090.png,0.694948757748
BJ_Baidu_1099.png,0.222327369492
BJ_Baidu_1132.png,0.576647947191
BJ_Baidu_1153.png,0.588858041069
BJ_Baidu_1158.png,0.270776094479
BJ_Baidu_1167.png,0.649648908813
BJ_Baidu_1168.png,0.483103514530
BJ_Baidu_1170.png,0.528829869262
BJ_Baidu_118.png,0.935091404087
BJ_Baidu_1184.png,0.398963539121
BJ_Baidu_1191.png,0.541038601332
BJ_Baidu_1194.png,0.319308098183
BJ_Baidu_1202.png,0.729245865776
BJ_Baidu_1213.png,0.584050290673
BJ_Baidu_126.png,0.915760575250
BJ_Baidu_1269.png,1.035382903399
BJ_Baidu_132.png,0.655374396442
BJ_Baidu_138.png,0.576653566635
BJ_Baidu_144.png,0.617796560731
BJ_Baidu_153.png,0.800133746882
BJ_Baidu_156.png,0.624122870947
BJ_Baidu_157.png,0.549967026177
BJ_Baidu_164.png,1.356278453659
BJ_Baidu_165.png,0.609467699366
BJ_Baidu_168.png,1.190052147903
BJ_Baidu_171.png,0.769388524403
BJ_Baidu_173.png,0.431129562651
BJ_Baidu_181.png,0.510207593872
BJ_Baidu_183.png,0.509497896538
BJ_Baidu_192.png,1.013988108736
BJ_Baidu_199.png,0.885512133708
BJ_Baidu_202.png,0.538188201491
BJ_Baidu_207.png,0.853781952457
BJ_Baidu_21.png,0.998162303566
BJ_Baidu_212.png,0.933925468544
BJ_Baidu_217.png,0.593438899844
BJ_Baidu_220.png,0.273753651164
BJ_Baidu_221.png,0.811734614086
BJ_Baidu_232.png,0.773766965814
BJ_Baidu_248.png,1.619848544576
BJ_Baidu_260.png,0.616843108695
BJ_Baidu_275.png,0.294460504426
BJ_Baidu_279.png,1.591761905118
BJ_Baidu_284.png,0.686869229452
BJ_Baidu_287.png,0.489186438921
BJ_Baidu_290.png,1.157385944263
BJ_Baidu_309.png,0.361208436825
BJ_Baidu_320.png,0.956907512316
BJ_Baidu_333.png,0.732992532037
BJ_Baidu_363.png,0.734575636013
BJ_Baidu_384.png,1.010697447201
BJ_Baidu_40.png,0.495489195914
BJ_Baidu_41.png,0.297991161763
BJ_Baidu_421.png,0.415581684805
BJ_Baidu_427.png,1.114722922684
BJ_Baidu_443.png,0.390369449192
BJ_Baidu_447.png,0.850076552520
BJ_Baidu_450.png,0.559772379297
BJ_Baidu_459.png,1.009806495847
BJ_Baidu_474.png,0.444908687246
BJ_Baidu_476.png,0.742448719270
BJ_Baidu_478.png,0.459970238152
BJ_Baidu_485.png,0.287639658138
BJ_Baidu_487.png,0.526162568714
BJ_Baidu_491.png,0.443812554459
BJ_Baidu_512.png,0.261104582859
BJ_Baidu_528.png,0.716971804858
BJ_Baidu_535.png,0.974186936238
BJ_Baidu_536.png,0.556056238018
BJ_Baidu_559.png,0.725886172132
BJ_Baidu_571.png,0.604142860336
BJ_Baidu_575.png,0.747047250211
BJ_Baidu_576.png,0.758475173901
BJ_Baidu_589.png,0.810134585735
BJ_Baidu_590.png,0.539986749838
BJ_Baidu_597.png,0.652067483603
BJ_Baidu_613.png,0.467797535934
BJ_Baidu_633.png,0.447262111234
BJ_Baidu_653.png,0.780329452442
BJ_Baidu_657.png,0.344328632920
BJ_Baidu_672.png,0.431278262445
BJ_Baidu_683.png,1.213639265319
BJ_Baidu_684.png,0.380327325261
BJ_Baidu_698.png,0.731982719967
BJ_Baidu_704.png,0.872744674825
BJ_Baidu_719.png,0.382075999550
BJ_Baidu_720.png,0.465084885697
BJ_Baidu_748.png,0.270606719205
BJ_Baidu_754.png,0.449340406169
BJ_Baidu_773.png,0.569145761227
BJ_Baidu_78.png,0.516416999222
BJ_Baidu_800.png,0.527120819755
BJ_Baidu_831.png,0.759153522255
BJ_Baidu_832.png,0.629212337926
BJ_Baidu_842.png,0.802171406317
BJ_Baidu_873.png,0.474953910895
BJ_Baidu_891.png,0.406622350829
BJ_Baidu_903.png,0.421298988263
BJ_Baidu_904.png,1.692955523349
BJ_Baidu_909.png,0.417481290868
BJ_Baidu_917.png,0.220890840743
BJ_Baidu_960.png,0.420419610798
BJ_Baidu_966.png,0.350710906574
BJ_Baidu_972.png,0.277791435104
BJ_Baidu_996.png,0.231109935061
BJ_Bing_014.png,0.599749356838
BJ_Bing_031.png,1.055343443939
BJ_Bing_059.png,0.563728994027
BJ_Bing_060.png,0.330515529226
BJ_Bing_064.png,0.751690800640
BJ_Bing_066.png,1.754820704779
BJ_Bing_076.png,0.568904940838
BJ_Bing_082.png,0.704459791399
BJ_Bing_085.png,0.928738462398
BJ_Bing_087.png,0.334478862788
BJ_Bing_102.png,0.382847407440
BJ_Bing_104.png,0.561196978728
BJ_Bing_105.png,0.840583578987
BJ_Bing_116.png,0.578731884940
BJ_Bing_124.png,0.459601317266
BJ_Bing_131.png,0.373227282198
BJ_Bing_134.png,1.014621921122
BJ_Bing_137.png,0.579937544368
BJ_Bing_145.png,0.296024714710
BJ_Bing_150.png,0.948837604858
BJ_Bing_157.png,1.007343298664
BJ_Bing_164.png,0.706068147929
BJ_Bing_174.png,0.403174026826
BJ_Bing_185.png,0.410402916844
BJ_Bing_190.png,0.905476018985
BJ_Bing_192.png,1.296507495716
BJ_Bing_195.png,0.387036652483
BJ_Bing_206.png,0.730977325512
BJ_Bing_213.png,0.556810582501
BJ_Bing_214.png,1.928422725557
BJ_Bing_217.png,0.301886050277
BJ_Bing_224.png,0.499562542322
BJ_Bing_236.png,0.630508329349
BJ_Bing_261.png,0.390206074751
BJ_Bing_266.png,0.698906695130
BJ_Bing_271.png,0.650881686588
BJ_Bing_272.png,1.435804865545
BJ_Bing_284.png,0.295321046839
BJ_Bing_319.png,0.774566367967
BJ_Bing_337.png,0.476636346809
BJ_Bing_344.png,1.228892170769
BJ_Bing_381.png,0.552587248501
BJ_Bing_385.png,1.560339212044
BJ_Bing_392.png,0.605129386172
BJ_Bing_406.png,0.328180132389
BJ_Bing_418.png,0.246502528619
BJ_Bing_419.png,0.928208317068
BJ_Bing_427.png,0.459705233914
BJ_Bing_429.png,0.331107110440
BJ_Bing_433.png,0.293624631281
BJ_Bing_446.png,0.621762583661
BJ_Bing_455.png,1.065023294170
BJ_Bing_461.png,0.442567075183
BJ_Bing_471.png,0.499679075796
BJ_Bing_485.png,0.727344421461
BJ_Bing_494.png,0.683972837654
BJ_Bing_499.png,0.527385065166
BJ_Bing_504.png,0.712685514936
BJ_Bing_507.png,0.444458595981
BJ_Bing_523.png,0.584827887785
BJ_Bing_529.png,1.250792506247
BJ_Bing_544.png,1.078095271986
BJ_Bing_575.png,0.822389454490
BJ_Bing_576.png,0.733885520577
BJ_Bing_607.png,0.772036174512
BJ_Bing_613.png,0.490237906003
BJ_Bing_617.png,0.537568611719
BJ_Bing_630.png,0.740166792675
BJ_Bing_651.png,0.823508222317
BJ_Bing_660.png,1.100644589630
BJ_Bing_669.png,0.655487160288
BJ_Bing_672.png,1.052971216911
BJ_Bing_682.png,0.963534278718
BJ_Bing_696.png,0.391069919169
BJ_Bing_698.png,0.263099596811
BJ_Bing_699.png,0.415006280487
BJ_Bing_701.png,0.390778095843
BJ_Bing_706.png,0.658512675132
BJ_Bing_718.png,0.841024737156
BJ_Bing_719.png,1.139995529116
BJ_Bing_727.png,0.452955680724
BJ_Bing_738.png,0.528312223665
BJ_Bing_759.png,0.600977963505
BJ_Bing_760.png,0.431361509240
BJ_Google_002.png,0.611186937267
BJ_Google_014.png,0.592174740523
BJ_Google_022.png,0.543180413813
BJ_Google_024.png,0.879174377017
BJ_Google_038.png,0.749260534188
BJ_Google_053.png,0.780661195199
BJ_Google_087.png,0.412303410378
BJ_Google_088.png,0.697026770250
BJ_Google_093.png,0.537468501897
BJ_Google_098.png,0.440924764632
BJ_Google_116.png,0.704771747010
BJ_Google_132.png,0.721729764507
BJ_Google_144.png,0.866566380242
BJ_Google_15.png,0.757822298953
BJ_Google_162.png,0.893207502092
BJ_Google_165.png,0.828938548054
BJ_Google_166.png,0.359025802723
BJ_Google_172.png,0.576768125739
BJ_Google_178.png,0.844974480173
BJ_Google_19.png,0.804540759548
BJ_Google_203.png,0.416042630449
BJ_Google_211.png,0.789086436142
BJ_Google_216.png,0.393877139221
BJ_Google_22.png,0.347679962617
BJ_Google_222.png,1.542445954585
BJ_Google_24.png,0.568966970403
BJ_Google_254.png,1.126789738309
BJ_Google_261.png,0.605882012104
BJ_Google_269.png,1.226495757477
BJ_Google_274.png,0.806175219648
BJ_Google_282.png,0.541344945533
BJ_Google_287.png,1.173524876152
BJ_Google_288.png,1.447913906545
BJ_Google_293.png,1.192758750051
BJ_Google_296.png,1.244570330253
BJ_Google_303.png,0.457535434143
BJ_Google_309.png,0.361683950821
BJ_Google_310.png,0.416645720517
BJ_Google_326.png,1.307469461113
BJ_Google_33.png,1.577673336702
BJ_Google_331.png,1.797284747184
BJ_Google_334.png,0.676054071744
BJ_Google_342.png,0.883844438598
BJ_Google_347.png,0.750528781129
BJ_Google_357.png,1.202558012914
BJ_Google_359.png,0.753946751383
BJ_Google_374.png,0.559129381047
BJ_Google_389.png,0.698444094574
BJ_Google_400.png,0.472793060409
BJ_Google_401.png,0.727786228875
BJ_Google_408.png,0.280861385945
BJ_Google_409.png,0.859880634386
BJ_Google_412.png,0.930128581912
BJ_Google_418.png,0.368119408272
BJ_Google_429.png,0.621751999180
BJ_Google_436.png,0.719548760643
BJ_Google_44.png,1.079870873306
BJ_Google_446.png,0.531317185387
BJ_Google_447.png,0.412437522713
BJ_Google_454.png,0.328915743465
BJ_Google_455.png,1.371839527624
BJ_Google_457.png,0.461267071517
BJ_Google_460.png,0.825581643961
BJ_Google_471.png,0.395588797697
BJ_Google_472.png,0.651656763897
BJ_Google_478.png,0.641243492778
BJ_Google_49.png,0.719039605094
BJ_Google_500.png,0.886837617895
BJ_Google_508.png,0.233311342340
BJ_Google_515.png,0.902126050131
BJ_Google_522.png,0.407309449733
BJ_Google_525.png,1.048999858334
BJ_Google_535.png,0.530969209855
BJ_Google_551.png,0.520691438187
BJ_Google_560.png,0.512392869317
BJ_Google_567.png,1.159080519638
BJ_Google_571.png,1.175184992779
BJ_Google_576.png,0.759859978042
BJ_Google_579.png,0.766083790957
BJ_Google_593.png,0.677489850477
BJ_Google_595.png,0.470288495300
BJ_Google_603.png,0.719042795727
BJ_Google_605.png,0.765324011643
BJ_Google_608.png,0.697875345153
BJ_Google_613.png,0.784483883352
BJ_Google_620.png,0.609877564532
BJ_Google_631.png,0.812198343140
BJ_Google_635.png,0.693057372509
BJ_Google_637.png,0.597855607342
BL_Baidu_068.png,0.317806499703
BL_Baidu_069.png,1.106908927192
BL_Baidu_070.png,1.431518652640
BL_Baidu_074.png,0.773633322790
BL_Baidu_084.png,1.099403050964
BL_Baidu_087.png,0.642052669253
BL_Baidu_102.png,0.641670308979
BL_Baidu_103.png,0.249008200012
BL_Baidu_129.png,0.284420514985
BL_Baidu_134.png,0.538172401845
BL_Baidu_176.png,0.298070484445
BL_Baidu_213.png,0.789472677885
BL_Bing_020.png,0.855540504910
BL_Bing_075.png,0.734680643829
BL_Bing_092.png,0.997840506261
BL_Bing_122.png,0.426261843944
BL_Bing_126.png,0.464228894231
BL_Bing_128.png,0.551070008479
BL_Bing_134.png,0.696518107360
BL_Bing_186.png,0.278235956791
BL_Bing_193.png,0.378919118322
BL_Bing_273.png,0.877518242136
BL_Bing_314.png,0.740588309856
BL_Bing_350.png,0.660916407871
BL_Bing_430.png,0.599036174306
BL_Bing_446.png,0.448175558727
BL_Bing_591.png,0.467111229822
BL_Bing_627.png,0.324573560940
BL_Bing_743.png,0.717827409153
BL_Google_047.png,0.449464569521
BL_Google_065.png,0.270304838618
BL_Google_121.png,0.436210180099
BL_Google_127.png,0.983200594635
BL_Google_147.png,0.766191301777
BL_Google_173.png,0.734674418580
BL_Google_178.png,1.230187618779
BL_Google_199.png,0.396084810203
BL_Google_256.png,0.981882035833
BL_Google_339.png,1.368019460754
BL_Google_433.png,0.539897032685
BL_Google_440.png,0.267144777471
BL_Google_463.png,0.540383467339
BL_Google_528.png,0.672010269433
CC_Baidu_01.png,0.662575102560
CC_Baidu_011.png,0.412220881478
CC_Baidu_016.png,1.088895378930
CC_Baidu_017.png,1.034815033358
CC_Baidu_028.png,0.706508162589
CC_Baidu_039.png,1.094685936636
CC_Baidu_040.png,0.806277258226
CC_Baidu_042.png,1.222468459826
CC_Baidu_047.png,0.581590189452
CC_Baidu_055.png,1.816068680428
CC_Baidu_066.png,0.416275687745
CC_Baidu_075.png,0.776954982572
CC_Baidu_081.png,0.283899064873
CC_Baidu_083.png,0.564840190769
CC_Baidu_086.png,0.927953940777
CC_Baidu_091.png,1.110629381168
CC_Baidu_095.png,0.294811388271
CC_Baidu_102.png,0.738067131462
CC_Baidu_108.png,0.720958732402
CC_Baidu_11.png,0.530021700354
CC_Baidu_117.png,0.566819621012
CC_Baidu_12.png,0.471316984294
CC_Baidu_132.png,0.689412724698
CC_Baidu_137.png,0.657016837342
CC_Baidu_141.png,0.700517336317
CC_Baidu_142.png,0.615886096439
CC_Baidu_146.png,0.676114838942
CC_Baidu_147.png,1.203931485421
CC_Baidu_148.png,0.349286304957
CC_Baidu_150.png,0.523180417613
CC_Baidu_151.png,0.803106111502
CC_Baidu_153.png,0.403830673370
CC_Baidu_168.png,0.821842495706
CC_Baidu_169.png,0.593170492165
CC_Baidu_17.png,0.552545093021
CC_Baidu_174.png,0.749862663492
CC_Baidu_176.png,0.570205417887
CC_Baidu_179.png,0.332693482582
CC_Baidu_189.png,0.398214935418
CC_Baidu_19.png,1.090001030805
CC_Baidu_221.png,0.951495915610
CC_Baidu_226.png,0.887333211235
CC_Baidu_228.png,1.207236795673
CC_Baidu_229.png,1.205046483087
CC_Baidu_230.png,0.856510475626
CC_Baidu_233.png,0.813214370993
CC_Baidu_236.png,0.343270726545
CC_Baidu_237.png,0.703232248007
CC_Baidu_244.png,0.358681818513
CC_Baidu_254.png,0.425776564383
CC_Baidu_256.png,0.279283094511
CC_Baidu_286.png,0.592229040040
CC_Baidu_295.png,0.347393394192
CC_Baidu_296.png,0.714751482448
CC_Bing_001.png,1.950435013131
CC_Bing_003.png,0.360344542287
CC_Bing_004.png,0.804737914701
CC_Bing_020.png,0.326480296261
CC_Bing_022.png,0.291471351976
CC_Bing_027.png,0.618350275271
CC_Bing_046.png,0.986877640380
CC_Bing_052.png,0.953154295931
CC_Bing_062.png,0.532406344589
CC_Bing_070.png,0.160748154703
CC_Bing_081.png,1.039583373910
CC_Bing_11.png,0.399881300569
CC_Bing_112.png,0.625731117625
CC_Bing_125.png,0.381202291914
CC_Bing_134.png,0.668520073141
CC_Bing_195.png,0.576179060832
CC_Bing_204.png,0.754882208478
CC_Bing_218.png,0.994065140705
CC_Bing_223.png,0.587142365408
CC_Bing_242.png,0.899077972049
CC_Bing_26.png,0.282367075886
CC_Bing_275.png,1.183386354656
CC_Bing_283.png,0.807306005694
CC_Bing_290.png,0.369809968026
CC_Bing_309.png,0.762254805484
CC_Bing_327.png,0.440316588689
CC_Bing_336.png,0.918448589181
CC_Bing_356.png,0.453551777961
CC_Bing_357.png,0.317038586880
CC_Bing_371.png,0.573913430729
CC_Bing_375.png,0.409107991299
CC_Bing_384.png,0.583147151582
CC_Bing_390.png,0.577753507530
CC_Bing_409.png,0.518485651808
CC_Bing_434.png,0.682260078842
CC_Bing_436.png,1.050989549965
CC_Bing_441.png,1.081502566773
CC_Bing_452.png,0.346393424108
CC_Bing_486.png,0.959331640022
CC_Bing_510.png,1.122653372169
CC_Bing_512.png,1.122738016348
CC_Bing_523.png,0.427529495224
CC_Bing_524.png,0.846663816784
CC_Bing_547.png,0.515687897484
CC_Bing_548.png,1.606486056793
CC_Bing_572.png,0.727877881158
CC_Bing_573.png,0.716116701939
CC_Bing_587.png,0.387382249206
CC_Bing_633.png,0.775037081166
CC_Bing_637.png,0.556874305372
CC_Bing_653.png,0.472521069991
CC_Bing_666.png,0.492195744927
CC_Bing_668.png,0.538447476276
CC_Bing_683.png,0.589929244628
CC_Bing_689.png,0.448351442754
CC_Bing_694.png,0.683348032821
CC_Bing_725.png,1.301241950042
CC_Bing_731.png,0.496352932861
CC_Bing_750.png,0.714225844053
CC_Bing_758.png,0.680633130654
CC_Bing_836.png,1.239753389996
CC_Bing_837.png,0.460564456599
CC_Bing_875.png,0.902030861746
CC_Google_007.png,0.940218415771
CC_Google_015.png,1.081295775740
CC_Google_033.png,0.492202182957
CC_Google_038.png,0.466756977855
CC_Google_04.png,0.577059942658
CC_Google_041.png,1.488140706171
CC_Google_058.png,1.052454963918
CC_Google_07.png,0.304624835733
CC_Google_074.png,0.436336848746
CC_Google_089.png,0.603311033797
CD_Baidu_012.png,1.077234500828
CD_Baidu_013.png,0.547749627703
CD_Baidu_019.png,0.682293951655
CD_Baidu_025.png,1.152008587782
CD_Baidu_058.png,0.473137678964
CD_Baidu_077.png,1.282002178114
CD_Baidu_083.png,0.613075202639
CD_Baidu_095.png,0.519725776044
CD_Baidu_127.png,0.557400291949
CD_Baidu_137.png,0.973867398815
CD_Baidu_160.png,1.031089173937
CD_Baidu_169.png,0.545663535601
CD_Baidu_180.png,0.212866241886
CD_Baidu_183.png,0.731707841808
CD_Baidu_194.png,1.135740281027
CD_Baidu_195.png,0.902195440686
CD_Baidu_201.png,0.721676781678
CD_Baidu_214.png,0.565502094610
CD_Baidu_221.png,0.764316422206
CD_Baidu_225.png,1.078524529238
CD_Baidu_249.png,0.423041198933
CD_Baidu_255.png,1.123466365723
CD_Baidu_269.png,0.886913256635
CD_Baidu_308.png,0.754732546285
CD_Baidu_342.png,0.898644407515
CD_Baidu_352.png,1.053431466765
CD_Baidu_354.png,0.990427593031
CD_Baidu_422.png,0.417675348030
CD_Baidu_424.png,0.417803001783
CD_Baidu_427.png,0.393918155598
CD_Baidu_434.png,0.768222734406
CD_Baidu_450.png,0.676510494984
CD_Baidu_453.png,0.614013917416
CD_Baidu_47.png,0.847896014979
CD_Baidu_479.png,0.763542790268
CD_Baidu_489.png,1.003065603920
CD_Baidu_523.png,0.712201876968
CD_Bing_064.png,0.348375473336
CD_Bing_139.png,0.248001153983
CD_Bing_144.png,0.676101749750
CD_Bing_176.png,0.563146944969
CD_Bing_177.png,0.422661572014
CD_Bing_214.png,0.852674348755
CD_Bing_221.png,0.275914861731
CD_Bing_256.png,0.640445254872
CD_Bing_262.png,0.511137506464
CD_Bing_270.png,1.220679775205
CD_Bing_292.png,0.200231744823
CD_Bing_30.png,0.417925345161
CD_Bing_310.png,0.589872712215
CD_Bing_338.png,0.537784112407
CD_Bing_390.png,0.680863545528
CD_Bing_402.png,0.266852777104
CD_Bing_416.png,0.360806210114
CD_Bing_436.png,0.364812604325
CD_Bing_452.png,0.797986865922
CD_Bing_501.png,0.249015826740
CD_Bing_533.png,1.122037868432
CD_Bing_581.png,0.654601151477
CD_Bing_662.png,0.323509165924
CD_Bing_737.png,0.537746896952
CD_Bing_790.png,0.245365380720
CD_Bing_812.png,0.782129095989
CD_Google_04.png,0.471119920575
CD_Google_065.png,0.475431311734
CD_Google_078.png,0.899606761700
CD_Google_135.png,0.432262212524
CD_Google_158.png,0.961590747687
CD_Google_162.png,0.753652115084
CD_Google_180.png,0.460388050832
CD_Google_185.png,0.454093842469
CD_Google_199.png,0.303800706416
CD_Google_207.png,0.672141042195
CD_Google_239.png,0.858145303296
CD_Google_341.png,0.454133218838
CD_Google_367.png,0.888420055573
CD_Google_372.png,0.266007177454
CD_Google_518.png,0.530072669028
CD_Google_571.png,0.488485273741
CD_Google_609.png,1.094774990117
CD_Google_63.png,0.678774557729
CD_Google_630.png,0.610134392831
CD_Google_631.png,0.496034571702
CD_Google_643.png,0.568849697364
CQ_Baidu_062.png,0.513998455891
CQ_Baidu_147.png,0.549918937932
CQ_Baidu_190.png,0.551322138812
CQ_Baidu_199.png,1.430287928297
CQ_Baidu_273.png,0.542284644680
CQ_Baidu_286.png,0.400079742833
CQ_Baidu_291.png,0.717097629304
CQ_Baidu_316.png,0.373864595226
CQ_Baidu_327.png,0.258183567476
CQ_Baidu_345.png,0.973090332616
CQ_Baidu_373.png,1.155683966412
CQ_Bing_162.png,0.647732317724
CQ_Bing_190.png,0.655138404396
CQ_Bing_221.png,0.462145457198
CQ_Bing_318.png,0.338471062134
CQ_Bing_342.png,1.114847255920
CQ_Google_019.png,1.162014072620
CQ_Google_029.png,1.112326462211
CQ_Google_035.png,0.848052602169
CQ_Google_290.png,1.713046115075
CQ_Google_35.png,0.553744847522
CQ_Google_370.png,1.455606785361
CQ_Google_380.png,0.505308318319
CQ_Google_406.png,0.389521262579
CQ_Google_446.png,0.703714342884
CQ_Google_52.png,0.802648742708
CQ_Google_521.png,0.704128132634
CQ_Google_529.png,0.833242394371
CQ_Google_547.png,1.137312031712
CQ_Google_55.png,0.926373947430
CQ_Google_615.png,0.434178092975
CQ_Google_745.png,0.468401332223
CQ_Google_763.png,0.636852634407
DJ_Baidu_023.png,0.662476580459
DJ_Baidu_040.png,0.812020177578
DJ_Baidu_055.png,0.928057961817
DJ_Baidu_065.png,0.442581601183
DJ_Baidu_104.png,0.410834628590
DJ_Baidu_179.png,0.232155509946
DJ_Baidu_189.png,0.854575257070
DJ_Baidu_206.png,0.534010445253
DJ_Baidu_240.png,1.297940236886
DJ_Bing_007.png,0.853972036358
DJ_Bing_021.png,0.421881114652
DJ_Bing_121.png,0.455513624933
DJ_Bing_127.png,0.375122438362
DJ_Bing_148.png,0.498406888973
DJ_Bing_20.png,0.193307509866
DJ_Bing_259.png,0.393677294212
DJ_Bing_271.png,0.461804522821
DJ_Bing_283.png,0.877669247493
DJ_Bing_313.png,0.537822080849
DJ_Bing_321.png,0.387919062068
DJ_Bing_372.png,0.341823888276
DJ_Bing_555.png,0.321679344857
DJ_Bing_694.png,0.327869564854
DJ_Google_026.png,0.908177289992
DJ_Google_154.png,0.828623906942
DJ_Google_157.png,1.601976066283
DJ_Google_199.png,0.708697611776
DJ_Google_234.png,1.016902749361
DJ_Google_388.png,0.738787406666
DJ_Google_398.png,0.552020207538
DJ_Google_406.png,0.555458374523
DJ_Google_425.png,0.812210038806
DJ_Google_535.png,0.428545655019
DJ_Google_674.png,0.483305434763
FogDr_Bing_002.png,1.947778756487
FogDr_Bing_003.png,2.175762150558
FogDr_Bing_008.png,0.715700221477
FogDr_Bing_019.png,0.440976326214
FogDr_Bing_106.png,0.603309944586
FogDr_Bing_125.png,0.582054810912
FogDr_Bing_206.png,1.116305035314
FogDr_Bing_217.png,0.393749718584
FogDr_Bing_223.png,0.939801696206
FogDr_Bing_237.png,0.341567010535
FogDr_Bing_256.png,0.782818264806
FogDr_Bing_304.png,1.430115093170
FogDr_Bing_358.png,0.696199185755
FogDr_Bing_367.png,0.559999878892
FogDr_Bing_370.png,0.742606149913
FogDr_Bing_394.png,1.046600006892
FogDr_Bing_405.png,0.612619976527
FogDr_Bing_410.png,1.005556122156
FogDr_Bing_422.png,0.524849237408
FogDr_Bing_443.png,0.573202364224
FogDr_Bing_454.png,0.471721204482
FogDr_Bing_510.png,0.647559291825
FogDr_Bing_535.png,1.319881864064
FogDr_Bing_557.png,0.823176672358
FogDr_Bing_559.png,1.284554137235
FogDr_Bing_567.png,0.800837823251
FogDr_Bing_569.png,0.495161381575
FogDr_Bing_635.png,0.596574726929
FogDr_Bing_648.png,0.665199260497
FogDr_Bing_697.png,0.978815010917
FogDr_Google_003.png,0.472655413340
FogDr_Google_004.png,0.892354586282
FogDr_Google_013.png,0.376323758217
FogDr_Google_014.png,0.375804862756
FogDr_Google_018.png,0.959126750957
FogDr_Google_024.png,0.704402218194
FogDr_Google_025.png,0.733701498529
FogDr_Google_026.png,0.944974646291
FogDr_Google_031.png,1.910779168826
FogDr_Google_035.png,1.535845740556
FogDr_Google_036.png,0.485036912224
FogDr_Google_040.png,1.141989363135
FogDr_Google_045.png,1.729823187557
FogDr_Google_050.png,1.073741606501
FogDr_Google_054.png,0.524290576110
FogDr_Google_058.png,0.703882684292
FogDr_Google_062.png,1.317075324264
FogDr_Google_063.png,1.404177403358
FogDr_Google_066.png,0.839322684804
FogDr_Google_072.png,0.656044593977
FogDr_Google_073.png,0.592480241857
FogDr_Google_074.png,1.072513128337
FogDr_Google_076.png,0.311924332458
FogDr_Google_077.png,0.303234172272
FogDr_Google_080.png,0.422263692913
FogDr_Google_081.png,0.746750859743
FogDr_Google_085.png,0.782895772869
FogDr_Google_089.png,0.937746418480
FogDr_Google_096.png,1.189071932319
FogDr_Google_105.png,1.603842581388
FogDr_Google_116.png,0.451183635125
FogDr_Google_117.png,1.107891060921
FogDr_Google_118.png,0.562740267032
FogDr_Google_123.png,0.802152835476
FogDr_Google_128.png,0.662367977658
FogDr_Google_129.png,0.607521777934
FogDr_Google_133.png,1.567477766890
FogDr_Google_137.png,0.639820918977
FogDr_Google_139.png,1.042704110285
FogDr_Google_140.png,1.039799162209
FogDr_Google_141.png,1.127110959211
FogDr_Google_145.png,0.903793855184
FogDr_Google_150.png,1.129470372093
FogDr_Google_157.png,0.456339146832
FogDr_Google_160.png,1.463543860512
FogDr_Google_167.png,1.041178945174
FogDr_Google_170.png,0.481973458900
FogDr_Google_172.png,0.398303605290
FogDr_Google_175.png,0.249830610301
FogDr_Google_187.png,0.529292246877
FogDr_Google_189.png,0.860164907200
FogDr_Google_196.png,1.150711690339
FogDr_Google_214.png,0.565249983655
FogDr_Google_215.png,0.694149662981
FogDr_Google_222.png,0.779602623472
FogDr_Google_223.png,0.872682469836
FogDr_Google_238.png,0.569380955538
FogDr_Google_24.png,0.877663108625
FogDr_Google_246.png,0.868329372734
FogDr_Google_255.png,1.011508810445
FogDr_Google_257.png,0.966862602607
FogDr_Google_259.png,1.148909216071
FogDr_Google_261.png,1.319357722250
FogDr_Google_279.png,0.636365240856
FogDr_Google_293.png,0.836636787137
FogDr_Google_294.png,0.570920361695
FogDr_Google_306.png,0.590715502609
FogDr_Google_308.png,0.550910544553
FogDr_Google_311.png,0.961526137957
FogDr_Google_337.png,1.188972104322
FogDr_Google_348.png,0.694125102112
FogDr_Google_358.png,0.876519408630
FogDr_Google_362.png,1.499684998707
FogDr_Google_365.png,0.701701147520
FogDr_Google_367.png,0.608244415205
FogDr_Google_370.png,0.891774823639
FogDr_Google_375.png,1.183676247062
FogDr_Google_387.png,0.944357645387
FogDr_Google_392.png,0.370532886468
FogDr_Google_402.png,0.593093517948
FogDr_Google_405.png,0.553383884243
FogDr_Google_410.png,0.659649302846
FogDr_Google_415.png,0.493084692890
FogDr_Google_426.png,0.837303855834
FogDr_Google_429.png,0.473651984132
FogDr_Google_430.png,1.521706672759
FogDr_Google_431.png,1.018089582027
FogDr_Google_467.png,0.370033239815
FogDr_Google_470.png,0.690812522178
FogDr_Google_501.png,0.762198557302
FogDr_Google_509.png,0.642125268751
FogDr_Google_515.png,0.522229257071
FogDr_Google_519.png,0.613396192688
FogDr_Google_520.png,0.241135500356
FogDr_Google_538.png,0.549268365621
FogDr_Google_564.png,0.565308958597
FogDr_Google_569.png,0.438822655645
FogDr_Google_589.png,0.823152197076
FogDr_Google_590.png,0.609675467984
FogDr_Google_597.png,1.156271101667
FogDr_Google_599.png,0.807368559145
FogDr_Google_638.png,0.308420022679
FogDr_Google_651.png,0.413394413670
FogDr_Google_658.png,0.544131640014
FogDr_Google_669.png,0.542518979180
FogDr_Google_674.png,1.400118797138
FogDr_Google_678.png,0.990470710458
FogDr_Google_694.png,0.372117376324
FogDr_Google_700.png,0.623747136271
FogDr_Google_703.png,0.489618981525
FogDr_Google_706.png,1.646281890650
FogDr_Google_709.png,1.232226481262
FogDr_Google_713.png,0.333725561091
FogDr_Google_720.png,0.674915522555
FogDr_Google_721.png,0.740809585376
FogDr_Google_724.png,0.397862023188
FogDr_Google_744.png,0.719516072128
FogDr_Google_747.png,1.014734662602
FogDr_Google_756.png,0.539643597592
FogDr_Google_757.png,0.683681226472
FogDr_Google_765.png,0.732227016408
FogDr_Google_783.png,0.577764853167
FogDr_Google_785.png,1.028382635472
FogDr_Google_788.png,0.448075567565
FogDr_Google_791.png,1.062659257395
FogDr_Google_792.png,1.480473130616
FogDr_Google_794.png,0.818617426194
FogDr_Google_798.png,0.520414460595
FogDr_Google_799.png,1.464981145936
FogDr_Google_811.png,0.837032318104
GRCN_Google_098.png,0.700958584261
GRCN_Google_108.png,0.646582225981
GRCN_Google_152.png,0.535766421154
GRCN_Google_207.png,0.441468828594
GRCN_Google_297.png,0.530790603229
GRCN_Google_308.png,0.419954593403
GRCN_Google_330.png,0.534328356989
GRCN_Google_340.png,0.527620966928
GRCN_Google_346.png,0.339981792536
GRCN_Google_385.png,0.753830854112
GRCN_Google_482.png,0.494909552544
GRCN_Google_509.png,0.530994658911
GRCN_Google_517.png,1.581303857521
GRCN_Google_538.png,0.545495788278
GRCN_Google_601.png,0.762939664746
GRCN_Google_696.png,0.684753805767
GRCN_Google_698.png,0.286469113986
GRCN_Google_713.png,0.212992816122
GSGL_Baidu_003.png,0.536443924293
GSGL_Baidu_005.png,1.635430924815
GSGL_Baidu_006.png,1.170548639155
GSGL_Baidu_012.png,0.786002026688
GSGL_Baidu_016.png,1.290286539987
GSGL_Baidu_019.png,1.129035393099
GSGL_Baidu_020.png,0.786058205446
GSGL_Baidu_028.png,0.601134925110
GSGL_Baidu_029.png,0.692897477261
GSGL_Baidu_032.png,0.712241805655
GSGL_Baidu_035.png,0.298497059678
GSGL_Baidu_036.png,0.971138615396
GSGL_Baidu_037.png,1.203594604806
GSGL_Baidu_038.png,0.544968673808
GSGL_Baidu_045.png,0.613340402317
GSGL_Baidu_047.png,1.596803210583
GSGL_Baidu_048.png,1.122008710028
GSGL_Baidu_051.png,0.395322113008
GSGL_Baidu_052.png,0.577839732987
GSGL_Baidu_056.png,0.593578064524
GSGL_Baidu_058.png,0.364182764955
GSGL_Baidu_060.png,0.717998220113
GSGL_Baidu_065.png,0.283670669006
GSGL_Baidu_071.png,1.136941063675
GSGL_Baidu_072.png,1.217499966511
GSGL_Baidu_075.png,0.404202154617
GSGL_Baidu_076.png,1.024956331631
GSGL_Baidu_078.png,0.539022581596
GSGL_Baidu_079.png,0.352207447431
GSGL_Baidu_085.png,0.619293426378
GSGL_Baidu_09.png,0.356063818918
GSGL_Baidu_093.png,0.539879371739
GSGL_Baidu_094.png,0.707152018685
GSGL_Baidu_1002.png,0.626359387436
GSGL_Baidu_1011.png,0.550260176390
GSGL_Baidu_1016.png,0.252983330090
GSGL_Baidu_1021.png,0.460305507286
GSGL_Baidu_1027.png,0.494445735708
GSGL_Baidu_1028.png,1.126582016945
GSGL_Baidu_1029.png,0.729125862849
GSGL_Baidu_1034.png,0.821842342177
GSGL_Baidu_1035.png,0.265792837826
GSGL_Baidu_1038.png,1.072103192574
GSGL_Baidu_104.png,0.382610101574
GSGL_Baidu_1040.png,0.426113045886
GSGL_Baidu_1046.png,0.351390842722
GSGL_Baidu_1053.png,0.616027266085
GSGL_Baidu_1054.png,0.210474475803
GSGL_Baidu_1059.png,0.621242771362
GSGL_Baidu_1066.png,0.384179618029
GSGL_Baidu_1072.png,0.341805389792
GSGL_Baidu_1074.png,0.542514227589
GSGL_Baidu_1077.png,0.812723055134
GSGL_Baidu_1084.png,1.025744632845
GSGL_Baidu_1086.png,1.147058835751
GSGL_Baidu_1087.png,0.347929914775
GSGL_Baidu_1088.png,0.595404966327
GSGL_Baidu_1089.png,0.188427296880
GSGL_Baidu_1102.png,0.764386721952
GSGL_Baidu_1104.png,1.229037871334
GSGL_Baidu_1121.png,0.404323473308
GSGL_Baidu_1122.png,0.621103646791
GSGL_Baidu_113.png,0.834773651934
GSGL_Baidu_1135.png,0.272613123091
GSGL_Baidu_1136.png,0.195928813428
GSGL_Baidu_1138.png,1.052807458169
GSGL_Baidu_1139.png,0.627750306780
GSGL_Baidu_1142.png,0.828805547160
GSGL_Baidu_1145.png,0.282802540200
GSGL_Baidu_1149.png,0.786579260970
GSGL_Baidu_1155.png,0.578122557003
GSGL_Baidu_1156.png,0.631995401249
GSGL_Baidu_1158.png,0.290698852688
GSGL_Baidu_1163.png,0.329740530935
GSGL_Baidu_1167.png,0.454839111633
GSGL_Baidu_1170.png,0.357053805374
GSGL_Baidu_1171.png,0.608321364328
GSGL_Baidu_1176.png,0.982711115453
GSGL_Baidu_1177.png,0.365215567522
GSGL_Baidu_1190.png,1.312186332110
GSGL_Baidu_1191.png,1.342035253334
GSGL_Baidu_1210.png,0.860173583823
GSGL_Baidu_1216.png,0.921885067202
GSGL_Baidu_1220.png,0.360191826986
GSGL_Baidu_1232.png,1.535783134157
GSGL_Baidu_1241.png,0.585491623309
GSGL_Baidu_1249.png,0.349942715050
GSGL_Baidu_1251.png,0.710882663665
GSGL_Baidu_1257.png,0.984697813319
GSGL_Baidu_1259.png,0.486237507464
GSGL_Baidu_1263.png,0.440830645526
GSGL_Baidu_1270.png,0.609919568530
GSGL_Baidu_133.png,0.245672736669
GSGL_Baidu_144.png,0.571204805116
GSGL_Baidu_145.png,0.358190324595
GSGL_Baidu_147.png,0.820611422961
GSGL_Baidu_148.png,0.404895274666
GSGL_Baidu_149.png,0.433967346193
GSGL_Baidu_156.png,0.319037944584
GSGL_Baidu_163.png,0.317999549435
GSGL_Baidu_173.png,0.590387662892
GSGL_Baidu_175.png,0.964880024564
GSGL_Baidu_179.png,0.493558333459
GSGL_Baidu_187.png,0.242469214861
GSGL_Baidu_196.png,0.463715716088
GSGL_Baidu_198.png,0.759110421092
GSGL_Baidu_200.png,0.670492289134
GSGL_Baidu_207.png,1.020311362039
GSGL_Baidu_211.png,1.631953528298
GSGL_Baidu_217.png,0.957512948158
GSGL_Baidu_220.png,0.475223229200
GSGL_Baidu_226.png,0.900570297912
GSGL_Baidu_229.png,1.300027510985
GSGL_Baidu_23.png,0.760695261715
GSGL_Baidu_249.png,0.662228076066
GSGL_Baidu_253.png,0.338465476637
GSGL_Baidu_261.png,0.466264595347
GSGL_Baidu_266.png,0.562509396310
GSGL_Baidu_270.png,0.398463143578
GSGL_Baidu_273.png,1.051880024300
GSGL_Baidu_281.png,1.025767340935
GSGL_Baidu_282.png,1.107671040363
GSGL_Baidu_288.png,0.586253503130
GSGL_Baidu_296.png,0.908222230331
GSGL_Baidu_300.png,0.304822344425
GSGL_Baidu_304.png,1.160469914057
GSGL_Baidu_308.png,0.548574163307
GSGL_Baidu_329.png,0.960762623110
GSGL_Baidu_330.png,0.958916454697
GSGL_Baidu_335.png,0.744619875132
GSGL_Baidu_35.png,0.428743892827
GSGL_Baidu_360.png,0.578498305131
GSGL_Baidu_390.png,0.721514041202
GSGL_Baidu_394.png,0.301418040525
GSGL_Baidu_399.png,0.330443534739
GSGL_Baidu_407.png,1.002156255240
GSGL_Baidu_412.png,0.558040483961
GSGL_Baidu_418.png,0.824906407202
GSGL_Baidu_424.png,0.824667423057
GSGL_Baidu_427.png,0.591629809015
GSGL_Baidu_448.png,0.716351651412
GSGL_Baidu_456.png,0.554779901658
GSGL_Baidu_458.png,0.784788165186
GSGL_Baidu_464.png,1.070972436740
GSGL_Baidu_465.png,0.566534515925
GSGL_Baidu_474.png,0.694996428644
GSGL_Baidu_476.png,0.375622442772
GSGL_Baidu_478.png,0.302971271773
GSGL_Baidu_479.png,1.246951241298
GSGL_Baidu_484.png,0.321896016168
GSGL_Baidu_489.png,0.573853190753
GSGL_Baidu_490.png,0.399658090501
GSGL_Baidu_495.png,0.704270501551
GSGL_Baidu_501.png,0.641351343411
GSGL_Baidu_529.png,0.419391351432
GSGL_Baidu_537.png,0.359339256774
GSGL_Baidu_559.png,0.200456358086
GSGL_Baidu_567.png,1.471382830582
GSGL_Baidu_570.png,1.031353192932
GSGL_Baidu_587.png,0.775043716414
GSGL_Baidu_596.png,0.689607954959
GSGL_Baidu_602.png,0.526260780445
GSGL_Baidu_604.png,0.603752107124
GSGL_Baidu_607.png,0.367414326299
GSGL_Baidu_610.png,0.321491423704
GSGL_Baidu_616.png,0.799677434625
GSGL_Baidu_619.png,0.267528654841
GSGL_Baidu_622.png,0.492876202296
GSGL_Baidu_623.png,0.424382195907
GSGL_Baidu_625.png,0.352803065319
GSGL_Baidu_627.png,0.544609227141
GSGL_Baidu_636.png,0.897725948817
GSGL_Baidu_644.png,0.455575092742
GSGL_Baidu_653.png,0.316242172352
GSGL_Baidu_654.png,0.778887964951
GSGL_Baidu_656.png,2.082712677928
GSGL_Baidu_662.png,0.315112995516
GSGL_Baidu_663.png,0.610891071848
GSGL_Baidu_665.png,0.431905752263
GSGL_Baidu_669.png,0.420770149360
GSGL_Baidu_677.png,0.413914489209
GSGL_Baidu_683.png,0.554228363105
GSGL_Baidu_684.png,0.361407993491
GSGL_Baidu_687.png,1.611074167380
GSGL_Baidu_688.png,0.790347054600
GSGL_Baidu_713.png,0.312075886176
GSGL_Baidu_715.png,0.238369300808
GSGL_Baidu_719.png,1.688113335368
GSGL_Baidu_723.png,0.257026414754
GSGL_Baidu_726.png,0.532843423852
GSGL_Baidu_734.png,0.519565272395
GSGL_Baidu_743.png,1.129873600623
GSGL_Baidu_751.png,0.858100537161
GSGL_Baidu_768.png,0.923648631355
GSGL_Baidu_769.png,1.384287461437
GSGL_Baidu_780.png,1.006082787735
GSGL_Baidu_781.png,1.048639303706
GSGL_Baidu_788.png,0.343341790288
GSGL_Baidu_789.png,0.991275802961
GSGL_Baidu_799.png,1.767414174504
GSGL_Baidu_808.png,1.372818632260
GSGL_Baidu_816.png,0.655623760355
GSGL_Baidu_817.png,0.409761554694
GSGL_Baidu_825.png,0.861311666383
GSGL_Baidu_829.png,1.207985754261
GSGL_Baidu_830.png,0.746563519879
GSGL_Baidu_845.png,0.575830026254
GSGL_Baidu_848.png,0.708177589621
GSGL_Baidu_850.png,0.375334370366
GSGL_Baidu_852.png,1.015383614031
GSGL_Baidu_866.png,0.758071090514
GSGL_Baidu_870.png,0.476645311645
GSGL_Baidu_873.png,0.339903859905
GSGL_Baidu_879.png,0.579684352150
GSGL_Baidu_882.png,0.430550742747
GSGL_Baidu_886.png,0.304248022117
GSGL_Baidu_894.png,0.400177815032
GSGL_Baidu_896.png,0.475448817589
GSGL_Baidu_900.png,0.707925601985
GSGL_Baidu_905.png,0.955357662784
GSGL_Baidu_906.png,0.316128277950
GSGL_Baidu_955.png,0.705787881342
GSGL_Baidu_957.png,0.709387584019
GSGL_Baidu_976.png,1.349778686388
GSGL_Baidu_981.png,0.447225656720
GSGL_Bing_015.png,0.700627553764
GSGL_Bing_018.png,0.924799719422
GSGL_Bing_025.png,0.386311213498
GSGL_Bing_027.png,1.254034710981
GSGL_Bing_034.png,0.903264527875
GSGL_Bing_040.png,0.445001384294
GSGL_Bing_046.png,0.782024918273
GSGL_Bing_049.png,1.109355670948
GSGL_Bing_059.png,0.802260003775
GSGL_Bing_083.png,0.715395200992
GSGL_Bing_092.png,0.971852360432
GSGL_Bing_095.png,0.588875824458
GSGL_Bing_113.png,0.513200516822
GSGL_Bing_115.png,0.455530979866
GSGL_Bing_122.png,0.801656415297
GSGL_Bing_136.png,0.602083049178
GSGL_Bing_149.png,0.556530115605
GSGL_Bing_161.png,1.358416530137
GSGL_Bing_167.png,0.790816929527
GSGL_Bing_171.png,1.389648530423
GSGL_Bing_181.png,0.691041514269
GSGL_Bing_184.png,0.480940695633
GSGL_Bing_193.png,0.582188781361
GSGL_Bing_198.png,0.701471360597
GSGL_Bing_210.png,0.278478013120
GSGL_Bing_217.png,0.778633001088
GSGL_Bing_231.png,0.548773574051
GSGL_Bing_261.png,0.433235815630
GSGL_Bing_264.png,0.954707759256
GSGL_Bing_267.png,0.963002727075
GSGL_Bing_272.png,1.019434761869
GSGL_Bing_274.png,0.808015784772
GSGL_Bing_327.png,0.887067235552
GSGL_Bing_333.png,0.905808319569
GSGL_Bing_337.png,0.978921931215
GSGL_Bing_341.png,1.246244855936
GSGL_Bing_349.png,0.547739440539
GSGL_Bing_354.png,0.795079128814
GSGL_Bing_355.png,1.040771058865
GSGL_Bing_372.png,0.832511010025
GSGL_Bing_378.png,1.799327063901
GSGL_Bing_408.png,0.417140090015
GSGL_Bing_413.png,0.493261908703
GSGL_Bing_417.png,1.089968177970
GSGL_Bing_434.png,0.780439047921
GSGL_Bing_439.png,0.868586453193
GSGL_Bing_44.png,0.908913583876
GSGL_Bing_446.png,1.139022914957
GSGL_Bing_447.png,0.458728754669
GSGL_Bing_448.png,1.405662003034
GSGL_Bing_521.png,0.989712296506
GSGL_Bing_528.png,0.769276011729
GSGL_Bing_535.png,0.632214917927
GSGL_Bing_538.png,0.596581919884
GSGL_Bing_543.png,0.728208551034
GSGL_Bing_567.png,0.453506864636
GSGL_Bing_573.png,0.732913830378
GSGL_Bing_597.png,0.916115036907
GSGL_Bing_651.png,0.772650802321
GSGL_Bing_665.png,0.541289121951
GSGL_Bing_668.png,0.793196819201
GSGL_Bing_678.png,0.462405289665
GSGL_Bing_681.png,0.251962203920
GSGL_Bing_686.png,1.634427840114
GSGL_Bing_688.png,0.497153355435
GSGL_Bing_71.png,0.983511983950
GSGL_Bing_754.png,0.450225726452
GSGL_Bing_756.png,0.522765963780
GSGL_Bing_787.png,1.399361754272
GSGL_Bing_820.png,0.572729148420
GSGL_Google_004.png,0.936069645357
GSGL_Google_007.png,1.107383290217
GSGL_Google_009.png,1.193799999861
GSGL_Google_013.png,1.309958163595
GSGL_Google_05.png,0.871480128789
GSGL_Google_073.png,0.441660345995
GSGL_Google_095.png,0.665653559720
GSGL_Google_120.png,0.864226348666
GSGL_Google_121.png,0.758343971748
GSGL_Google_14.png,0.750546523580
GSGL_Google_149.png,0.669371929644
GSGL_Google_15.png,1.075231078944
GSGL_Google_152.png,0.538621532981
GSGL_Google_20.png,0.831884947093
GSGL_Google_218.png,0.443587809205
GSGL_Google_227.png,0.887915361435
GSGL_Google_263.png,0.789685757595
GSGL_Google_269.png,0.817075660668
GSGL_Google_328.png,0.694570648138
GSGL_Google_335.png,1.390458055576
GSGL_Google_347.png,0.686387748272
GSGL_Google_365.png,1.384593570622
GSGL_Google_366.png,0.900598790723
GSGL_Google_371.png,0.647792659631
GSGL_Google_382.png,0.878752285166
GSGL_Google_396.png,0.389030747791
GSGL_Google_402.png,0.623983901501
GSGL_Google_418.png,0.754163123161
GSGL_Google_427.png,1.102875649454
GSGL_Google_442.png,0.857097072793
GSGL_Google_461.png,0.753165987294
GSGL_Google_47.png,0.685425724661
GSGL_Google_474.png,0.726922964631
GSGL_Google_485.png,0.925008436685
GSGL_Google_49.png,0.790951455548
GSGL_Google_515.png,0.922884741112
GSGL_Google_587.png,0.523771306144
GSGL_Google_600.png,0.626049512577
GSGL_Google_605.png,1.060056003160
GSGL_Google_655.png,0.685739566755
GSGL_Google_663.png,0.926941860179
GSGL_Google_700.png,0.577601084982
GSGL_Google_708.png,1.047632034640
GSGL_Google_723.png,0.763926896292
HC_Bing_355.png,0.499488880198
HC_Bing_368.png,1.474232589334
HC_Bing_388.png,0.933853637610
HC_Bing_660.png,0.561812800311
HC_Google_339.png,0.537526002482
HC_Google_345.png,0.418589096360
HC_Google_361.png,0.487057553222
HC_Google_364.png,0.398408643055
HC_Google_432.png,0.425345696903
HC_Google_450.png,0.641349351832
HC_Google_465.png,0.522181097539
HC_Google_471.png,1.039756241694
HC_Google_524.png,0.393965004182
HC_Google_543.png,0.609833944711
HC_Google_613.png,0.216951563842
HC_Google_696.png,0.804563532385
HEB_Baidu_003.png,1.843039545434
HEB_Baidu_008.png,1.170832227665
HEB_Baidu_012.png,0.617957840110
HEB_Baidu_024.png,1.949189295235
HEB_Baidu_036.png,1.155805257380
HEB_Baidu_038.png,0.350091128670
HEB_Baidu_042.png,1.148797825263
HEB_Baidu_043.png,1.036468784856
HEB_Baidu_05.png,0.986653261476
HEB_Baidu_054.png,1.137863125411
HEB_Baidu_056.png,1.338852907494
HEB_Baidu_058.png,0.444840193458
HEB_Baidu_062.png,1.380694761305
HEB_Baidu_068.png,1.109327034589
HEB_Baidu_070.png,0.908255662020
HEB_Baidu_075.png,0.346001933388
HEB_Baidu_089.png,0.872228817457
HEB_Baidu_09.png,0.555342503976
HEB_Baidu_103.png,0.672342485193
HEB_Baidu_107.png,0.784856118229
HEB_Baidu_109.png,1.184507950388
HEB_Baidu_144.png,1.412943116218
HEB_Baidu_148.png,0.741101137782
HEB_Baidu_15.png,1.154291339246
HEB_Baidu_156.png,1.353157612936
HEB_Baidu_165.png,1.590078776490
HEB_Baidu_169.png,0.847153743308
HEB_Baidu_171.png,0.884334637681
HEB_Baidu_199.png,0.599712067663
HEB_Baidu_203.png,1.976784295080
HEB_Baidu_216.png,0.780870833164
HEB_Baidu_218.png,0.609263757747
HEB_Baidu_228.png,1.312843494783
HEB_Baidu_235.png,0.637938591975
HEB_Baidu_238.png,0.521771507768
HEB_Baidu_250.png,0.982458187892
HEB_Baidu_265.png,1.135906910312
HEB_Baidu_273.png,0.426436619065
HEB_Baidu_279.png,1.640856920092
HEB_Baidu_28.png,1.388608563268
HEB_Baidu_301.png,0.803009501195
HEB_Baidu_309.png,1.046849688313
HEB_Baidu_328.png,1.248738587684
HEB_Baidu_335.png,0.458083792491
HEB_Baidu_342.png,0.856024493046
HEB_Baidu_369.png,0.785902408356
HEB_Baidu_372.png,1.142977575395
HEB_Baidu_381.png,0.699428032100
HEB_Baidu_385.png,0.524092818497
HEB_Baidu_416.png,0.677775105864
HEB_Baidu_432.png,1.384332374561
HEB_Baidu_438.png,0.659645011561
HEB_Baidu_441.png,0.375785176706
HEB_Baidu_453.png,0.537953607227
HEB_Baidu_455.png,0.618457527976
HEB_Baidu_458.png,1.216131776986
HEB_Baidu_462.png,1.147615988950
HEB_Baidu_464.png,0.597070940851
HEB_Baidu_468.png,0.516882149127
HEB_Baidu_472.png,0.516691395757
HEB_Baidu_496.png,0.755410267265
HEB_Baidu_497.png,0.682458654487
HEB_Baidu_500.png,1.232007539952
HEB_Baidu_501.png,1.526012663718
HEB_Baidu_506.png,0.492517480390
HEB_Baidu_508.png,0.611789874265
HEB_Baidu_513.png,0.735348019364
HEB_Baidu_515.png,1.363031943944
HEB_Baidu_521.png,1.273683065817
HEB_Baidu_530.png,3.320338513660
HEB_Baidu_534.png,0.500006610901
HEB_Baidu_554.png,0.597408204996
HEB_Baidu_560.png,0.660531628662
HEB_Baidu_569.png,1.001715346538
HEB_Baidu_588.png,0.474656252830
HEB_Baidu_589.png,0.580362032878
HEB_Baidu_594.png,0.263754861815
HEB_Baidu_610.png,0.631353298512
HEB_Baidu_636.png,1.921758923195
HEB_Baidu_669.png,1.488468495767
HEB_Baidu_678.png,0.381685120274
HEB_Baidu_680.png,1.073416920794
HEB_Baidu_683.png,0.306319393908
HEB_Baidu_685.png,1.043297778124
HEB_Baidu_693.png,0.345991745287
HEB_Baidu_698.png,0.626130139547
HEB_Baidu_706.png,0.991868109059
HEB_Baidu_711.png,0.724994450615
HEB_Baidu_723.png,0.486777284582
HEB_Baidu_729.png,0.780431978938
HEB_Baidu_753.png,0.748615069440
HEB_Baidu_772.png,0.641199430521
HEB_Baidu_782.png,0.400563156831
HEB_Baidu_786.png,1.337784545377
HEB_Baidu_802.png,0.650443611240
HEB_Baidu_804.png,1.179437803940
HEB_Baidu_806.png,0.611664403706
HEB_Baidu_810.png,0.414326325058
HEB_Baidu_815.png,0.704684927172
HEB_Baidu_831.png,0.611934230282
HEB_Baidu_848.png,0.363803153202
HEB_Baidu_866.png,0.788559061908
HEB_Baidu_873.png,0.272605769904
HEB_Baidu_878.png,0.646072121595
HEB_Baidu_885.png,0.789885634008
HEB_Baidu_887.png,0.561400252898
HEB_Bing_005.png,1.450067513322
HEB_Bing_013.png,2.162596534259
HEB_Bing_027.png,0.464313395278
HEB_Bing_029.png,0.657821630900
HEB_Bing_034.png,1.873877548860
HEB_Bing_066.png,0.706660181760
HEB_Bing_094.png,0.427533202910
HEB_Bing_108.png,0.445429984896
HEB_Bing_110.png,0.715380015094
HEB_Bing_112.png,0.382569125000
HEB_Bing_120.png,0.763350612328
HEB_Bing_122.png,0.319306515084
HEB_Bing_129.png,1.224810318527
HEB_Bing_131.png,1.411252798557
HEB_Bing_135.png,0.556369400908
HEB_Bing_136.png,0.615747474137
HEB_Bing_137.png,0.852072573439
HEB_Bing_170.png,0.475167946444
HEB_Bing_181.png,0.636426785206
HEB_Bing_194.png,1.351772699880
HEB_Bing_205.png,1.682199618234
HEB_Bing_207.png,0.668703181858
HEB_Bing_217.png,0.754339164182
HEB_Bing_221.png,0.773880539588
HEB_Bing_232.png,0.499005559840
HEB_Bing_233.png,1.349722001213
HEB_Bing_237.png,2.015739448407
HEB_Bing_254.png,0.664151698419
HEB_Bing_269.png,0.593797956442
HEB_Bing_274.png,0.913743577291
HEB_Bing_303.png,0.810828008518
HEB_Bing_308.png,0.539788209946
HEB_Bing_320.png,0.863631826812
HEB_Bing_331.png,0.354851001007
HEB_Bing_340.png,0.245767712782
HEB_Bing_35.png,0.276926005032
HEB_Bing_365.png,0.443843051671
HEB_Bing_39.png,1.134822978447
HEB_Bing_396.png,0.369175578322
HEB_Bing_398.png,0.265915713446
HEB_Bing_403.png,0.446119869553
HEB_Bing_405.png,1.084071250567
HEB_Bing_414.png,1.031121020882
HEB_Bing_421.png,0.446352033421
HEB_Bing_437.png,0.669732268181
HEB_Bing_444.png,0.659701507548
HEB_Bing_452.png,0.856307600314
HEB_Bing_463.png,0.838160653489
HEB_Bing_465.png,0.481649696048
HEB_Bing_481.png,0.467233590759
HEB_Bing_490.png,0.573707769425
HEB_Bing_510.png,1.162301313614
HEB_Bing_511.png,0.278976539150
HEB_Bing_527.png,0.994226629911
HEB_Bing_532.png,0.970696416432
HEB_Bing_546.png,1.040157781594
HEB_Bing_548.png,1.022432920191
HEB_Bing_549.png,1.025270579898
HEB_Bing_550.png,0.696835871468
HEB_Bing_560.png,0.591287025156
HEB_Bing_587.png,0.498013685091
HEB_Bing_590.png,1.404201774282
HEB_Bing_599.png,0.591857593395
HEB_Bing_613.png,0.529778388909
HEB_Bing_653.png,0.339069437044
HEB_Bing_671.png,1.253368855667
HEB_Bing_688.png,1.158828124179
HEB_Google_014.png,0.601183780201
HEB_Google_030.png,1.469168936591
HEB_Google_043.png,0.437141705698
HEB_Google_056.png,0.473468946939
HEB_Google_057.png,0.275364833032
HEB_Google_102.png,0.773601441744
HEB_Google_125.png,0.364340701194
HEB_Google_128.png,1.145921014748
HEB_Google_137.png,0.432183260898
HEB_Google_139.png,0.814899587288
HEB_Google_154.png,0.719952625685
HEB_Google_16.png,0.690445199962
HEB_Google_171.png,0.869500238184
HEB_Google_189.png,0.518579328332
HEB_Google_193.png,0.694184839259
HEB_Google_197.png,0.730861549067
HEB_Google_200.png,0.923825697814
HEB_Google_202.png,0.447072017640
HEB_Google_22.png,0.503752318313
HEB_Google_257.png,0.566063353911
HEB_Google_258.png,0.357015594837
HEB_Google_262.png,0.424633939059
HEB_Google_272.png,0.925982173882
HEB_Google_282.png,0.435894560006
HEB_Google_305.png,0.821532416135
HEB_Google_315.png,0.419578289589
HEB_Google_334.png,1.394343044593
HEB_Google_351.png,0.580807799907
HEB_Google_376.png,1.092480897605
HEB_Google_378.png,1.181759340789
HEB_Google_391.png,0.399957284457
HEB_Google_398.png,0.352472300865
HEB_Google_399.png,0.280858809996
HEB_Google_425.png,0.553162557019
HEB_Google_442.png,0.776585184308
HEB_Google_471.png,1.762135480874
HEB_Google_477.png,0.953707839048
HEB_Google_483.png,0.651168474777
HEB_Google_518.png,0.868758521759
HEB_Google_547.png,0.629044262634
HEB_Google_550.png,0.332571849934
HEB_Google_556.png,0.323725269598
HEB_Google_558.png,0.845878436584
HEB_Google_563.png,0.432115057804
HEB_Google_564.png,0.507895471687
HEB_Google_573.png,0.228334215720
HEB_Google_582.png,1.373556293801
HEB_Google_591.png,0.240934246514
HEB_Google_593.png,0.436465828414
HEB_Google_599.png,0.471701436612
HEB_Google_609.png,0.856024900258
HEB_Google_615.png,0.789162590363
HEB_Google_618.png,0.489140561407
HEB_Google_640.png,0.590098055218
HEB_Google_644.png,1.731353848956
HEB_Google_651.png,0.542321574981
HEB_Google_657.png,0.379673461753
HEB_Google_664.png,0.817156090369
HF_Baidu_013.png,0.791864602963
HF_Baidu_017.png,1.182285994149
HF_Baidu_021.png,0.932854149214
HF_Baidu_043.png,0.735639096356
HF_Baidu_045.png,0.753245458223
HF_Baidu_053.png,0.627519336528
HF_Baidu_060.png,0.759779562228
HF_Baidu_081.png,1.405567182683
HF_Baidu_086.png,0.460669663467
HF_Baidu_102.png,0.530855516348
HF_Baidu_116.png,0.978160066150
HF_Baidu_121.png,0.725026033980
HF_Baidu_122.png,1.149779495485
HF_Baidu_124.png,0.656083810583
HF_Baidu_128.png,0.797570338336
HF_Baidu_130.png,1.601625289872
HF_Baidu_133.png,0.521488718727
HF_Baidu_136.png,0.335132857238
HF_Baidu_146.png,0.738095730968
HF_Baidu_147.png,0.672780469031
HF_Baidu_148.png,1.054587991758
HF_Baidu_15.png,0.874242488774
HF_Baidu_154.png,0.248564611671
HF_Baidu_155.png,0.496383958305
HF_Baidu_156.png,0.516625194605
HF_Baidu_158.png,0.649093126998
HF_Baidu_170.png,0.909443089255
HF_Baidu_18.png,0.734845914632
HF_Baidu_202.png,1.128092642547
HF_Baidu_208.png,0.791250223060
HF_Baidu_209.png,1.163535377271
HF_Baidu_214.png,0.646833476770
HF_Baidu_219.png,1.010652389045
HF_Baidu_220.png,0.549904473181
HF_Baidu_228.png,0.325886201742
HF_Baidu_229.png,0.862295423546
HF_Baidu_243.png,0.794037909861
HF_Baidu_247.png,0.594954630863
HF_Baidu_253.png,0.619781652070
HF_Baidu_266.png,0.684108001513
HF_Baidu_290.png,0.521903329059
HF_Baidu_291.png,1.519764174422
HF_Baidu_296.png,0.494873518262
HF_Baidu_30.png,0.495406737795
HF_Baidu_305.png,1.021048711860
HF_Baidu_321.png,1.390042117775
HF_Baidu_341.png,0.650736100327
HF_Baidu_358.png,1.343621795212
HF_Baidu_368.png,0.250922179250
HF_Baidu_386.png,0.893175897696
HF_Baidu_420.png,0.825903095140
HF_Baidu_421.png,0.343133388575
HF_Baidu_441.png,0.482090429910
HF_Baidu_446.png,0.771000495084
HF_Baidu_454.png,1.280678828017
HF_Baidu_461.png,0.541705799927
HF_Baidu_499.png,0.291688188746
HF_Baidu_510.png,1.011547010032
HF_Bing_028.png,0.903516722066
HF_Bing_033.png,0.542680971377
HF_Bing_037.png,0.561705174553
HF_Bing_038.png,0.569506039253
HF_Bing_055.png,0.565891127478
HF_Bing_100.png,0.686596117520
HF_Bing_11.png,1.310603049042
HF_Bing_114.png,1.203205382310
HF_Bing_137.png,0.710601064268
HF_Bing_14.png,0.675286460939
HF_Bing_141.png,0.411565109877
HF_Bing_172.png,0.979541755322
HF_Bing_214.png,0.844017523645
HF_Bing_227.png,0.309224305252
HF_Bing_250.png,0.683466499325
HF_Bing_256.png,0.843110925144
HF_Bing_269.png,0.453350262914
HF_Bing_283.png,0.471053516242
HF_Bing_311.png,0.577962066080
HF_Bing_365.png,0.761783880968
HF_Bing_366.png,1.825672205936
HF_Bing_367.png,0.497152856800
HF_Bing_401.png,0.929283985184
HF_Bing_420.png,0.307539452827
HF_Bing_451.png,0.703589532677
HF_Bing_585.png,0.441603984477
HF_Bing_589.png,0.705236036100
HF_Bing_591.png,1.071050821036
HF_Bing_599.png,0.241988899919
HF_Bing_60.png,0.351951614246
HF_Bing_601.png,0.342946193039
HF_Bing_610.png,0.320699152149
HF_Bing_627.png,0.408003995925
HF_Bing_656.png,1.011292748024
HF_Bing_669.png,0.532303723722
HF_Bing_674.png,0.517183688019
HF_Bing_679.png,0.468514697242
HF_Bing_685.png,1.046321157412
HF_Bing_709.png,0.628805664593
HF_Bing_718.png,0.704093949533
HF_Bing_732.png,0.412759349725
HF_Bing_733.png,0.316231724182
HF_Bing_735.png,1.864491116285
HF_Bing_737.png,0.491057898096
HF_Bing_777.png,0.704234919444
HF_Bing_826.png,0.980299722591
HF_Bing_836.png,0.858632850911
HF_Bing_890.png,0.861255981912
HF_Google_016.png,0.696076974006
HF_Google_025.png,0.822109293212
HF_Google_027.png,1.017630415050
HF_Google_045.png,0.458985691800
HF_Google_047.png,0.641198124357
HF_Google_057.png,0.590177776868
HF_Google_085.png,0.819027580766
HF_Google_091.png,0.644096972021
HF_Google_094.png,0.519325746356
HF_Google_102.png,1.355458785345
HF_Google_103.png,0.766380016014
HF_Google_116.png,1.084153992933
HF_Google_121.png,0.857346910890
HF_Google_122.png,0.580370530926
HF_Google_133.png,1.412332850434
HF_Google_136.png,0.327148674709
HF_Google_142.png,0.508741768095
HF_Google_153.png,0.424600421863
HF_Google_160.png,0.948268918565
HF_Google_161.png,0.720265986957
HF_Google_177.png,1.192583524720
HF_Google_179.png,0.470552983878
HF_Google_193.png,0.811953988031
HF_Google_194.png,0.760623979976
HF_Google_231.png,0.634606368573
HF_Google_246.png,0.861935526643
HF_Google_272.png,0.473881040667
HF_Google_283.png,0.250217879429
HF_Google_312.png,0.398767438099
HF_Google_313.png,0.822706608156
HF_Google_328.png,0.792698903300
HF_Google_331.png,0.675971737748
HF_Google_337.png,0.363286804308
HF_Google_339.png,0.970312809797
HF_Google_340.png,1.215328200473
HF_Google_381.png,0.730487179516
HF_Google_396.png,0.474801727664
HF_Google_406.png,0.397123794996
HF_Google_427.png,0.452809510284
HF_Google_443.png,0.733108447327
HF_Google_447.png,0.857619680386
HF_Google_472.png,1.134959106930
HF_Google_501.png,0.619142997366
HF_Google_504.png,1.109133364220
HF_Google_511.png,1.327828848127
HF_Google_527.png,0.726496795684
HF_Google_531.png,1.061334023986
HF_Google_533.png,0.770560275285
HF_Google_556.png,0.430333827527
HF_Google_559.png,0.490222600669
HF_Google_570.png,0.940973671372
HF_Google_571.png,0.822178882465
HF_Google_576.png,0.426879546361
HF_Google_610.png,0.823252622396
HF_Google_623.png,1.002303067375
HF_Google_649.png,0.439800642015
HF_Google_665.png,0.970277427390
HF_Google_668.png,1.500045808788
HF_Google_677.png,1.116252384478
HF_Google_702.png,0.587555117494
HF_Google_725.png,0.894897533107
HF_Google_747.png,0.578407871076
HF_Google_759.png,0.906421064842
HF_Google_807.png,0.594998728781
HF_Google_860.png,0.417925937500
HF_Google_861.png,0.496522774515
HazeDr_Bing_178.png,0.672691390415
HazeDr_Bing_233.png,1.883011735099
HazeDr_Bing_252.png,0.527064017832
HazeDr_Bing_330.png,1.030228501712
HazeDr_Bing_337.png,0.767241717166
HazeDr_Bing_418.png,0.423802121946
HazeDr_Bing_453.png,0.812012585886
HazeDr_Bing_460.png,0.605160174970
HazeDr_Bing_549.png,0.634917693969
HazeDr_Bing_647.png,1.569659649582
HazeDr_Bing_655.png,0.733009703980
HazeDr_Bing_763.png,0.647255762324
HazeDr_Google_123.png,0.679471434324
HazeDr_Google_125.png,0.641540146810
HazeDr_Google_130.png,0.760775563209
HazeDr_Google_146.png,0.932499123468
HazeDr_Google_183.png,1.155222868398
HazeDr_Google_192.png,0.687402008959
HazeDr_Google_212.png,0.864827008729
HazeDr_Google_213.png,0.386357841842
HazeDr_Google_241.png,1.044126838155
HazeDr_Google_273.png,0.582659755701
HazeDr_Google_293.png,0.533617289719
HazeDr_Google_328.png,0.730804818551
HazeDr_Google_355.png,1.531628880865
HazeDr_Google_365.png,1.386593716861
HazeDr_Google_375.png,0.999673536343
HazeDr_Google_381.png,1.191888476713
HazeDr_Google_402.png,1.393091130168
HazeDr_Google_404.png,0.471147450791
HazeDr_Google_415.png,1.016302539382
HazeDr_Google_421.png,0.663135374400
HazeDr_Google_432.png,0.655332713464
HazeDr_Google_433.png,1.244598664788
HazeDr_Google_434.png,1.212959791059
HazeDr_Google_450.png,1.919025488773
HazeDr_Google_510.png,1.051075486878
HazeDr_Google_512.png,0.554314156720
HazeDr_Google_551.png,1.203506697142
HazeDr_Google_554.png,1.717090812440
HazeDr_Google_560.png,0.838226946436
HazeDr_Google_568.png,0.724664959319
HazeDr_Google_569.png,0.442902713115
HazeDr_Google_582.png,0.466718713827
HazeDr_Google_584.png,0.711331483776
HazeDr_Google_590.png,0.752956340312
HazeDr_Google_593.png,0.889113002564
HazeDr_Google_594.png,1.815038809163
HazeDr_Google_597.png,0.459773203020
HazeDr_Google_603.png,0.545594941721
HazeDr_Google_614.png,1.010900869689
HazeDr_Google_625.png,1.571651080488
HazeDr_Google_63.png,1.008878639826
HazeDr_Google_630.png,0.662754143512
HazeDr_Google_633.png,0.531692601615
HazeDr_Google_636.png,0.922158719677
HazeDr_Google_637.png,0.524943323248
HazeDr_Google_640.png,0.997984275404
HazeDr_Google_646.png,0.757857381224
HazeDr_Google_648.png,0.642387279358
HazeDr_Google_649.png,0.640152943540
HazeDr_Google_651.png,0.879710575563
HazeDr_Google_657.png,2.861410771540
HazeDr_Google_667.png,0.516313528893
HazeDr_Google_673.png,0.777502375331
HazeDr_Google_692.png,0.764196069697
HazeDr_Google_693.png,0.668920123323
HazeDr_Google_703.png,0.313540683932
HazeDr_Google_704.png,1.071066709313
HazeDr_Google_709.png,0.770944985295
HazeDr_Google_719.png,0.518784658417
HazeDr_Google_724.png,1.083823975508
HazeDr_Google_726.png,0.819974630722
HazeDr_Google_740.png,0.556472047319
HazeDr_Google_75.png,0.660882392964
HazeDr_Google_760.png,1.078649309811
HazeDr_Google_766.png,0.664895625447
HazeDr_Google_767.png,0.721200853686
HazeDr_Google_772.png,0.658677374320
HazeDr_Google_787.png,0.776571962221
HazeDr_Google_802.png,0.365953590013
HazeDr_Google_809.png,0.501624221801
HazeDr_Google_813.png,0.660130820280
HazeDr_Google_838.png,0.905128589421
HazeDr_Google_845.png,0.447641161593
HazyDr_Bing_089.png,0.247599501223
HazyDr_Bing_126.png,0.578794100037
HazyDr_Bing_132.png,0.492052474548
HazyDr_Bing_158.png,0.640404129400
HazyDr_Bing_194.png,0.919875834264
HazyDr_Bing_228.png,0.393402712546
HazyDr_Bing_296.png,0.414744936539
HazyDr_Bing_300.png,0.397850313343
HazyDr_Bing_320.png,0.943605455729
HazyDr_Bing_376.png,1.029248989036
HazyDr_Bing_420.png,1.104306215975
HazyDr_Bing_543.png,0.538205376379
HazyDr_Bing_557.png,0.163424524487
HazyDr_Bing_569.png,1.229679427473
HazyDr_Bing_780.png,0.392477569087
HazyDr_Bing_800.png,0.415759684219
HazyDr_Bing_820.png,0.414952789847
HazyDr_Google_054.png,0.652997727653
HazyDr_Google_057.png,0.643089656339
HazyDr_Google_059.png,0.599549312519
HazyDr_Google_060.png,1.214009321376
HazyDr_Google_118.png,1.289564406740
HazyDr_Google_138.png,0.399828748472
HazyDr_Google_140.png,0.829650620968
HazyDr_Google_153.png,1.505907604901
HazyDr_Google_165.png,0.570200681618
HazyDr_Google_185.png,0.760272000724
HazyDr_Google_188.png,0.698664371248
HazyDr_Google_240.png,0.441750264979
HazyDr_Google_277.png,0.801537799793
HazyDr_Google_289.png,0.912344479439
HazyDr_Google_298.png,0.695618801034
HazyDr_Google_324.png,0.946301534790
HazyDr_Google_359.png,0.560510805547
HazyDr_Google_384.png,0.411236144282
HazyDr_Google_475.png,0.671392510204
HazyDr_Google_476.png,0.990483123057
HazyDr_Google_602.png,0.357530888258
HazyDr_Google_622.png,0.386490132905
HazyDr_Google_647.png,0.391985467118
HazyDr_Google_678.png,0.879636926787
HazyDr_Google_753.png,0.627142833698
HazyDr_Google_798.png,0.430698974879
IRQ_Bing_005.png,0.211805107880
IRQ_Bing_007.png,0.357229760543
IRQ_Bing_017.png,0.520750720234
IRQ_Bing_018.png,0.217753279530
IRQ_Bing_078.png,0.497403128660
IRQ_Bing_101.png,0.487731413538
IRQ_Bing_113.png,0.540762351477
IRQ_Bing_146.png,0.638749299232
IRQ_Bing_228.png,1.385453252959
IRQ_Bing_250.png,0.560067937532
IRQ_Bing_257.png,0.188606776924
IRQ_Bing_263.png,0.890911313294
IRQ_Bing_29.png,0.175736467797
IRQ_Bing_399.png,0.222536500661
IRQ_Bing_460.png,0.520986377276
IRQ_Bing_516.png,0.562376703508
IRQ_Bing_674.png,0.248739681996
IRQ_Bing_775.png,0.501756924129
IRQ_Google_010.png,0.630125768922
IRQ_Google_027.png,1.066722192906
IRQ_Google_030.png,0.452401421406
IRQ_Google_077.png,0.778900142840
IRQ_Google_084.png,1.488662173200
IRQ_Google_109.png,0.658699660438
IRQ_Google_115.png,0.597435413829
IRQ_Google_121.png,0.353257115561
IRQ_Google_136.png,0.381872370188
IRQ_Google_147.png,0.723176939555
IRQ_Google_148.png,0.741849717051
IRQ_Google_161.png,0.994207757823
IRQ_Google_210.png,0.701794200540
IRQ_Google_211.png,0.930397707774
IRQ_Google_243.png,0.785105818819
IRQ_Google_250.png,0.755691734607
IRQ_Google_260.png,0.803787167475
IRQ_Google_314.png,0.812620701603
IRQ_Google_323.png,0.840996905787
IRQ_Google_327.png,0.686856420965
IRQ_Google_422.png,0.611356915748
IRQ_Google_46.png,0.669275410863
IRQ_Google_464.png,0.383721217812
IRQ_Google_468.png,1.042570834702
IRQ_Google_470.png,0.550118883682
IRQ_Google_476.png,0.428734072208
IRQ_Google_484.png,0.499272908908
IRQ_Google_490.png,0.459509365369
IRQ_Google_494.png,0.379956124083
IRQ_Google_495.png,0.776269344333
IRQ_Google_508.png,1.099184623375
IRQ_Google_510.png,0.490824736873
IRQ_Google_523.png,0.535488995245
IRQ_Google_525.png,0.427437344779
IRQ_Google_533.png,1.776343568582
IRQ_Google_540.png,0.634669767553
IRQ_Google_658.png,0.721763763081
JL_Baidu_000.png,0.619116877620
JL_Baidu_014.png,0.853142516517
JL_Baidu_016.png,0.912509166430
JL_Baidu_057.png,1.311785167233
JL_Baidu_089.png,0.506694178355
JL_Baidu_093.png,1.031803083220
JL_Baidu_110.png,0.583124401550
JL_Baidu_138.png,0.393079680185
JL_Baidu_145.png,0.821633964836
JL_Baidu_146.png,1.101434873822
JL_Baidu_150.png,0.311891520709
JL_Baidu_153.png,0.636687246362
JL_Baidu_198.png,0.461309590980
JL_Baidu_230.png,0.660861338606
JL_Baidu_231.png,1.075233629679
JL_Baidu_232.png,0.943888006564
JL_Bing_002.png,0.802512610746
JL_Bing_014.png,1.417138961495
JL_Bing_05.png,0.521905106738
JL_Bing_055.png,0.419924158634
JL_Bing_064.png,0.956822141431
JL_Bing_081.png,1.568871907531
JL_Bing_169.png,0.915886506495
JL_Bing_196.png,0.347075724149
JL_Bing_224.png,0.573009540459
JL_Bing_225.png,0.710482200062
JL_Bing_238.png,1.741757809581
JL_Bing_257.png,0.436564631633
JL_Bing_282.png,0.489204956198
JL_Bing_429.png,0.431834736500
JL_Bing_431.png,0.593981479548
JL_Bing_568.png,0.644469464148
JL_Bing_61.png,1.466645545882
JL_Bing_627.png,0.498410459043
JL_Bing_674.png,0.371347268893
JL_Bing_683.png,0.246046184985
JL_Bing_684.png,0.990617359388
JL_Bing_708.png,0.629012329103
JL_Bing_730.png,0.794110492311
JL_Bing_751.png,0.851694472211
JL_Bing_767.png,1.641238556684
JL_Bing_786.png,1.104302382693
JL_Bing_804.png,0.615996618323
JL_Google_011.png,0.927670801416
JL_Google_038.png,0.444987016274
JL_Google_095.png,0.654469949508
JL_Google_104.png,0.429453551075
JL_Google_115.png,0.913403895442
JL_Google_116.png,0.775477841647
JL_Google_137.png,0.263914667909
JL_Google_143.png,0.691331487549
JL_Google_145.png,1.499471718762
JL_Google_152.png,0.331567196058
JL_Google_177.png,0.336362654699
JL_Google_179.png,1.679538295629
JL_Google_227.png,0.181997936873
JL_Google_237.png,1.437210302432
JL_Google_24.png,0.268463698037
JL_Google_254.png,0.540412046126
JL_Google_255.png,0.507104918793
JL_Google_263.png,1.080612347732
JL_Google_288.png,0.602466451501
JL_Google_289.png,0.789593567928
JL_Google_290.png,0.545681053311
JL_Google_299.png,1.140437372211
JL_Google_327.png,0.443914040608
JL_Google_354.png,0.717214423429
JL_Google_397.png,0.948901897090
JL_Google_407.png,0.827160555391
JL_Google_412.png,0.520205422386
JL_Google_413.png,1.160154080151
JL_Google_421.png,0.602088991500
JL_Google_423.png,0.434312547098
JL_Google_463.png,0.368322592405
JL_Google_464.png,0.441535568033
JL_Google_497.png,0.866129263242
JL_Google_498.png,1.347138743734
JL_Google_502.png,1.322790434111
JL_Google_505.png,0.723297493520
JL_Google_538.png,0.774648447476
JL_Google_588.png,0.632431609223
JL_Google_589.png,1.122033648314
JL_Google_592.png,0.492083061315
JL_Google_595.png,0.779186075749
JL_Google_614.png,0.752726584809
JL_Google_620.png,0.995116738416
JL_Google_621.png,0.713079935688
JL_Google_627.png,1.220072230068
JL_Google_641.png,0.320861136167
JL_Google_66.png,0.906359387762
JL_Google_674.png,1.004559186114
JL_Google_713.png,0.463933926015
JL_Google_752.png,0.271000195104
JL_Google_753.png,0.204805610236
JL_Google_781.png,0.596801186463
KRO_Google_003.png,0.490006548667
KRO_Google_014.png,0.693741998736
KRO_Google_015.png,0.962090635237
KRO_Google_017.png,0.401204144072
KRO_Google_034.png,1.492201413875
KRO_Google_036.png,0.452967180689
KRO_Google_060.png,0.302620208634
KRO_Google_079.png,1.147884600429
KRO_Google_113.png,0.470514929583
KRO_Google_142.png,0.974633943586
KRO_Google_162.png,0.507134118225
KRO_Google_20.png,0.552765611914
KRO_Google_293.png,0.638102757248
KRO_Google_307.png,0.609490935695
KRO_Google_311.png,0.777110441978
KRO_Google_317.png,1.486081786513
KRO_Google_344.png,0.435734041693
KRO_Google_348.png,0.776468355226
KRO_Google_371.png,0.778401193331
KRO_Google_375.png,0.487671352535
KRO_Google_380.png,0.911225934630
KRO_Google_419.png,1.310405722844
KRO_Google_452.png,0.626844479375
KRO_Google_461.png,0.760907978940
KRO_Google_465.png,0.693407491018
KRO_Google_480.png,1.037013037495
KRO_Google_490.png,0.963963979834
KRO_Google_495.png,0.660355736933
KRO_Google_499.png,0.939895605595
KRO_Google_523.png,0.821654542299
KRO_Google_539.png,0.994738519044
KRO_Google_546.png,0.304451652426
KRO_Google_554.png,0.460598505831
KRO_Google_571.png,0.306764930731
KRO_Google_576.png,1.268712044098
KRO_Google_58.png,0.850037655769
KRO_Google_616.png,0.617069587774
LSJ_Baidu_065.png,0.651738567267
LSJ_Baidu_1078.png,0.716191126051
LSJ_Baidu_110.png,1.773048668371
LSJ_Baidu_1140.png,1.032979645327
LSJ_Baidu_1141.png,0.905966911787
LSJ_Baidu_1193.png,0.577699348662
LSJ_Baidu_1218.png,0.409481385362
LSJ_Baidu_1263.png,0.277104690274
LSJ_Baidu_165.png,1.218065480072
LSJ_Baidu_206.png,1.369013212788
LSJ_Baidu_240.png,1.380422254301
LSJ_Baidu_351.png,0.197485902987
LSJ_Baidu_518.png,1.459851714666
LSJ_Baidu_596.png,0.359973597094
LSJ_Baidu_670.png,0.159607141776
LSJ_Baidu_736.png,0.839187139462
LSJ_Baidu_810.png,1.425373364668
LSJ_Baidu_830.png,0.815699485048
LSJ_Baidu_869.png,0.821863836588
LSJ_Baidu_879.png,0.560370156408
LSJ_Baidu_882.png,0.499282991662
LSJ_Baidu_890.png,0.441244219064
LSJ_Baidu_900.png,0.959971731929
LSJ_Baidu_905.png,0.369540203116
LSJ_Baidu_946.png,0.445727022317
LSJ_Baidu_954.png,0.394711256842
LSJ_Baidu_975.png,0.757023940302
LSJ_Baidu_990.png,0.778467107755
LSJ_Baidu_999.png,0.822978517312
LSJ_Bing_095.png,0.794457326161
LSJ_Bing_130.png,0.482959742714
LSJ_Bing_150.png,0.705599740544
LSJ_Bing_197.png,0.333449984214
LSJ_Bing_226.png,0.411601918409
LSJ_Bing_234.png,0.723424275094
LSJ_Bing_267.png,0.890305804333
LSJ_Bing_313.png,0.880050054869
LSJ_Bing_381.png,0.457471702656
LSJ_Bing_453.png,0.361063466862
LSJ_Bing_523.png,0.483125568299
LSJ_Bing_552.png,1.350249862472
LSJ_Google_03.png,0.464235407707
LSJ_Google_232.png,0.406409520323
LSJ_Google_233.png,0.512693725061
LSJ_Google_260.png,0.320585174932
LZ_Baidu_059.png,0.567350042897
LZ_Baidu_094.png,0.854252343558
LZ_Baidu_121.png,0.998484293895
LZ_Baidu_130.png,0.597550165822
LZ_Baidu_159.png,0.369715972266
LZ_Baidu_173.png,0.434006600742
LZ_Baidu_175.png,0.493006949960
LZ_Baidu_182.png,0.295937346492
LZ_Baidu_194.png,0.916250146832
LZ_Baidu_204.png,0.448469562687
LZ_Baidu_221.png,0.362754129936
LZ_Baidu_230.png,1.118514591782
LZ_Bing_019.png,0.234321055870
LZ_Bing_030.png,0.488166581969
LZ_Bing_044.png,0.441721711144
LZ_Bing_060.png,0.407044235744
LZ_Bing_070.png,0.496354514184
LZ_Bing_081.png,0.380612604821
LZ_Bing_085.png,0.803001628935
LZ_Bing_088.png,0.243479160768
LZ_Bing_111.png,0.660667986669
LZ_Bing_15.png,0.554967284345
LZ_Bing_279.png,0.856297300437
LZ_Bing_287.png,0.575580040663
LZ_Bing_291.png,0.367180198733
LZ_Bing_313.png,1.551822277600
LZ_Bing_323.png,0.741245318695
LZ_Bing_332.png,0.883828098397
LZ_Bing_34.png,0.879389741470
LZ_Bing_349.png,1.104570421292
LZ_Bing_454.png,0.438861202380
LZ_Bing_573.png,0.721644137802
LZ_Bing_658.png,0.515674215603
LZ_Bing_813.png,0.609629337704
LZ_Bing_871.png,0.402372709183
LZ_Google_014.png,0.993718175821
LZ_Google_352.png,0.408430089043
LZ_Google_355.png,1.055149240069
LZ_Google_411.png,0.409528516339
LZ_Google_416.png,0.289733812382
LZ_Google_438.png,0.815680670269
MLS_Bing_019.png,0.332235037189
MLS_Bing_034.png,0.477260359880
MLS_Bing_036.png,1.710801103625
MLS_Bing_046.png,0.581077802487
MLS_Bing_068.png,0.504045881040
MLS_Bing_085.png,2.066134160370
MLS_Bing_095.png,0.696307166495
MLS_Bing_108.png,0.457385954162
MLS_Bing_115.png,0.305928304714
MLS_Bing_118.png,1.487149391380
MLS_Bing_123.png,0.363210918613
MLS_Bing_130.png,0.722904515467
MLS_Bing_132.png,0.465898159185
MLS_Bing_141.png,0.910142617609
MLS_Bing_168.png,0.579197833949
MLS_Bing_174.png,0.976131761066
MLS_Bing_176.png,0.463120977632
MLS_Bing_194.png,0.565412602678
MLS_Bing_200.png,0.500824632883
MLS_Bing_215.png,1.085860830899
MLS_Bing_242.png,0.524801479508
MLS_Bing_265.png,0.383302229624
MLS_Bing_326.png,0.885069260597
MLS_Bing_335.png,0.613981398311
MLS_Bing_343.png,0.475227599023
MLS_Bing_386.png,0.801035657015
MLS_Bing_388.png,0.339534539172
MLS_Bing_395.png,0.299792995136
MLS_Bing_432.png,0.890214875146
MLS_Bing_435.png,0.625037174833
MLS_Bing_456.png,0.379806232989
MLS_Bing_507.png,0.456796959257
MLS_Bing_517.png,0.757696194970
MLS_Bing_518.png,0.955658667865
MLS_Bing_550.png,0.634549642559
MLS_Bing_552.png,0.423872950943
MLS_Bing_594.png,0.352832809756
MLS_Bing_600.png,0.505659611381
MLS_Bing_637.png,0.890064238620
MLS_Bing_667.png,0.545254338151
MLS_Bing_686.png,0.553101751046
MLS_Bing_688.png,0.393084732646
MLS_Bing_711.png,0.733603409343
MLS_Bing_737.png,0.222344829000
MLS_Bing_747.png,0.526208624426
MLS_Bing_770.png,0.327162424760
MLS_Google_001.png,0.568439998180
MLS_Google_010.png,1.344927605167
MLS_Google_022.png,1.179491295397
MLS_Google_033.png,0.885025252141
MLS_Google_036.png,2.608980115869
MLS_Google_037.png,0.510315158045
MLS_Google_042.png,0.711238187821
MLS_Google_059.png,0.857722247084
MLS_Google_06.png,0.572909117829
MLS_Google_060.png,0.308747277124
MLS_Google_068.png,0.341983724102
MLS_Google_069.png,1.186019251062
MLS_Google_076.png,0.796360584387
MLS_Google_078.png,0.546406489117
MLS_Google_081.png,0.513491634018
MLS_Google_091.png,0.534462743550
MLS_Google_105.png,0.481982988963
MLS_Google_124.png,0.749950374128
MLS_Google_139.png,0.527623000036
MLS_Google_142.png,0.355709414849
MLS_Google_143.png,0.953502108670
MLS_Google_162.png,0.226524372415
MLS_Google_163.png,0.690748511374
MLS_Google_171.png,1.013528702799
MLS_Google_200.png,0.844857505118
MLS_Google_201.png,0.547695463380
MLS_Google_203.png,1.524607201626
MLS_Google_24.png,0.529127851816
MLS_Google_253.png,0.325951476793
MLS_Google_254.png,1.134425007410
MLS_Google_267.png,0.877045828742
MLS_Google_271.png,0.240091410555
MLS_Google_303.png,0.516832500881
MLS_Google_308.png,0.205136512419
MLS_Google_314.png,0.353416699470
MLS_Google_322.png,1.022309623484
MLS_Google_356.png,0.884533659026
MLS_Google_387.png,0.291052524713
MLS_Google_392.png,0.843384969745
MLS_Google_401.png,0.360600401984
MLS_Google_406.png,0.561034035382
MLS_Google_419.png,0.502776445324
MLS_Google_443.png,0.495170647561
MLS_Google_468.png,0.451024944186
MLS_Google_489.png,0.769993543748
MLS_Google_499.png,0.423340389866
MLS_Google_516.png,0.240467437341
MLS_Google_573.png,1.472789154310
MLS_Google_595.png,0.348037467967
MLS_Google_596.png,0.907630761727
MLS_Google_633.png,0.375906280516
MLS_Google_634.png,0.764108890479
MLS_Google_637.png,0.181378883484
MLS_Google_653.png,0.289299243353
MLS_Google_706.png,0.767174771061
MSK_Baidu_036.png,0.398069888561
MSK_Baidu_196.png,0.304387129952
MSK_Bing_035.png,0.974877038638
MSK_Bing_04.png,0.960713881774
MSK_Bing_044.png,1.001392541609
MSK_Bing_045.png,0.729892339075
MSK_Bing_047.png,0.862059124092
MSK_Bing_098.png,1.001111950544
MSK_Bing_100.png,0.392302815968
MSK_Bing_104.png,0.317355232596
MSK_Bing_119.png,0.630193708327
MSK_Bing_120.png,0.408428984798
MSK_Bing_128.png,0.991758780229
MSK_Bing_136.png,0.748342902118
MSK_Bing_160.png,0.246621096046
MSK_Bing_168.png,1.693059230812
MSK_Bing_191.png,0.393413192543
MSK_Bing_212.png,0.680769013365
MSK_Bing_227.png,0.535444949800
MSK_Bing_231.png,0.399074224096
MSK_Bing_255.png,0.388146184811
MSK_Bing_267.png,1.284714503009
MSK_Bing_293.png,0.653109112333
MSK_Bing_305.png,0.597120123880
MSK_Bing_314.png,0.291243087664
MSK_Bing_321.png,0.235959743224
MSK_Bing_327.png,0.573651600592
MSK_Bing_338.png,0.817074231494
MSK_Bing_352.png,0.308938361819
MSK_Bing_384.png,0.372376223030
MSK_Bing_422.png,1.056623123765
MSK_Bing_423.png,0.916397890212
MSK_Bing_442.png,1.045608260008
MSK_Bing_445.png,0.655658468989
MSK_Bing_556.png,0.262013374878
MSK_Bing_610.png,0.587358493405
MSK_Bing_612.png,0.342268510151
MSK_Bing_616.png,0.858952193531
NW_Bing_142.png,0.266924373424
NW_Bing_407.png,0.355602601974
NW_Google_035.png,0.672508772845
NW_Google_046.png,1.690881375301
NW_Google_055.png,0.677739559431
NW_Google_061.png,0.745016368378
NW_Google_110.png,0.290698715597
NW_Google_117.png,0.639260649726
NW_Google_125.png,0.524111193416
NW_Google_136.png,0.433954786865
NW_Google_142.png,0.624548829688
NW_Google_198.png,0.217003180488
NW_Google_204.png,0.684823295245
NW_Google_219.png,1.342063059299
NW_Google_221.png,1.128745690361
NW_Google_224.png,2.874840365503
NW_Google_242.png,0.557112638691
NW_Google_247.png,0.761999264355
NW_Google_397.png,0.644697768102
NW_Google_405.png,0.678763814154
NW_Google_603.png,0.904601856549
NW_Google_708.png,0.418649030066
NW_Google_722.png,1.097250013786
NW_Google_734.png,0.890170842731
NY_Baidu_073.png,0.514088986747
NY_Baidu_1036.png,0.378280539014
NY_Baidu_1051.png,0.371633411479
NY_Baidu_112.png,0.351473910026
NY_Baidu_138.png,0.431011241657
NY_Baidu_253.png,0.648299369745
NY_Baidu_316.png,0.785572177463
NY_Baidu_383.png,0.572307962922
NY_Baidu_486.png,0.608040259639
NY_Baidu_505.png,0.675274561611
NY_Baidu_538.png,0.534968757472
NY_Baidu_558.png,1.036962264126
NY_Baidu_562.png,0.753597338171
NY_Baidu_594.png,0.868967545634
NY_Baidu_649.png,0.539188408681
NY_Baidu_653.png,1.770734447032
NY_Baidu_657.png,0.769414575675
NY_Baidu_700.png,0.948983745050
NY_Baidu_726.png,0.491593691637
NY_Baidu_828.png,0.722113883370
NY_Bing_048.png,2.114605450001
NY_Bing_077.png,0.741812933377
NY_Bing_110.png,1.228422923011
NY_Bing_129.png,0.583392314897
NY_Bing_192.png,0.709221456656
NY_Bing_29.png,0.179187814623
NY_Bing_311.png,0.543407573237
NY_Bing_339.png,0.631481391239
NY_Bing_407.png,0.278209085188
NY_Bing_444.png,0.530914263752
NY_Google_023.png,0.522735627387
NY_Google_027.png,0.310158590802
NY_Google_111.png,0.708074283715
NY_Google_283.png,0.759464354538
NY_Google_450.png,0.894796843338
NZL_Bing_017.png,0.860633796592
NZL_Bing_053.png,0.434929579734
NZL_Bing_054.png,0.433643906293
NZL_Bing_157.png,0.383769659017
NZL_Bing_230.png,0.281753102997
NZL_Bing_359.png,0.388505791271
NZL_Bing_617.png,0.513921847867
NZL_Bing_707.png,0.385569586286
NZL_Google_003.png,0.432956801489
NZL_Google_012.png,0.499584314940
NZL_Google_032.png,0.936342487667
NZL_Google_064.png,0.949433436464
NZL_Google_121.png,0.660943733961
NZL_Google_164.png,0.951399122896
NZL_Google_179.png,0.437412970514
NZL_Google_196.png,0.871224772390
NZL_Google_209.png,0.279183984167
NZL_Google_240.png,0.684583974511
NZL_Google_247.png,0.394194135126
NZL_Google_275.png,0.432506187385
NZL_Google_277.png,0.874920202529
NZL_Google_280.png,0.950853234650
NZL_Google_294.png,1.792567253354
NZL_Google_327.png,0.935426157983
NZL_Google_357.png,0.389298977469
NZL_Google_371.png,1.489568504984
NZL_Google_394.png,2.289816949752
NZL_Google_416.png,0.541599055813
NZL_Google_425.png,0.588601787837
NZL_Google_446.png,1.012316998149
NZL_Google_447.png,0.883161985323
NZL_Google_458.png,0.633803570435
NZL_Google_459.png,0.964267845594
NZL_Google_463.png,0.930495742284
NZL_Google_464.png,0.462415921826
NZL_Google_473.png,0.774910829108
NZL_Google_474.png,0.909469663979
NZL_Google_512.png,0.464313724258
NZL_Google_565.png,0.369278622180
NZL_Google_576.png,0.693210086188
NZL_Google_609.png,0.471582883554
NZL_Google_635.png,0.887570799873
NZL_Google_676.png,0.343357286839
NZL_Google_711.png,0.670502720768
NZL_Google_735.png,0.692511753981
NZL_Google_768.png,0.656112184669
NZL_Google_791.png,0.800887024337
NZL_Google_831.png,0.942016203835
OLD_Google_021.png,0.627736041875
OLD_Google_038.png,0.793925517809
OLD_Google_049.png,1.149534957812
OLD_Google_071.png,2.623848036431
OLD_Google_157.png,0.343387036073
OLD_Google_158.png,0.649790513328
OLD_Google_192.png,0.287227243321
OLD_Google_216.png,0.499968568287
OLD_Google_244.png,0.527653126509
OLD_Google_317.png,0.939232187276
OLD_Google_344.png,0.561925459581
OLD_Google_417.png,1.071417206263
OLD_Google_452.png,0.868978377918
OLD_Google_474.png,0.684788239308
OLD_Google_605.png,0.614140396350
PL_Bing_046.png,0.401389311782
PL_Bing_114.png,0.743741637488
PL_Bing_244.png,0.491968498581
PL_Google_124.png,0.725847486829
PL_Google_148.png,0.424631225231
PL_Google_202.png,0.552123708113
PL_Google_225.png,0.449233829810
PL_Google_227.png,0.568594878518
PL_Google_313.png,1.144841226796
PL_Google_350.png,0.573728256675
PL_Google_368.png,0.958548963676
PL_Google_394.png,0.636373075734
PL_Google_467.png,0.377874804014
PL_Google_512.png,0.483305196898
PL_Google_527.png,0.741579220437
PL_Google_569.png,1.177116388338
PL_Google_635.png,0.228685897870
PL_Google_665.png,0.427557441921
PL_Google_753.png,0.475659549774
PL_Google_756.png,1.355398195198
PL_Google_839.png,0.547073713298
PL_Google_849.png,0.497097181127
PL_Google_913.png,0.613709457735
QC_Baidu_00.png,1.022291175187
QC_Baidu_002.png,0.836921649995
QC_Baidu_003.png,0.900830403060
QC_Baidu_004.png,0.538080629165
QC_Baidu_01.png,0.953394303585
QC_Baidu_012.png,0.641100418203
QC_Baidu_014.png,0.977124778093
QC_Baidu_017.png,0.760054559511
QC_Baidu_024.png,0.408277028623
QC_Baidu_028.png,0.924002775544
QC_Baidu_030.png,0.672235980072
QC_Baidu_031.png,0.803605157531
QC_Baidu_035.png,1.053457107435
QC_Baidu_043.png,1.164629228113
QC_Baidu_049.png,0.760791837640
QC_Baidu_050.png,0.367227165821
QC_Baidu_080.png,0.655730851875
QC_Baidu_092.png,0.713898304992
QC_Baidu_233.png,0.610204117605
QC_Baidu_242.png,2.569398230578
QC_Baidu_289.png,0.477282262536
QC_Baidu_313.png,1.314628440370
QC_Baidu_33.png,1.558077906921
QC_Baidu_334.png,0.583453655033
QC_Baidu_345.png,0.798279725459
QC_Baidu_348.png,0.872292614657
QC_Baidu_350.png,0.450373068766
QC_Baidu_367.png,0.728340767114
QC_Baidu_368.png,0.796089055296
QC_Baidu_375.png,0.441498612205
QC_Baidu_421.png,0.448324634023
QC_Baidu_525.png,0.528742415697
QC_Baidu_526.png,0.761628392020
QC_Baidu_536.png,0.516464159430
QC_Baidu_544.png,0.600591785540
QC_Baidu_565.png,0.318375905149
QC_Baidu_572.png,0.400095622228
QC_Bing_003.png,0.430951678570
QC_Bing_209.png,0.514402846589
QC_Bing_235.png,0.610808506678
QC_Bing_236.png,0.257330476755
QC_Bing_247.png,0.727580744127
QC_Bing_251.png,0.947823794352
QC_Bing_266.png,0.694820656785
QC_Bing_304.png,1.102381555513
QC_Bing_312.png,1.375726186493
QC_Bing_34.png,1.093174153242
QC_Bing_380.png,0.749465704839
QC_Bing_445.png,0.392914681794
QC_Bing_454.png,0.698646436222
QC_Bing_502.png,0.753665696036
QC_Bing_515.png,0.407997251522
QC_Bing_528.png,0.686328145738
QC_Bing_555.png,0.735181068909
QC_Bing_564.png,0.287693531136
QC_Bing_589.png,0.813317875971
QC_Bing_602.png,0.782057853336
QC_Bing_618.png,0.796565762705
QC_Bing_794.png,0.834441878283
QC_Bing_812.png,0.835553058435
QC_Bing_857.png,0.477989161702
QC_Bing_867.png,0.250892938265
QC_Bing_938.png,0.934569944198
QC_Google_002.png,0.670227349292
QC_Google_004.png,0.658489730765
QC_Google_168.png,0.987488543596
QC_Google_223.png,0.590155627477
QC_Google_257.png,0.572337396074
QC_Google_314.png,0.653105954101
QC_Google_324.png,0.292429430931
QC_Google_372.png,0.783077475494
QC_Google_432.png,1.146711401293
QC_Google_474.png,0.456840278267
QC_Google_520.png,1.132000177276
QC_Google_541.png,0.549656086947
QC_Google_644.png,0.860366386254
QC_Google_650.png,0.587096180470
QC_Google_802.png,0.931326088483
QD_Baidu_017.png,0.723582717951
QD_Baidu_021.png,0.855139139282
QD_Baidu_036.png,0.983628368293
QD_Baidu_065.png,1.719939677733
QD_Baidu_071.png,0.993447789633
QD_Baidu_087.png,0.944070328969
QD_Baidu_088.png,0.757704645121
QD_Baidu_091.png,0.754518875132
QD_Baidu_098.png,0.713103699855
QD_Baidu_111.png,0.441924040603
QD_Baidu_118.png,0.825268709026
QD_Baidu_13.png,0.653629998708
QD_Baidu_131.png,1.123195445966
QD_Baidu_133.png,1.323867861355
QD_Baidu_134.png,0.565662055780
QD_Baidu_139.png,0.439495821299
QD_Baidu_146.png,0.385893019796
QD_Baidu_149.png,0.550969466232
QD_Baidu_169.png,0.539135927899
QD_Baidu_181.png,0.581190087995
QD_Baidu_182.png,0.779012091769
QD_Baidu_192.png,0.674180924420
QD_Baidu_245.png,2.015014335516
QD_Baidu_249.png,0.541910362520
QD_Baidu_260.png,0.356780103123
QD_Baidu_274.png,0.398043721122
QD_Baidu_280.png,0.577631946213
QD_Baidu_282.png,0.946956183266
QD_Baidu_291.png,1.002246190338
QD_Baidu_294.png,0.393480268056
QD_Baidu_302.png,1.971676035348
QD_Bing_051.png,0.719914557252
QD_Bing_075.png,0.356073947680
QD_Bing_101.png,0.588344374397
QD_Bing_109.png,0.877851187917
QD_Bing_110.png,0.552455398109
QD_Bing_112.png,0.525058464791
QD_Bing_114.png,0.403676228535
QD_Bing_119.png,0.522124979694
QD_Bing_120.png,0.689138892335
QD_Bing_124.png,0.747645363026
QD_Bing_143.png,0.703950358384
QD_Bing_144.png,0.778743615566
QD_Bing_165.png,0.456959618327
QD_Bing_174.png,0.854705918867
QD_Bing_179.png,0.335447374637
QD_Bing_192.png,1.476265045727
QD_Bing_200.png,1.070269748594
QD_Bing_271.png,1.687112660385
QD_Bing_313.png,0.429776479576
QD_Bing_351.png,0.435629776321
QD_Bing_416.png,0.388785666676
QD_Bing_439.png,0.188520998590
QD_Bing_500.png,0.583806786265
QD_Bing_516.png,0.749251337676
QD_Bing_525.png,0.446027947695
QD_Bing_533.png,0.340089983986
QD_Bing_635.png,0.808435166181
QD_Bing_742.png,0.557352137581
QD_Bing_824.png,0.272556768010
QD_Bing_849.png,0.310292616922
QD_Bing_850.png,0.400124270692
QD_Bing_851.png,0.167270858565
QD_Bing_857.png,0.531975942686
QD_Bing_860.png,0.706378365730
QD_Bing_870.png,0.643459368634
QD_Bing_871.png,0.931443380618
QD_Bing_873.png,0.309176472359
QD_Bing_878.png,0.378767222328
QD_Google_019.png,0.785761309268
QD_Google_043.png,0.552189874610
QD_Google_045.png,0.767478806683
QD_Google_073.png,0.516931848758
QD_Google_080.png,0.270460190563
QD_Google_095.png,0.282186979657
SFC_Bing_300.png,0.911832621317
SFC_Bing_448.png,0.201406724967
SFC_Google_069.png,0.314397270049
SFC_Google_165.png,0.821897596717
SFC_Google_178.png,0.691452794155
SFC_Google_182.png,1.046246229351
SFC_Google_197.png,0.694744019424
SFC_Google_20.png,0.410674457873
SFC_Google_206.png,0.563535456488
SFC_Google_209.png,0.664959626965
SFC_Google_225.png,0.492266576475
SFC_Google_285.png,0.557420518994
SFC_Google_305.png,0.546115230749
SFC_Google_332.png,1.011278398906
SFC_Google_409.png,0.819058066249
SFC_Google_426.png,0.463879276319
SFC_Google_462.png,1.147177831662
SFC_Google_473.png,0.860085846113
SFC_Google_474.png,0.864760027296
SFC_Google_481.png,0.928960648154
SFC_Google_486.png,2.023054814055
SFC_Google_531.png,0.641009373752
SFC_Google_668.png,0.840002910512
SFC_Google_672.png,1.227843016350
SFC_Google_679.png,0.400869114381
SFC_Google_703.png,0.970260276106
SGP_Bing_018.png,0.637285818926
SGP_Bing_019.png,0.462366336187
SGP_Bing_027.png,0.329269497759
SGP_Bing_035.png,0.769245525881
SGP_Bing_041.png,0.644676668406
SGP_Bing_052.png,0.590197729594
SGP_Bing_072.png,0.751726245614
SGP_Bing_078.png,0.537888413115
SGP_Bing_080.png,0.391072420224
SGP_Bing_082.png,0.495137962231
SGP_Bing_083.png,0.412929729011
SGP_Bing_090.png,0.810160097541
SGP_Bing_092.png,0.388876097140
SGP_Bing_097.png,0.518622916078
SGP_Bing_103.png,0.285383645363
SGP_Bing_109.png,0.320178463507
SGP_Bing_116.png,0.450187232328
SGP_Bing_120.png,0.678180229455
SGP_Bing_125.png,0.329008922674
SGP_Bing_141.png,0.850987953954
SGP_Bing_148.png,0.264855627329
SGP_Bing_167.png,0.553695053408
SGP_Bing_171.png,0.520417898262
SGP_Bing_179.png,0.465937760337
SGP_Bing_181.png,0.654304627046
SGP_Bing_191.png,0.845421434690
SGP_Bing_192.png,0.472672412085
SGP_Bing_196.png,0.889020571066
SGP_Bing_209.png,0.285662256559
SGP_Bing_225.png,2.595487627658
SGP_Bing_231.png,0.450263325852
SGP_Bing_264.png,1.041270259718
SGP_Bing_286.png,0.690498701952
SGP_Bing_295.png,0.981949075452
SGP_Bing_309.png,0.269608432998
SGP_Bing_414.png,0.394927576318
SGP_Bing_421.png,0.799742317949
SGP_Bing_445.png,0.371736337019
SGP_Bing_538.png,0.646081093573
SGP_Bing_551.png,1.344607090403
SGP_Bing_557.png,0.586814057447
SGP_Bing_562.png,0.747247117704
SGP_Bing_566.png,0.668773842365
SGP_Bing_572.png,0.545096489645
SGP_Bing_58.png,0.403725051011
SGP_Bing_583.png,0.645189714681
SGP_Bing_623.png,0.301720698228
SGP_Bing_628.png,0.395096049193
SGP_Bing_684.png,0.852761122149
SGP_Bing_695.png,0.350548841960
SGP_Bing_723.png,0.687016889166
SGP_Bing_727.png,0.448434503642
SGP_Google_002.png,1.546479797725
SGP_Google_015.png,0.944277484368
SGP_Google_024.png,1.332786057137
SGP_Google_067.png,0.708030152907
SGP_Google_073.png,0.662780683088
SGP_Google_075.png,0.765219979082
SGP_Google_080.png,0.523620218379
SGP_Google_092.png,0.576764534783
SGP_Google_109.png,0.951269052295
SGP_Google_117.png,0.578468187681
SGP_Google_119.png,1.108139669408
SGP_Google_127.png,0.823501989991
SGP_Google_161.png,1.121637113493
SGP_Google_170.png,0.712737126266
SGP_Google_21.png,0.367449446431
SGP_Google_213.png,0.636904416717
SGP_Google_214.png,0.320338557085
SGP_Google_223.png,0.842520540159
SGP_Google_244.png,0.705200043118
SGP_Google_263.png,0.524366765572
SGP_Google_329.png,0.453132470242
SGP_Google_345.png,0.776784967843
SGP_Google_389.png,0.306725776073
SGP_Google_414.png,0.547114142436
SGP_Google_419.png,0.412658329915
SGP_Google_421.png,0.709786503691
SGP_Google_429.png,0.592537687595
SGP_Google_433.png,0.745109648483
SGP_Google_441.png,0.334928275963
SGP_Google_450.png,0.267633067688
SGP_Google_451.png,0.783795518386
SGP_Google_460.png,0.638278961864
SGP_Google_461.png,0.641962683363
SGP_Google_518.png,0.654131854517
SGP_Google_558.png,0.797842518166
SGP_Google_564.png,0.837026848599
SH_Baidu_01.png,1.381091160663
SH_Baidu_011.png,2.364006975762
SH_Baidu_032.png,1.994862438285
SH_Baidu_040.png,1.436838065102
SH_Baidu_059.png,1.230539975849
SH_Baidu_086.png,0.721995472314
SH_Baidu_088.png,0.656645616027
SH_Baidu_099.png,0.798624393693
SH_Baidu_112.png,1.212715383680
SH_Baidu_126.png,1.638814173704
SH_Baidu_146.png,0.319697470293
SH_Baidu_150.png,0.723882528617
SH_Baidu_161.png,1.285793160523
SH_Baidu_169.png,0.673906741418
SH_Baidu_179.png,0.426859459277
SH_Baidu_188.png,0.801946202731
SH_Baidu_226.png,1.068804881885
SH_Baidu_251.png,0.716675706164
SH_Baidu_252.png,0.791266227641
SH_Bing_121.png,0.778595640763
SH_Bing_123.png,0.519094261542
SH_Bing_139.png,0.393097226312
SH_Bing_156.png,0.899679615305
SH_Bing_203.png,0.207398277503
SH_Bing_228.png,0.783484489547
SH_Bing_252.png,0.881482382467
SH_Bing_274.png,2.501742306729
SH_Bing_279.png,0.494095868073
SH_Bing_297.png,0.533901769427
SH_Bing_352.png,1.225900372962
SH_Bing_353.png,0.415922443432
SH_Bing_44.png,0.301341607342
SH_Bing_453.png,0.621011556486
SH_Bing_455.png,0.419019201956
SH_Bing_465.png,0.326991970032
SH_Bing_503.png,0.352252420162
SH_Bing_523.png,1.090207839752
SH_Bing_548.png,0.570276586890
SH_Bing_554.png,0.951572583159
SH_Bing_721.png,0.511295668833
SH_Bing_765.png,0.868217083705
SH_Google_075.png,1.527890246926
SH_Google_130.png,0.788001026194
SH_Google_139.png,0.418710029084
SH_Google_161.png,1.496191429584
SH_Google_267.png,1.469722453395
SH_Google_298.png,1.317633037929
SH_Google_302.png,0.944334714675
SH_Google_353.png,0.270181692278
SH_Google_383.png,0.407092612737
SH_Google_411.png,0.539939756715
SH_Google_413.png,1.283912605500
SH_Google_418.png,1.071241442614
SH_Google_470.png,0.387796249664
SH_Google_477.png,0.733619892507
SH_Google_516.png,0.672159220569
SH_Google_53.png,0.202220686758
SJZ_Baidu_003.png,0.711162804067
SJZ_Baidu_011.png,0.712127225253
SJZ_Baidu_017.png,0.735538416508
SJZ_Baidu_023.png,0.467604658842
SJZ_Baidu_024.png,0.569756887163
SJZ_Baidu_029.png,0.551184294070
SJZ_Baidu_040.png,2.001420284405
SJZ_Baidu_042.png,0.929404700981
SJZ_Baidu_068.png,0.667982967768
SJZ_Baidu_075.png,0.672742612367
SJZ_Baidu_088.png,1.232457295108
SJZ_Baidu_097.png,0.788430005684
SJZ_Baidu_099.png,1.062483558935
SJZ_Baidu_1074.png,0.250248266041
SJZ_Baidu_1110.png,0.456556292968
SJZ_Baidu_1114.png,0.337510041584
SJZ_Baidu_114.png,0.246401875861
SJZ_Baidu_116.png,0.741350061255
SJZ_Baidu_118.png,0.512660709632
SJZ_Baidu_1195.png,0.292863636936
SJZ_Baidu_120.png,0.537066375010
SJZ_Baidu_1218.png,0.643714835003
SJZ_Baidu_1231.png,0.355857502260
SJZ_Baidu_125.png,0.187289287748
SJZ_Baidu_127.png,1.163718023432
SJZ_Baidu_133.png,0.454213284943
SJZ_Baidu_134.png,0.628686711629
SJZ_Baidu_137.png,1.460097626991
SJZ_Baidu_147.png,0.436597389971
SJZ_Baidu_151.png,0.715674051891
SJZ_Baidu_159.png,0.743011401742
SJZ_Baidu_164.png,0.414012977119
SJZ_Baidu_172.png,0.368967357466
SJZ_Baidu_177.png,0.755237310493
SJZ_Baidu_184.png,0.953672900393
SJZ_Baidu_203.png,1.329330565864
SJZ_Baidu_209.png,0.791725508003
SJZ_Baidu_223.png,0.731175570818
SJZ_Baidu_224.png,0.819680504683
SJZ_Baidu_225.png,0.406244086048
SJZ_Baidu_240.png,0.538297537610
SJZ_Baidu_243.png,0.753656016759
SJZ_Baidu_244.png,0.768835980815
SJZ_Baidu_249.png,1.258866421793
SJZ_Baidu_267.png,1.054093790158
SJZ_Baidu_286.png,0.974559926639
SJZ_Baidu_305.png,0.820498408477
SJZ_Baidu_332.png,0.481193380737
SJZ_Baidu_333.png,0.479337549461
SJZ_Baidu_381.png,1.322382363332
SJZ_Baidu_397.png,0.455708131847
SJZ_Baidu_406.png,0.926227091584
SJZ_Baidu_418.png,0.635177080258
SJZ_Baidu_420.png,0.611026352227
SJZ_Baidu_421.png,0.684687640049
SJZ_Baidu_451.png,0.796268003363
SJZ_Baidu_475.png,0.789546039508
SJZ_Baidu_491.png,0.487526041774
SJZ_Baidu_550.png,0.590413487914
SJZ_Baidu_570.png,0.264087296157
SJZ_Baidu_575.png,0.799968799731
SJZ_Baidu_593.png,0.734396587539
SJZ_Baidu_620.png,0.736872568151
SJZ_Baidu_688.png,0.641085589070
SJZ_Baidu_716.png,0.215886382966
SJZ_Baidu_730.png,0.557518602480
SJZ_Baidu_771.png,0.735816824713
SJZ_Baidu_772.png,0.519820157753
SJZ_Baidu_774.png,0.486592073896
SJZ_Baidu_787.png,0.241967305118
SJZ_Baidu_790.png,0.254246230933
SJZ_Baidu_84.png,0.630952601867
SJZ_Baidu_870.png,0.412754525355
SJZ_Baidu_891.png,0.298295523634
SJZ_Baidu_892.png,0.383564976084
SJZ_Baidu_897.png,1.198170456624
SJZ_Baidu_910.png,0.382278822885
SJZ_Baidu_924.png,0.289292713374
SJZ_Baidu_935.png,0.397351792864
SJZ_Baidu_956.png,0.289400054654
SJZ_Baidu_994.png,0.482735577172
SJZ_Bing_009.png,1.094090644464
SJZ_Bing_025.png,1.016597048480
SJZ_Bing_036.png,0.557575241783
SJZ_Bing_061.png,0.682122513620
SJZ_Bing_062.png,0.725664397203
SJZ_Bing_082.png,0.387316380765
SJZ_Bing_085.png,1.044695961134
SJZ_Bing_125.png,0.540968931468
SJZ_Bing_146.png,1.175125082461
SJZ_Bing_181.png,0.382781445700
SJZ_Bing_189.png,0.504929869132
SJZ_Bing_196.png,0.421812107546
SJZ_Bing_202.png,0.295375018216
SJZ_Bing_236.png,0.401967721838
SJZ_Bing_246.png,0.477558779068
SJZ_Bing_297.png,0.346014673439
SJZ_Bing_301.png,0.920465848265
SJZ_Bing_377.png,0.296220125463
SJZ_Bing_387.png,1.874094886895
SJZ_Bing_397.png,1.143074112898
SJZ_Bing_410.png,0.770861330330
SJZ_Bing_412.png,0.821983027554
SJZ_Bing_461.png,0.868186862655
SJZ_Bing_492.png,0.533627121630
SJZ_Bing_499.png,0.388487101640
SJZ_Bing_556.png,0.701899635748
SJZ_Bing_570.png,0.313815867773
SJZ_Bing_587.png,0.628537232648
SJZ_Bing_593.png,0.765590011478
SJZ_Bing_623.png,0.717488460151
SJZ_Bing_666.png,0.236860186508
SJZ_Bing_673.png,0.297676069454
SJZ_Bing_683.png,0.387790396737
SJZ_Bing_686.png,0.686622089749
SJZ_Bing_695.png,0.930964483633
SJZ_Bing_703.png,0.703556567407
SJZ_Bing_704.png,0.467683727938
SJZ_Bing_716.png,0.533491498488
SJZ_Bing_752.png,0.345643837929
SJZ_Bing_764.png,1.017148451785
SJZ_Bing_794.png,0.416383123117
SJZ_Bing_812.png,0.362872392350
SJZ_Bing_819.png,0.670970625438
SJZ_Bing_824.png,0.353746681069
SJZ_Google_069.png,0.409752350079
SJZ_Google_123.png,0.905373410748
SJZ_Google_247.png,0.439398406646
SJZ_Google_271.png,0.424316824829
SJZ_Google_282.png,0.496175584096
SJZ_Google_293.png,0.552931780275
SJZ_Google_338.png,1.146007550203
SJZ_Google_339.png,0.852641323964
SJZ_Google_352.png,1.124642546157
SJZ_Google_361.png,0.620137469267
SJZ_Google_382.png,0.303328564781
SJZ_Google_400.png,0.374604168541
SJZ_Google_404.png,0.268485866408
SJZ_Google_407.png,1.007283649873
SJZ_Google_412.png,0.553851724958
SJZ_Google_435.png,0.701647620952
SJZ_Google_452.png,0.703654138324
SJZ_Google_455.png,0.644308655341
SJZ_Google_501.png,0.683862895301
SJZ_Google_505.png,0.336797288646
SJZ_Google_514.png,0.472694738726
SJZ_Google_525.png,0.681235648911
SJZ_Google_534.png,0.491422230195
SJZ_Google_553.png,0.644812767007
SJZ_Google_56.png,0.257254273143
SY_Baidu_035.png,0.380045454183
SY_Baidu_044.png,0.918614607840
SY_Baidu_046.png,0.888275290362
SY_Baidu_048.png,0.420204307517
SY_Baidu_055.png,0.836815829337
SY_Baidu_056.png,0.566475131088
SY_Baidu_069.png,0.508209783767
SY_Baidu_073.png,0.926096409145
SY_Baidu_110.png,0.626232421876
SY_Baidu_111.png,0.753412898379
SY_Baidu_118.png,0.406857673475
SY_Baidu_12.png,0.499524105986
SY_Baidu_128.png,0.631416007847
SY_Baidu_132.png,0.612608084354
SY_Baidu_137.png,0.394131319099
SY_Baidu_140.png,1.813106611814
SY_Baidu_141.png,0.807417002813
SY_Baidu_148.png,0.857949687197
SY_Baidu_156.png,0.988145668470
SY_Baidu_158.png,1.705551243567
SY_Baidu_160.png,0.499755455206
SY_Baidu_184.png,1.536619910561
SY_Baidu_186.png,1.639038187301
SY_Baidu_190.png,0.561760669267
SY_Baidu_196.png,0.633742053874
SY_Baidu_208.png,0.705705930302
SY_Baidu_227.png,0.452185969151
SY_Baidu_25.png,0.702193142653
SY_Baidu_262.png,0.537847420382
SY_Baidu_292.png,1.184008978275
SY_Baidu_295.png,0.956657059291
SY_Baidu_337.png,0.923881305505
SY_Baidu_346.png,0.584107641018
SY_Baidu_367.png,0.906856840897
SY_Baidu_371.png,1.374375782291
SY_Baidu_374.png,0.698039624147
SY_Baidu_385.png,0.753913055236
SY_Baidu_386.png,1.082374756907
SY_Baidu_398.png,0.322955706130
SY_Baidu_405.png,1.276826177955
SY_Baidu_412.png,0.364295476751
SY_Baidu_415.png,0.360120654167
SY_Bing_026.png,0.640314944174
SY_Bing_049.png,0.493290626682
SY_Bing_062.png,0.575186494746
SY_Bing_105.png,0.642331592630
SY_Bing_122.png,0.892565660143
SY_Bing_123.png,0.292690454267
SY_Bing_135.png,0.349607345115
SY_Bing_154.png,0.293214831481
SY_Bing_181.png,0.546674293452
SY_Bing_221.png,0.369900044896
SY_Bing_23.png,0.372823384092
SY_Bing_336.png,0.825066335808
SY_Bing_424.png,0.357519103905
SY_Bing_477.png,0.650904952060
SY_Bing_501.png,0.677894722079
SY_Bing_536.png,0.404381826168
SY_Bing_541.png,0.438134661488
SY_Bing_582.png,0.683126517604
SY_Bing_648.png,1.118543226805
SY_Bing_688.png,0.337839424153
SY_Bing_696.png,0.392718311024
SY_Google_120.png,0.504615081406
SY_Google_125.png,0.921114460811
SY_Google_151.png,1.117252152230
SY_Google_177.png,0.853074091658
SY_Google_189.png,0.695754204778
SY_Google_259.png,0.961017868430
SY_Google_260.png,0.542843055363
SY_Google_299.png,0.582492439559
SY_Google_314.png,0.488257807519
SY_Google_321.png,1.117708817196
SY_Google_338.png,0.281357014352
SY_Google_363.png,0.371270799644
SY_Google_368.png,0.418497875441
SY_Google_387.png,0.738619084076
SY_Google_391.png,0.730835551504
SY_Google_398.png,0.744103290951
SY_Google_428.png,0.419634887571
SY_Google_44.png,0.568260560860
SY_Google_444.png,1.235157633834
SY_Google_475.png,0.676257786861
SY_Google_51.png,0.847528193551
SY_Google_514.png,0.606334779650
SY_Google_525.png,0.312288752630
SY_Google_532.png,0.551296201355
TJ_Baidu_034.png,0.975404208684
TJ_Baidu_037.png,0.657448043354
TJ_Baidu_074.png,1.290297420996
TJ_Baidu_077.png,0.850379143735
TJ_Baidu_1012.png,0.691798888290
TJ_Baidu_1032.png,0.272202964074
TJ_Baidu_108.png,0.926483883442
TJ_Baidu_1116.png,0.699594595174
TJ_Baidu_1152.png,0.587823041696
TJ_Baidu_1200.png,0.388219833429
TJ_Baidu_128.png,0.282642378506
TJ_Baidu_13.png,0.547782381928
TJ_Baidu_132.png,0.345703125896
TJ_Baidu_150.png,0.998800083343
TJ_Baidu_175.png,0.780865456927
TJ_Baidu_19.png,0.267722368368
TJ_Baidu_202.png,0.755748692185
TJ_Baidu_225.png,0.646686398531
TJ_Baidu_227.png,0.537434028772
TJ_Baidu_232.png,0.834775309101
TJ_Baidu_254.png,0.628011750686
TJ_Baidu_297.png,1.681862900799
TJ_Baidu_302.png,0.619433354814
TJ_Baidu_315.png,0.599315007441
TJ_Baidu_320.png,0.423256767435
TJ_Baidu_362.png,0.717352537562
TJ_Baidu_368.png,1.023551090501
TJ_Baidu_372.png,0.997420629405
TJ_Baidu_387.png,0.944002960622
TJ_Baidu_398.png,1.156310735291
TJ_Baidu_408.png,0.554587533976
TJ_Baidu_419.png,0.359269533354
TJ_Baidu_464.png,0.570124423656
TJ_Baidu_487.png,0.652024263073
TJ_Baidu_488.png,0.819817967902
TJ_Baidu_505.png,0.761026780068
TJ_Baidu_519.png,0.746460672927
TJ_Baidu_522.png,0.612894735182
TJ_Baidu_523.png,0.574592860055
TJ_Baidu_524.png,0.501259935280
TJ_Baidu_525.png,0.446295613281
TJ_Baidu_526.png,0.642659234404
TJ_Baidu_534.png,0.767546946800
TJ_Baidu_547.png,0.946850675252
TJ_Baidu_559.png,0.310805236882
TJ_Baidu_567.png,0.256528495704
TJ_Baidu_583.png,0.529979521674
TJ_Baidu_711.png,0.694467601134
TJ_Baidu_811.png,0.972141266203
TJ_Baidu_813.png,0.327975459297
TJ_Baidu_843.png,0.314623568065
TJ_Baidu_900.png,0.374729744192
TJ_Baidu_944.png,0.580402801698
TJ_Bing_005.png,0.584118276870
TJ_Bing_066.png,1.141238139739
TJ_Bing_166.png,0.602956566769
TJ_Bing_326.png,0.793709673435
TJ_Bing_338.png,1.014111854361
TJ_Bing_339.png,0.778546042909
TJ_Bing_343.png,1.013627448033
TJ_Bing_349.png,0.741779800481
TJ_Bing_495.png,1.912456767179
TJ_Bing_563.png,0.472735934229
TJ_Bing_659.png,0.989251220549
TJ_Bing_697.png,0.448911783981
TJ_Google_034.png,0.966446854137
TJ_Google_272.png,0.680738327732
TJ_Google_321.png,0.542502042511
TJ_Google_333.png,0.671072663531
TJ_Google_336.png,1.059129480744
TJ_Google_390.png,0.688049535525
TJ_Google_395.png,0.634018357291
TJ_Google_411.png,0.462706961745
TJ_Google_505.png,0.360120298558
TJ_Google_511.png,0.596301792541
TJ_Google_649.png,0.789983974789
TJ_Google_688.png,0.602964898781
TJ_Google_707.png,0.319850734943
TJ_Google_708.png,0.658414660400
TKO_Bing_479.png,0.427668254021
TKO_Bing_519.png,0.901722736190
TKO_Bing_657.png,0.149709280825
TKO_Google_183.png,0.530758353003
TKO_Google_474.png,0.859106902918
TKO_Google_600.png,0.520849530384
TKO_Google_628.png,0.984424601143
TKO_Google_693.png,0.613744758181
TKO_Google_734.png,0.765476099394
TKO_Google_805.png,0.368686648040
TKO_Google_824.png,0.512286975248
TS_Baidu_006.png,0.527742604587
TS_Baidu_025.png,1.496010868661
TS_Baidu_026.png,1.152084875082
TS_Baidu_039.png,1.089307363545
TS_Baidu_046.png,0.590835799948
TS_Baidu_1111.png,0.759212621936
TS_Baidu_1134.png,0.809739775526
TS_Baidu_114.png,1.399098576759
TS_Baidu_1258.png,0.363702564295
TS_Baidu_160.png,0.530748707848
TS_Baidu_188.png,0.348620034437
TS_Baidu_195.png,0.361162643690
TS_Baidu_226.png,0.672321277221
TS_Baidu_351.png,0.752245853299
TS_Baidu_355.png,0.805384138259
TS_Baidu_374.png,0.837438111551
TS_Baidu_422.png,1.195643518458
TS_Baidu_440.png,1.057404137648
TS_Baidu_463.png,0.984574080583
TS_Baidu_480.png,0.438760286484
TS_Baidu_486.png,0.784627187543
TS_Baidu_504.png,0.868855367664
TS_Baidu_506.png,0.543066209943
TS_Baidu_514.png,1.011236836144
TS_Baidu_550.png,0.720886175232
TS_Baidu_625.png,0.508772887695
TS_Baidu_669.png,0.248288433986
TS_Baidu_816.png,0.296139621280
TS_Baidu_848.png,0.507856573711
TS_Baidu_906.png,0.393445986023
TS_Bing_022.png,0.719252548099
TS_Bing_262.png,0.454261884096
TS_Bing_300.png,1.312395390681
TS_Bing_304.png,0.408585049622
TS_Bing_318.png,0.305726990282
TS_Bing_355.png,0.543911889926
TS_Bing_541.png,0.676324768225
TS_Bing_57.png,0.376782937609
TS_Bing_62.png,0.291761653897
TS_Bing_622.png,0.889038212134
TS_Bing_632.png,0.370031178021
TS_Bing_643.png,0.189276671539
TS_Bing_686.png,0.574372326664
TS_Bing_697.png,0.527181974247
TS_Bing_702.png,0.984452731344
TS_Google_013.png,0.666732404421
TS_Google_039.png,0.727775574958
TS_Google_153.png,0.778371490647
TS_Google_191.png,0.594032288988
TS_Google_198.png,0.497925225498
TS_Google_400.png,0.885228904860
TS_Google_409.png,0.875763936361
TS_Google_429.png,0.282282585982
TS_Google_463.png,0.607532821696
TS_Google_519.png,0.526107394789
TS_Google_527.png,0.756064525721
TS_Google_529.png,0.186689921827
TS_Google_549.png,0.708371728302
TS_Google_579.png,0.262277113948
TS_Google_623.png,0.379408058714
WST_Bing_521.png,0.387652360224
WST_Google_074.png,0.612647563425
WST_Google_167.png,0.483749194780
WST_Google_197.png,0.825276249150
WST_Google_203.png,0.638720704497
WST_Google_276.png,0.500909989855
WST_Google_354.png,0.520998371495
WST_Google_405.png,0.481030359170
WST_Google_452.png,0.635538242845
WST_Google_455.png,0.457000808893
WST_Google_504.png,0.393674979913
WST_Google_54.png,0.726385799647
WST_Google_547.png,1.048021842160
WST_Google_599.png,1.163184534599
WST_Google_710.png,0.344607058939
WST_Google_741.png,1.216264563603
WST_Google_759.png,0.642178421720
WST_Google_836.png,0.781367405407
XA_Baidu_014.png,0.546707468985
XA_Baidu_021.png,0.969194396598
XA_Baidu_034.png,0.541890342638
XA_Baidu_037.png,0.771031887084
XA_Baidu_038.png,0.876150680865
XA_Baidu_043.png,1.847598343290
XA_Baidu_05.png,1.038198466896
XA_Baidu_069.png,0.630743691857
XA_Baidu_127.png,0.768367713216
XA_Baidu_152.png,0.416226020300
XA_Baidu_180.png,0.350014337060
XA_Baidu_208.png,0.365777469563
XA_Baidu_209.png,1.154818628240
XA_Baidu_251.png,0.588392858862
XA_Baidu_270.png,0.468408958597
XA_Baidu_342.png,0.479282455793
XA_Baidu_359.png,0.443240727985
XA_Bing_070.png,1.239120603057
XA_Bing_087.png,0.678631734045
XA_Bing_090.png,0.414384391014
XA_Bing_104.png,0.342979607545
XA_Bing_120.png,0.416008858827
XA_Bing_170.png,0.218550767174
XA_Bing_178.png,0.448906416563
XA_Bing_194.png,0.425367522061
XA_Bing_204.png,0.268042801287
XA_Bing_257.png,0.491056414265
XA_Bing_260.png,0.902950574280
XA_Bing_264.png,0.944734568847
XA_Bing_282.png,0.366542577715
XA_Bing_288.png,0.698697487274
XA_Bing_298.png,0.851972974691
XA_Bing_304.png,0.388601243677
XA_Bing_321.png,0.545261144760
XA_Bing_387.png,0.264021378556
XA_Bing_394.png,0.763596115589
XA_Bing_471.png,0.282927535617
XA_Bing_733.png,0.419739951674
XA_Bing_734.png,0.305071755021
XA_Bing_767.png,0.424248921367
XA_Bing_800.png,0.401394942449
XA_Google_033.png,0.546490804571
XA_Google_040.png,0.719025788407
XA_Google_082.png,0.941032593506
XA_Google_121.png,0.695218019558
XA_Google_125.png,0.742150562934
XA_Google_147.png,0.789029430185
XA_Google_163.png,0.584774394881
XA_Google_173.png,0.407937236732
XA_Google_378.png,0.674727016835
XA_Google_381.png,0.199315738421
XA_Google_391.png,0.826987565921
XA_Google_431.png,0.550122248992
XA_Google_475.png,1.214477633670
XA_Google_481.png,0.852336738619
XA_Google_586.png,0.255762410493
XA_Google_619.png,0.441679827660
XA_Google_625.png,0.315957951287
XG_Baidu_017.png,0.745143244083
XG_Baidu_018.png,0.370862165693
XG_Baidu_050.png,1.188034480294
XG_Baidu_053.png,1.573114538182
XG_Baidu_1116.png,0.544575762180
XG_Baidu_1228.png,0.936078026151
XG_Baidu_175.png,0.551764550463
XG_Baidu_248.png,1.018198784782
XG_Baidu_328.png,0.362397903918
XG_Baidu_409.png,0.899384395600
XG_Baidu_511.png,1.105122215281
XG_Baidu_548.png,0.698414328794
XG_Baidu_575.png,0.521347390507
XG_Baidu_627.png,0.488211333957
XG_Baidu_634.png,0.584004046591
XG_Baidu_829.png,0.254129974165
XG_Baidu_981.png,0.651652657717
XG_Bing_106.png,0.319600059100
XG_Bing_135.png,0.534899314467
XG_Bing_140.png,0.785887206178
XG_Bing_176.png,1.079291316639
XG_Bing_198.png,0.663058896267
XG_Bing_346.png,0.942516744217
XG_Bing_412.png,0.795845086796
XG_Bing_419.png,0.661004674727
XG_Bing_497.png,0.348912458003
XG_Bing_529.png,0.577861258499
XG_Bing_582.png,0.771471432592
XG_Bing_679.png,0.701694069645
XG_Google_308.png,0.601716773664
XG_Google_528.png,0.673334914436
XG_Google_591.png,0.640392838511
XG_Google_633.png,0.489263051437
XG_Google_646.png,0.767058304492
XG_Google_648.png,0.370673347144
XG_Google_687.png,0.539318356121
XG_Google_688.png,0.808245185611
XR_Baidu_001.png,0.333220730615
XR_Baidu_002.png,0.796715415112
XR_Baidu_006.png,0.983486092760
XR_Baidu_007.png,0.589787448188
XR_Baidu_012.png,1.142415702936
XR_Baidu_014.png,0.519702995208
XR_Baidu_015.png,0.658803088814
XR_Baidu_016.png,1.376921509264
XR_Baidu_017.png,1.872265767701
XR_Baidu_019.png,0.703974040655
XR_Baidu_020.png,1.424539285579
XR_Baidu_023.png,0.702918216252
XR_Baidu_024.png,1.239856208688
XR_Baidu_027.png,0.798474699412
XR_Baidu_030.png,1.427768058278
XR_Baidu_037.png,0.742107793923
XR_Baidu_040.png,0.848487927292
XR_Baidu_043.png,0.266846907078
XR_Baidu_047.png,1.166090052379
XR_Baidu_057.png,1.300170553199
XR_Baidu_058.png,0.249309114704
XR_Baidu_061.png,1.283767167669
XR_Baidu_062.png,1.063792390077
XR_Baidu_067.png,0.719923168881
XR_Baidu_068.png,0.533634192250
XR_Baidu_069.png,0.851227086290
XR_Baidu_071.png,0.484134666241
XR_Baidu_073.png,0.708636485216
XR_Baidu_081.png,0.546945957730
XR_Baidu_086.png,0.409844982628
XR_Baidu_096.png,0.315762035958
XR_Baidu_103.png,0.240429871972
XR_Baidu_104.png,1.245335042109
XR_Baidu_109.png,0.287097547242
XR_Baidu_113.png,0.636142329031
XR_Baidu_120.png,0.356749872476
XR_Baidu_122.png,0.221995228198
XR_Baidu_127.png,0.423575199285
XR_Baidu_131.png,0.191539606922
XR_Baidu_132.png,0.383882000268
XR_Baidu_134.png,0.286484425549
XR_Baidu_157.png,0.510531801353
XR_Baidu_164.png,0.610525839963
XR_Baidu_182.png,0.635212152381
XR_Baidu_189.png,0.611166756290
XR_Baidu_193.png,1.416340655713
XR_Baidu_219.png,0.731599812596
XR_Baidu_221.png,0.770223462575
XR_Baidu_229.png,0.435282461137
XR_Baidu_236.png,0.583999670498
XR_Baidu_238.png,0.739278254712
XR_Baidu_245.png,1.193928820093
XR_Baidu_247.png,0.617489099726
XR_Baidu_255.png,0.998943578977
XR_Baidu_262.png,0.360996491668
XR_Baidu_263.png,0.665577040202
XR_Baidu_264.png,0.422329100690
XR_Baidu_269.png,1.274543375687
XR_Baidu_270.png,0.674213771895
XR_Baidu_272.png,0.730944774135
XR_Baidu_276.png,0.543157271429
XR_Baidu_278.png,0.720051800509
XR_Baidu_279.png,0.541638280098
XR_Baidu_294.png,1.016304170373
XR_Baidu_295.png,0.849785805929
XR_Baidu_299.png,1.470518896660
XR_Baidu_301.png,0.831762391717
XR_Baidu_315.png,0.509366225533
XR_Baidu_358.png,0.824336220663
XR_Baidu_365.png,1.023912913420
XR_Baidu_375.png,0.607339786160
XR_Baidu_377.png,1.049261307345
XR_Baidu_378.png,0.893060331581
XR_Baidu_380.png,0.525326924200
XR_Baidu_395.png,0.551809949901
XR_Baidu_398.png,0.937160020646
XR_Baidu_402.png,1.426678838588
XR_Baidu_404.png,0.494633202774
XR_Baidu_406.png,0.398085969974
XR_Baidu_415.png,0.564513711020
XR_Baidu_431.png,0.916174917273
XR_Baidu_45.png,1.243224486627
XR_Baidu_460.png,0.665916889740
XR_Baidu_462.png,1.262580737497
XR_Baidu_466.png,0.533257969945
XR_Baidu_471.png,1.025602118533
XR_Baidu_479.png,0.919252679517
XR_Baidu_482.png,0.530060330265
XR_Baidu_499.png,0.772171657105
XR_Bing_010.png,0.853513837762
XR_Bing_024.png,0.294101139939
XR_Bing_025.png,0.438095264145
XR_Bing_033.png,0.637972292971
XR_Bing_058.png,0.762873075251
XR_Bing_126.png,0.277942522327
XR_Bing_138.png,1.248321431055
XR_Bing_146.png,1.430674981607
XR_Bing_164.png,0.406867689878
XR_Bing_174.png,0.342608392598
XR_Bing_182.png,0.234529335694
XR_Bing_198.png,1.066581371125
XR_Bing_211.png,0.345190190928
XR_Bing_216.png,0.321242906372
XR_Bing_221.png,0.436949077487
XR_Bing_228.png,0.342685421383
XR_Bing_240.png,0.253486042120
XR_Bing_254.png,0.631514938385
XR_Bing_257.png,0.517165107432
XR_Bing_261.png,0.278569808206
XR_Bing_264.png,1.151644656083
XR_Bing_289.png,0.460265976724
XR_Bing_346.png,1.773692175832
XR_Bing_347.png,1.042801985343
XR_Bing_348.png,0.277194715641
XR_Bing_362.png,0.337190716228
XR_Bing_381.png,0.300825507992
XR_Bing_385.png,0.355829848259
XR_Bing_40.png,0.206979484317
XR_Bing_444.png,0.251481653644
XR_Bing_45.png,0.273609949441
XR_Bing_463.png,0.760689928145
XR_Bing_475.png,0.255062527635
XR_Bing_495.png,0.270659935086
XR_Bing_497.png,0.342816388175
XR_Bing_499.png,0.828168000597
XR_Bing_500.png,1.235382917988
XR_Bing_590.png,0.609714715142
XR_Bing_593.png,0.677681427114
XR_Bing_604.png,0.233079136017
XR_Bing_632.png,0.791258201688
XR_Bing_637.png,0.291051182979
XR_Bing_638.png,0.343008457229
XR_Bing_640.png,0.344228154790
XR_Bing_682.png,0.479249296302
XR_Bing_698.png,1.458876671137
XR_Bing_731.png,0.364619413679
XR_Bing_740.png,0.743556741830
XR_Bing_756.png,0.745448010270
XR_Bing_760.png,1.207770363898
XR_Bing_768.png,0.410600519143
XR_Bing_774.png,0.526001566564
XR_Bing_775.png,0.302404769842
XR_Bing_790.png,0.879213592670
XR_Bing_802.png,0.150803998015
XR_Bing_804.png,0.607408908980
XR_Bing_818.png,0.532823683176
XR_Bing_820.png,0.748701279026
XR_Google_000.png,0.293616404403
XR_Google_022.png,0.583460688284
XR_Google_064.png,0.432969191340
XR_Google_067.png,1.223938961363
XR_Google_088.png,0.507581617060
XR_Google_095.png,0.470868413869
XR_Google_102.png,0.383434851281
XR_Google_105.png,0.510257197269
XR_Google_110.png,1.189899229689
XR_Google_124.png,0.401228457750
XR_Google_127.png,0.420512656139
XR_Google_137.png,1.140298377964
XR_Google_142.png,0.244895876773
XR_Google_143.png,0.489189015243
XR_Google_146.png,0.456793178567
XR_Google_180.png,0.777709171963
XR_Google_183.png,1.709025276964
XR_Google_187.png,0.582395525209
XR_Google_228.png,0.450735788130
XR_Google_243.png,0.693750221518
XR_Google_252.png,0.968366275967
XR_Google_263.png,0.486240148661
XR_Google_275.png,0.278958627013
XR_Google_276.png,0.333093606445
XR_Google_284.png,0.968746464724
XR_Google_293.png,0.831962581425
XR_Google_311.png,0.774391748546
XR_Google_313.png,0.417158011784
XR_Google_331.png,0.452515158500
XR_Google_338.png,0.244996512518
XR_Google_34.png,0.231839946809
XR_Google_341.png,0.383080640276
XR_Google_355.png,0.750627201846
XR_Google_371.png,0.393467679358
XR_Google_377.png,0.320646403587
XR_Google_403.png,0.257999077033
XR_Google_404.png,0.834725427036
XR_Google_411.png,0.332604622792
XR_Google_416.png,1.078430709728
XR_Google_427.png,0.305018642088
XR_Google_436.png,0.452661907770
XR_Google_494.png,1.263951384341
XR_Google_502.png,0.565855078517
XR_Google_504.png,1.207434276598
XR_Google_515.png,0.333966863170
XR_Google_529.png,0.231140543342
XR_Google_537.png,0.544731353550
XR_Google_538.png,0.591720888699
XR_Google_573.png,0.834992820946
XR_Google_581.png,0.380051067209
XR_Google_583.png,1.005351563510
XR_Google_626.png,0.611547592176
XR_Google_633.png,0.426696372125
XR_Google_638.png,0.268584535503
XR_Google_659.png,0.239906323917
XR_Google_689.png,0.811240461520
XR_Google_691.png,0.747149743151
XR_Google_721.png,0.353156707380
XYT_Baidu_073.png,0.529919975165
XYT_Baidu_074.png,1.052169418055
XYT_Baidu_104.png,0.433578209698
XYT_Baidu_309.png,0.325994407107
XYT_Google_569.png,0.412332530728
XYT_Google_617.png,1.311411242883
YC_Baidu_027.png,0.447332797893
YC_Baidu_042.png,1.165538377628
YC_Baidu_052.png,0.676293785978
YC_Baidu_084.png,0.462424028369
YC_Baidu_108.png,0.578950288844
YC_Baidu_137.png,0.989543492293
YC_Baidu_140.png,0.330628301067
YC_Baidu_201.png,0.249729630832
YC_Bing_000.png,0.380467063357
YC_Bing_237.png,0.473617219590
YC_Bing_246.png,0.475100733954
YC_Bing_311.png,0.489137798430
YC_Bing_317.png,0.655002305251
YC_Bing_721.png,0.954725298485
YC_Bing_731.png,0.314113596581
YC_Google_062.png,0.510451484898
YC_Google_063.png,0.353023842886
YC_Google_594.png,0.476632412084
YC_Google_633.png,0.674810613256
YC_Google_758.png,0.436109728032
YD_Baidu_00.png,0.528477345288
YD_Baidu_015.png,1.269031364065
YD_Baidu_026.png,1.033138045492
YD_Baidu_029.png,0.531533026207
YD_Baidu_030.png,0.536851568065
YD_Baidu_037.png,0.858691259651
YD_Baidu_039.png,1.471141377217
YD_Baidu_040.png,0.767698691074
YD_Baidu_051.png,0.399856833786
YD_Baidu_053.png,1.363842631640
YD_Baidu_055.png,0.569511649815
YD_Baidu_058.png,0.619934486471
YD_Baidu_059.png,0.282835729136
YD_Baidu_068.png,0.782145993092
YD_Baidu_069.png,0.354978812163
YD_Baidu_070.png,0.431905800769
YD_Baidu_073.png,0.623772716806
YD_Baidu_074.png,0.873249617049
YD_Baidu_082.png,1.073234549470
YD_Baidu_087.png,0.289812683077
YD_Baidu_099.png,0.254958313927
YD_Baidu_171.png,0.271736222030
YD_Baidu_183.png,0.642444521819
YD_Baidu_201.png,0.989877020175
YD_Baidu_214.png,1.467554355582
YD_Baidu_300.png,0.487557150731
YD_Bing_022.png,0.498070675149
YD_Bing_038.png,1.176041905873
YD_Bing_086.png,0.259328061273
YD_Bing_11.png,1.683932555991
YD_Bing_212.png,1.053075991521
YD_Bing_213.png,0.333267711062
YD_Bing_243.png,0.485757689725
YD_Bing_258.png,0.216130310129
YD_Bing_290.png,0.531362196898
YD_Bing_351.png,0.417292460222
YD_Bing_428.png,0.599968911459
YD_Bing_429.png,0.260034300948
YD_Bing_547.png,0.798124399203
YD_Bing_568.png,1.025170620395
YD_Bing_580.png,1.173193077731
YD_Bing_688.png,0.424326233740
YD_Bing_694.png,0.758061953301
YD_Google_015.png,0.795022303966
YD_Google_017.png,0.848823395901
YD_Google_020.png,1.475468442959
YD_Google_032.png,0.899417487476
YD_Google_056.png,0.609632599517
YD_Google_09.png,0.378178661913
YD_Google_108.png,1.010013218379
YD_Google_133.png,0.709922801842
YD_Google_136.png,1.630372343154
YD_Google_140.png,1.562601764338
YD_Google_255.png,0.340775159377
YD_Google_281.png,0.521621887870
YD_Google_297.png,0.573576561963
YD_Google_322.png,0.965502753655
YD_Google_376.png,0.495116203198
YD_Google_447.png,1.390952363289
YSM_Bing_204.png,0.664399267699
YSM_Bing_239.png,0.964630516669
YSM_Bing_478.png,0.313401951380
YSM_Google_146.png,0.508894745285
YSM_Google_149.png,0.657606826794
YSM_Google_405.png,0.878421608818
YSM_Google_515.png,0.197969723961
YSM_Google_54.png,1.070341218471
YSM_Google_543.png,0.153896823784
YSM_Google_553.png,0.350405769891
YSM_Google_602.png,0.868672883365
YSM_Google_639.png,0.398003211057
YSM_Google_665.png,0.202050265242
YSM_Google_743.png,0.599389500242
YST_Bing_105.png,0.222915751408
YST_Bing_667.png,0.458326302420
YST_Bing_753.png,0.325409877465
YST_Bing_775.png,0.667005490545
YST_Google_245.png,1.696784877665
YST_Google_810.png,0.600696527095
YST_Google_891.png,0.258657469641
YT_Baidu_062.png,0.469464098837
YT_Baidu_135.png,0.289260524146
YT_Bing_014.png,1.136660408591
YT_Bing_065.png,0.650263872348
YT_Bing_097.png,0.497541688971
YT_Bing_115.png,1.968627493210
YT_Bing_194.png,0.965685519917
YT_Bing_195.png,0.367455225189
YT_Bing_43.png,0.398876367049
YT_Bing_547.png,0.691115511541
YT_Bing_586.png,0.652459469286
YT_Bing_665.png,0.375752773991
YT_Bing_691.png,0.615891037386
YT_Bing_726.png,0.581496283542
YT_Bing_739.png,0.506073609191
YT_Google_043.png,1.399165421319
YT_Google_057.png,1.114853454585
YT_Google_101.png,0.475036257847
YT_Google_296.png,0.287692792123
YT_Google_298.png,0.967194791764
YT_Google_881.png,0.872406305479
YT_Google_917.png,0.246331952380
hv10_1.png,0.402474793028
hv10_122.png,0.502353203791
hv10_193.png,0.461877603588
hv10_34.png,0.476525561206
hv10_526.png,0.539765279888
hv10_718.png,0.701229206027
hv10_9.png,0.445601726447
hv11_1.png,0.454137005695
hv11_114.png,1.667320155069
hv11_193.png,1.715288682122
hv11_204.png,1.363040289195
hv11_206.png,1.396237896140
hv11_266.png,1.318240772376
hv11_270.png,1.317448464398
hv11_286.png,1.232870877080
hv11_315.png,0.890382347490
hv11_354.png,0.537677903317
hv11_397.png,0.429973125635
hv11_406.png,0.391149687869
hv11_42.png,1.111595316833
hv11_435.png,0.388398886205
hv11_442.png,0.372426050619
hv11_475.png,0.357574757717
hv11_498.png,0.976486266651
hv11_528.png,0.406120405529
hv11_529.png,0.444269313495
hv11_542.png,0.501680057329
hv11_549.png,0.413693078784
hv11_558.png,0.453574628077
hv11_562.png,0.436593728574
hv11_643.png,1.032693679145
hv11_655.png,0.768841075028
hv11_674.png,0.551285282802
hv11_78.png,1.625624359076
hv11_86.png,1.349566227190
hv11_97.png,1.492696279133
hv12_1042.png,0.675342030353
hv12_1213.png,0.577590380870
hv12_1329.png,0.694107591166
hv12_1357.png,0.582273042241
hv12_1434.png,0.597525741453
hv12_1482.png,0.640326829931
hv12_171.png,0.603375728612
hv12_1774.png,0.520962460043
hv12_1848.png,0.580567018149
hv12_1862.png,0.557074112559
hv12_188.png,0.628985466405
hv12_1884.png,0.577947682033
hv12_189.png,0.639533920998
hv12_1897.png,0.572452766721
hv12_2022.png,0.592560217664
hv12_2043.png,0.562422034015
hv12_2077.png,0.574266358947
hv12_2152.png,0.469737311960
hv12_2202.png,0.420803307929
hv12_2247.png,0.491974160888
hv12_237.png,0.617937539121
hv12_267.png,0.621885100714
hv12_27.png,0.442115979481
hv12_286.png,0.620569141919
hv12_344.png,0.716698161129
hv12_382.png,0.652996580544
hv12_404.png,0.680757556642
hv12_426.png,0.683667332127
hv12_549.png,0.645393299273
hv12_678.png,0.688191323357
hv12_68.png,0.443729014017
hv12_693.png,0.759404849787
hv12_721.png,0.615227070967
hv12_759.png,0.567373490366
hv14_105.png,1.133178284633
hv14_129.png,0.638424196453
hv14_133.png,0.579551209301
hv14_136.png,0.544703772616
hv14_139.png,0.947516000171
hv14_140.png,0.870717750327
hv14_148.png,0.926354139400
hv14_169.png,0.716447973773
hv14_170.png,0.823510764845
hv14_21.png,1.565763388858
hv14_22.png,1.522940264216
hv14_30.png,1.059264310483
hv14_42.png,0.783755370737
hv14_43.png,0.657118848110
hv14_49.png,0.681408967228
hv14_55.png,0.975117018386
hv14_56.png,0.719904647169
hv14_64.png,0.834601308154
hv15_.png,0.799686179311
hv15_1.png,0.861025153727
hv15_11.png,0.677958859472
hv15_111.png,1.090233023769
hv15_117.png,1.096898252055
hv15_15.png,1.015263561401
hv15_17.png,0.631527841596
hv15_2.png,0.800156494406
hv15_21.png,0.998153384317
hv15_23.png,1.172388964237
hv15_28.png,1.322072233124
hv15_29.png,0.970400988272
hv15_3.png,0.808421843079
hv15_41.png,1.122930898117
hv15_47.png,0.862943786293
hv15_49.png,1.027522114095
hv15_54.png,1.131755927030
hv15_6.png,0.666309812362
hv15_60.png,1.159437180111
hv15_69.png,1.046657638755
hv15_73.png,1.201731512401
hv15_81.png,1.276705269261
hv15_86.png,0.817183267124
hv15_90.png,0.937853315619
hv16_108.png,0.320816016660
hv16_117.png,0.441118571024
hv16_127.png,0.487168372886
hv16_241.png,0.822295804772
hv16_411.png,0.670134086820
hv16_416.png,0.525367407864
hv16_75.png,0.538659809975
hv17_1.png,0.954050035113
hv17_10.png,0.888779273063
hv17_11.png,0.925626589675
hv17_12.png,0.755167131820
hv17_22.png,0.703934849020
hv17_24.png,0.729855808101
hv17_29.png,0.701570512721
hv17_31.png,0.602698331656
hv17_32.png,0.788672102491
hv17_33.png,0.948195942213
hv17_38.png,1.084639167769
hv17_40.png,0.932170028525
hv17_42.png,0.962802304469
hv17_44.png,0.935068145083
hv17_48.png,0.402140951542
hv17_59.png,0.710978624859
hv17_6.png,1.159109712949
hv17_7.png,1.137576957126
hv17_70.png,0.835614842809
hv17_71.png,0.894501765782
hv17_72.png,0.878642076641
hv18_9.png,1.450953167424
hv19_175.png,0.976937633117
hv19_225.png,0.868783703122
hv1_120.png,0.526417679310
hv1_158.png,0.531383805764
hv1_54.png,0.710240246055
hv1_61.png,0.403912724350
hv1_72.png,0.571513120991
hv1_78.png,0.543411180554
hv1_86.png,0.386959706917
hv1_9.png,0.574960371442
hv1_93.png,0.473038118305
hv20_231.png,1.405701933544
hv20_234.png,1.414542300080
hv20_369.png,1.085262983490
hv20_440.png,1.027668343957
hv20_572.png,0.658253638342
hv20_64.png,0.760035126812
hv21_171.png,0.912555001952
hv21_252.png,0.820706571642
hv21_258.png,0.858423850120
hv21_266.png,1.080212003967
hv21_292.png,0.922439512225
hv21_46.png,0.910189426304
hv21_87.png,1.124389450339
hv22_.png,0.719614344352
hv22_127.png,0.633873377549
hv22_28.png,0.572466143437
hv22_31.png,0.662909437150
hv22_43.png,0.707975538538
hv22_92.png,0.863516941065
hv23_160.png,0.887590988759
hv23_20.png,1.492889522955
hv23_222.png,1.057203056630
hv23_34.png,1.651454556945
hv23_36.png,1.657082107967
hv23_92.png,1.076723924394
hv24_.png,0.747201517813
hv24_116.png,0.707060036306
hv24_139.png,0.672340455124
hv24_21.png,0.907598982779
hv24_28.png,0.968336606494
hv24_4.png,0.942571746825
hv24_93.png,0.622197327840
hv25_108.png,1.042218747770
hv25_116.png,0.913660588866
hv25_117.png,1.146083871292
hv25_12.png,1.038162960036
hv25_121.png,1.082102251214
hv25_156.png,1.188886832205
hv25_162.png,1.022299457128
hv25_176.png,0.844648128233
hv25_4.png,1.083269736876
hv25_6.png,1.131428622183
hv26_133.png,1.378490848165
hv26_224.png,1.027925606524
hv26_291.png,1.182274911039
hv26_466.png,0.952455906279
hv27_237.png,0.938487983898
hv27_339.png,0.521928989812
hv27_386.png,0.888826440673
hv27_387.png,0.782053938716
hv27_75.png,0.824328780503
hv27_88.png,1.178745038769
hv28_.png,0.858874668145
hv28_133.png,0.975176599762
hv28_135.png,0.943198983543
hv28_157.png,1.334790471197
hv28_195.png,0.790595452200
hv28_198.png,1.002859802918
hv28_294.png,1.247102458788
hv28_3.png,1.125266575976
hv28_96.png,0.996581464154
hv29_.png,0.679209428553
hv29_103.png,1.211422703885
hv29_115.png,1.244283910106
hv29_128.png,1.411819190297
hv29_142.png,1.187911730167
hv29_210.png,1.296628752764
hv29_219.png,1.577234093518
hv29_22.png,1.219593944263
hv29_243.png,1.116796443026
hv29_70.png,1.118128805160
hv29_82.png,1.266882279874
hv2_.png,0.762267022897
hv2_10.png,0.669567159187
hv2_16.png,0.567402438278
hv2_28.png,0.955577384678
hv2_45.png,0.757564256167
hv2_49.png,0.656825752720
hv2_56.png,0.696424929039
hv30_110.png,0.724714929384
hv30_128.png,0.468548492803
hv30_138.png,0.759778064545
hv30_145.png,0.781508464891
hv30_148.png,0.742628046156
hv30_169.png,0.722062879091
hv30_42.png,0.745086221687
hv30_76.png,0.840378373875
hv32_108.png,1.356568447367
hv32_126.png,1.188696951953
hv33_124.png,0.641095762706
hv33_183.png,0.631501526747
hv34_1033.png,0.605419998435
hv34_1270.png,0.861242072515
hv34_1778.png,0.855887832674
hv34_589.png,0.722884690379
hv35_121.png,0.828618566232
hv35_133.png,0.614195220268
hv35_157.png,0.595656204404
hv35_181.png,0.868037736564
hv35_24.png,0.867465007271
hv35_282.png,0.832387304503
hv35_290.png,0.758724152597
hv35_292.png,0.662614909602
hv35_327.png,1.152007617326
hv35_340.png,0.903332264644
hv35_345.png,0.839871969946
hv35_352.png,0.774373391108
hv35_38.png,0.849596285892
hv35_433.png,0.832421667445
hv35_436.png,0.846164892183
hv35_474.png,1.063382820357
hv35_496.png,1.099871037415
hv35_51.png,0.779091726774
hv35_519.png,0.817462365318
hv35_560.png,1.119410656594
hv35_60.png,1.171331178923
hv35_849.png,0.775943320507
hv36_216.png,1.142067505451
hv36_219.png,1.188276571753
hv36_304.png,0.981216096626
hv36_306.png,1.001111919657
hv36_379.png,0.714775392625
hv36_510.png,1.073825823673
hv36_601.png,0.539018847290
hv36_615.png,0.475239398851
hv36_630.png,0.316234380661
hv36_639.png,0.337819756434
hv36_652.png,0.244407180972
hv36_670.png,0.431294913933
hv36_675.png,0.308940088776
hv36_68.png,0.549821994534
hv36_87.png,0.815023582784
hv36_92.png,0.665933953824
hv37_1022.png,0.983387937581
hv37_1076.png,0.924185929422
hv37_1088.png,0.944968809940
hv37_1095.png,0.963502645494
hv37_1107.png,0.952279060722
hv37_1136.png,0.985099068928
hv37_115.png,0.997301693717
hv37_1165.png,0.969280791732
hv37_1200.png,0.857000990879
hv37_1222.png,0.989361853332
hv37_1246.png,0.875864007386
hv37_1260.png,0.830197914714
hv37_1275.png,0.997986783217
hv37_1294.png,0.934040419710
hv37_1300.png,0.945333298098
hv37_1317.png,1.044097940992
hv37_1386.png,0.921030455305
hv37_1452.png,0.931395091460
hv37_1465.png,0.914886375000
hv37_1479.png,0.843326172167
hv37_1626.png,0.621046428243
hv37_1642.png,0.685693437026
hv37_1735.png,0.666207960671
hv37_1812.png,0.740807803875
hv37_1862.png,0.531377930354
hv37_1969.png,0.542221201117
hv37_2042.png,0.563209861127
hv37_2055.png,0.726404023359
hv37_2128.png,0.467617705230
hv37_2158.png,0.588444418568
hv37_26.png,0.656047418653
hv37_291.png,1.005599091141
hv37_309.png,0.943128800757
hv37_322.png,1.024718212495
hv37_34.png,0.673815027068
hv37_358.png,1.040004257415
hv37_38.png,0.661498886234
hv37_381.png,1.099424131366
hv37_436.png,1.160972332455
hv37_446.png,1.128736432393
hv37_459.png,1.147354896695
hv37_465.png,1.130164362724
hv37_523.png,1.112615482949
hv37_56.png,0.540201953310
hv37_564.png,1.050376203833
hv37_571.png,0.961426861921
hv37_577.png,1.100923421827
hv37_636.png,0.981101742884
hv37_64.png,0.614830385694
hv37_650.png,0.973873640583
hv37_738.png,0.933089060137
hv37_774.png,0.916773089434
hv37_78.png,0.705794999716
hv37_781.png,1.046056439459
hv37_840.png,0.959496369521
hv37_870.png,0.959204201824
hv37_888.png,0.988678727229
hv37_921.png,1.054853328934
hv38_127.png,0.685374752238
hv38_210.png,0.690864757071
hv38_72.png,0.967566670016
hv38_86.png,0.788446303040
hv38_87.png,0.794754850147
hv38_91.png,1.021372052041
hv39_.png,0.538926805886
hv39_10.png,0.514145985127
hv39_115.png,0.550101320095
hv39_156.png,0.482050577378
hv39_182.png,0.608398541710
hv39_21.png,0.439304196716
hv39_243.png,0.594334042111
hv39_253.png,0.671387150572
hv39_26.png,0.578748712356
hv39_264.png,0.740531429633
hv39_273.png,0.604072684950
hv39_28.png,0.612223915987
hv39_306.png,0.668304273990
hv39_312.png,0.666749197189
hv39_333.png,0.593800436601
hv39_351.png,0.477200020740
hv39_358.png,0.549668609116
hv39_368.png,0.631796477496
hv39_369.png,0.641625890663
hv39_384.png,0.749816615110
hv39_422.png,0.495570314231
hv39_426.png,0.600727698930
hv39_49.png,0.362603899441
hv39_529.png,0.627747666340
hv39_609.png,0.535318302790
hv39_614.png,0.478211830441
hv39_620.png,0.527277349743
hv39_656.png,0.502875764006
hv39_679.png,0.515678265463
hv39_684.png,0.532211880711
hv39_692.png,0.530251852284
hv39_759.png,0.562965608203
hv39_786.png,0.644925762702
hv39_834.png,0.276581341563
hv39_838.png,0.451443575203
hv39_907.png,0.494267875072
hv39_91.png,0.533131602803
hv39_931.png,0.337153061802
hv39_936.png,0.305978344776
hv3_106.png,0.740748559829
hv3_117.png,0.780222552062
hv3_118.png,0.745287847588
hv3_14.png,0.917819651470
hv3_2.png,0.416452773701
hv3_33.png,0.331571033662
hv3_63.png,0.604793010623
hv3_7.png,0.423150589284
hv3_76.png,0.690330298611
hv3_79.png,0.528881046367
hv3_82.png,0.556774674060
hv3_91.png,0.928999368592
hv40_10.png,0.677246116161
hv40_109.png,1.656964027475
hv40_110.png,1.514705218144
hv40_120.png,1.541366805463
hv40_127.png,1.467051234757
hv40_13.png,0.376778224768
hv40_150.png,1.645814365173
hv40_155.png,1.524456558183
hv40_160.png,1.422778500709
hv40_165.png,1.604184746352
hv40_172.png,0.857541273410
hv40_176.png,0.934761500692
hv40_188.png,1.019894127666
hv40_193.png,0.863112116128
hv40_217.png,0.866530707105
hv40_225.png,1.042411774068
hv40_243.png,1.460150354459
hv40_255.png,1.345846254987
hv40_266.png,1.195789674764
hv40_275.png,1.229211994289
hv40_277.png,1.289323678387
hv40_28.png,0.866435711452
hv40_290.png,0.569078774801
hv40_307.png,1.130502319652
hv40_309.png,0.656882116495
hv40_311.png,0.475579842807
hv40_315.png,0.802863215100
hv40_337.png,0.777158954496
hv40_340.png,0.821807867653
hv40_342.png,0.818449984677
hv40_357.png,0.939153617695
hv40_37.png,0.759099103404
hv40_39.png,0.803469515991
hv40_404.png,0.827112445925
hv40_405.png,0.682450167651
hv40_411.png,0.743149531900
hv40_412.png,1.030759502396
hv40_42.png,0.765682972455
hv40_423.png,0.966368508633
hv40_49.png,0.985908176110
hv40_5.png,0.349010587507
hv40_51.png,1.118933418732
hv40_57.png,0.971994413445
hv40_61.png,0.940894042667
hv40_64.png,1.037729132727
hv40_67.png,0.812863012651
hv40_72.png,0.887088934248
hv40_78.png,0.982668563617
hv40_84.png,0.944678590539
hv40_87.png,0.815596342953
hv41_39.png,0.954123223187
hv41_46.png,0.844691043588
hv42_1005.png,0.544499122109
hv42_1012.png,0.500392096573
hv42_1021.png,0.659238386138
hv42_1024.png,0.571715986049
hv42_1028.png,0.497691881551
hv42_1048.png,0.550026798364
hv42_1054.png,0.516326441552
hv42_1071.png,0.487715379668
hv42_1077.png,0.645849360469
hv42_13.png,0.583958995960
hv42_175.png,0.876387635494
hv42_20.png,0.344145494197
hv42_236.png,0.514995111057
hv42_256.png,0.543329460727
hv42_261.png,0.651279847050
hv42_283.png,0.437886585291
hv42_297.png,0.512471318550
hv42_304.png,0.409990911629
hv42_326.png,0.647493116278
hv42_336.png,0.752291129310
hv42_350.png,0.373888998154
hv42_361.png,0.512507560690
hv42_37.png,0.460572955910
hv42_379.png,0.484469875555
hv42_394.png,0.532017572832
hv42_420.png,0.443955624091
hv42_433.png,0.475218220003
hv42_440.png,0.602211538459
hv42_450.png,0.739005527747
hv42_487.png,0.534967837058
hv42_496.png,0.650920710120
hv42_505.png,0.648625482045
hv42_525.png,0.704894580238
hv42_535.png,0.748036005091
hv42_543.png,0.484425236391
hv42_550.png,0.453003211867
hv42_555.png,0.514319551476
hv42_562.png,0.503394281346
hv42_570.png,0.642123897621
hv42_576.png,0.553236623724
hv42_582.png,0.418877346750
hv42_586.png,0.613776419540
hv42_594.png,0.502916500830
hv42_6.png,0.557950573729
hv42_60.png,0.385766485811
hv42_601.png,0.546808019323
hv42_620.png,0.629597283574
hv42_651.png,0.363197031107
hv42_658.png,0.405012188273
hv42_664.png,0.529562092116
hv42_675.png,0.535233260520
hv42_686.png,0.856717523288
hv42_716.png,0.811416262197
hv42_736.png,0.928258392275
hv42_752.png,0.727109476336
hv42_774.png,0.776628246719
hv42_796.png,0.532108176036
hv42_837.png,0.590330309388
hv42_846.png,0.500325233692
hv42_855.png,0.686612600053
hv42_861.png,0.898913972018
hv42_885.png,0.494710799123
hv42_895.png,0.599905477138
hv42_906.png,0.401204831231
hv42_916.png,0.569502314432
hv42_925.png,0.679339817197
hv42_933.png,0.392582877009
hv42_937.png,0.585506883246
hv42_943.png,0.634827108670
hv42_970.png,0.469762237270
hv42_976.png,0.489463305823
hv42_981.png,0.467800073589
hv42_986.png,0.639912971972
hv42_99.png,0.575274756613
hv42_999.png,0.521543042101
hv43_1038.png,0.660396666720
hv43_1095.png,0.746892201700
hv43_1212.png,0.394545461709
hv43_1273.png,0.500251272442
hv43_1298.png,0.545033810770
hv43_1306.png,0.411647047510
hv43_1364.png,0.537945996059
hv43_324.png,0.898417288237
hv43_336.png,1.105942968641
hv43_451.png,0.774273560803
hv43_482.png,1.036571616742
hv43_644.png,1.057770823778
hv43_672.png,0.954625527457
hv43_685.png,1.028807180298
hv43_724.png,0.645164764101
hv43_931.png,0.410941295080
hv44_1.png,0.637049270219
hv44_2.png,0.633303249367
hv44_20.png,0.900442934788
hv44_25.png,0.748718657338
hv44_29.png,0.699060395250
hv44_3.png,0.734629542060
hv44_31.png,0.581492934107
hv44_34.png,0.689676083380
hv44_35.png,0.750885955694
hv44_38.png,0.717055842368
hv44_39.png,0.818813353409
hv44_4.png,0.732293044180
hv44_41.png,0.822784636296
hv44_43.png,0.698206406849
hv44_44.png,0.549046271173
hv44_47.png,0.575710002816
hv44_49.png,0.803986750758
hv45_159.png,0.721870350138
hv45_31.png,0.962671610606
hv45_315.png,0.883080442287
hv45_82.png,0.942023803079
hv46_124.png,0.846432961815
hv46_433.png,0.848767107268
hv47_1003.png,0.926637921317
hv47_1009.png,0.893291200921
hv47_1065.png,0.783017495328
hv47_1069.png,0.864588308328
hv47_1086.png,0.836443364357
hv47_1096.png,0.942751607984
hv47_1115.png,0.949718732178
hv47_1167.png,0.852662887198
hv47_118.png,0.775039890699
hv47_1187.png,0.894312628304
hv47_1192.png,0.868049862083
hv47_153.png,0.853785809075
hv47_208.png,0.832162059652
hv47_275.png,0.967693128869
hv47_322.png,0.962375255181
hv47_37.png,0.754939277987
hv47_408.png,0.934327746842
hv47_488.png,0.968420020249
hv47_547.png,1.074527060556
hv47_566.png,0.868355422703
hv47_588.png,0.872626638758
hv47_60.png,0.754382159572
hv47_624.png,0.663195536208
hv47_642.png,0.962041773279
hv47_661.png,0.848088532241
hv47_674.png,0.851856923378
hv47_699.png,0.626133142988
hv47_71.png,0.799655700556
hv47_727.png,0.724706909174
hv47_729.png,0.883013286594
hv47_76.png,0.841204381954
hv47_766.png,0.825655182346
hv47_786.png,0.817672769839
hv47_80.png,0.816275158668
hv47_844.png,0.730745534773
hv47_856.png,0.883509948250
hv47_858.png,0.561098845647
hv47_871.png,0.791008610503
hv47_887.png,0.801150702911
hv47_898.png,0.906863624509
hv47_92.png,0.777787376406
hv47_936.png,0.963203784512
hv47_95.png,0.690198406498
hv47_952.png,0.842091842308
hv48_.png,0.778397890252
hv48_104.png,0.733234740221
hv48_190.png,0.922119822955
hv48_196.png,1.014564901741
hv48_200.png,1.118332090806
hv48_255.png,0.823777609572
hv48_4.png,1.141207863734
hv48_63.png,1.170294751705
hv49_.png,0.825489562617
hv49_78.png,0.741856968691
hv49_82.png,0.631277837105
hv4_133.png,0.517002431220
hv4_162.png,0.569103492171
hv4_259.png,0.560079184758
hv4_267.png,0.396913867758
hv4_273.png,0.361374911773
hv4_289.png,0.569721444649
hv4_294.png,0.520116796730
hv4_304.png,0.643482275297
hv4_308.png,0.937105989828
hv4_34.png,0.690703494507
hv50_.png,0.537467158788
hv50_121.png,0.476716025166
hv50_186.png,0.406735553708
hv50_213.png,0.382981451401
hv50_223.png,0.371137274683
hv50_230.png,0.405052837974
hv50_241.png,0.529681631563
hv50_259.png,0.573423544384
hv50_26.png,0.468563191241
hv50_304.png,0.575963234102
hv50_319.png,0.566188030869
hv50_348.png,0.764688763754
hv50_366.png,0.836714214735
hv50_384.png,0.782987172124
hv50_392.png,0.706716841519
hv50_408.png,0.684874505586
hv50_416.png,0.747541072012
hv50_446.png,0.891859097207
hv50_465.png,0.955204396797
hv50_481.png,0.767826971661
hv50_493.png,0.753121449198
hv50_528.png,0.640354659918
hv50_57.png,0.495516393491
hv50_620.png,0.557877766097
hv50_639.png,0.568240632549
hv50_649.png,0.490343472080
hv50_696.png,0.481957343221
hv50_718.png,0.299779031610
hv50_736.png,0.334845591847
hv50_793.png,0.526341320653
hv50_81.png,0.458809709252
hv5_106.png,0.791110444715
hv5_136.png,0.443991443542
hv5_147.png,0.374054742367
hv5_22.png,0.765445650141
hv5_30.png,0.702774158158
hv5_34.png,0.665541497903
hv5_50.png,1.133924113157
hv5_56.png,0.897022619867
hv5_70.png,0.243705472522
hv5_75.png,0.245272011579
hv5_80.png,0.296835571653
hv5_86.png,0.379186519867
hv5_94.png,0.479125811568
hv6_100.png,0.964069171087
hv6_102.png,0.912139495982
hv6_106.png,1.042888933912
hv6_13.png,0.849597644384
hv6_133.png,1.041102758782
hv6_139.png,1.009657694698
hv6_142.png,1.064551902132
hv6_144.png,0.459490417386
hv6_147.png,0.468867373057
hv6_148.png,0.433482885267
hv6_152.png,0.486357092313
hv6_153.png,0.464948879567
hv6_154.png,0.661204983699
hv6_16.png,0.820852044582
hv6_166.png,0.274554543336
hv6_20.png,0.816274414708
hv6_204.png,0.311851886390
hv6_208.png,0.403177002345
hv6_217.png,0.526571766540
hv6_218.png,0.511305000993
hv6_223.png,0.449636679101
hv6_226.png,0.430576959800
hv6_24.png,0.812393960119
hv6_9.png,0.943420351009
hv6_96.png,0.262478945599
hv6_97.png,1.013951231636
hv7_126.png,0.513373091815
hv7_132.png,0.485860556438
hv7_138.png,1.051897858331
hv7_21.png,0.596323034639
hv7_22.png,0.554896598695
hv7_27.png,0.506566679455
hv8_120.png,0.824020227495
hv8_128.png,0.729760495954
hv8_147.png,0.428018721884
hv8_160.png,1.668659111110
hv8_169.png,0.526464105209
hv8_256.png,0.836777738494
hv8_262.png,0.887690137041
hv8_325.png,0.293537468202
hv8_367.png,1.005929571032
hv8_58.png,0.429890260528
hv8_88.png,0.931941661539
hv8_99.png,0.591434787869
hv9_1.png,1.455287494772
hv9_14.png,0.576696741094
hv9_182.png,1.013651249365
hv9_186.png,0.969380439306
hv9_188.png,0.964147163452
hv9_198.png,1.507129109420
hv9_202.png,1.509854298742
hv9_21.png,0.599678294478
hv9_215.png,1.826349426267
hv9_221.png,1.582432968774
hv9_223.png,1.149586621308
hv9_36.png,0.629530504827
hv9_47.png,0.695607243854
