image,fade
AM_Bing_211.png,0.831733036883
AM_Bing_217.png,0.663018402399
AM_Bing_222.png,1.346440279650
AM_Bing_229.png,1.146559288354
AM_Bing_232.png,0.235335506501
AM_Bing_242.png,0.829119721561
AM_Bing_243.png,1.502121285821
AM_Bing_274.png,1.323920418313
AM_Bing_318.png,0.954002804752
AM_Bing_422.png,0.744053644726
AM_Bing_464.png,1.105857894382
AM_Bing_536.png,2.809545494384
AM_Bing_640.png,0.300334006269
AM_Bing_727.png,1.406856942373
AM_Google_019.png,0.634019758351
AM_Google_035.png,2.445907536412
AM_Google_067.png,0.733344164555
AM_Google_10.png,0.250588963970
AM_Google_228.png,2.737496268776
AM_Google_244.png,5.706226031704
AM_Google_246.png,1.909311132147
AM_Google_250.png,2.627410409306
AM_Google_289.png,1.191685595811
AM_Google_309.png,5.519345416922
AM_Google_320.png,1.683869400706
AM_Google_359.png,1.860988498599
AM_Google_411.png,1.184962847891
AM_Google_494.png,3.200128925118
AM_Google_525.png,0.442904302274
AM_Google_617.png,2.796536734165
AM_Google_707.png,7.547635231202
AM_Google_711.png,4.184908034479
AM_Google_754.png,2.913946614878
AM_Google_768.png,1.051679135087
AM_Google_796.png,2.705285783176
AM_Google_869.png,1.076142340873
BD_Baidu_000.png,3.687373971546
BD_Baidu_007.png,4.902107191328
BD_Baidu_018.png,2.469115563015
BD_Baidu_022.png,2.021041865976
BD_Baidu_023.png,8.365286112275
BD_Baidu_031.png,3.395728600543
BD_Baidu_038.png,2.677456399630
BD_Baidu_039.png,3.427898327895
BD_Baidu_042.png,6.233433041704
BD_Baidu_045.png,1.854970574729
BD_Baidu_046.png,1.776014705330
BD_Baidu_050.png,3.209442325289
BD_Baidu_058.png,5.577292427585
BD_Baidu_059.png,2.333352999952
BD_Baidu_062.png,1.666329569721
BD_Baidu_065.png,1.679597623651
BD_Baidu_074.png,3.856201503657
BD_Baidu_076.png,2.226165494123
BD_Baidu_078.png,3.453804988052
BD_Baidu_08.png,4.223508319748
BD_Baidu_081.png,1.704029914794
BD_Baidu_084.png,1.888751548669
BD_Baidu_087.png,2.059261943998
BD_Baidu_088.png,2.947375720723
BD_Baidu_095.png,4.442358406538
BD_Baidu_097.png,2.897641013890
BD_Baidu_10.png,3.117454774531
BD_Baidu_102.png,2.369354832461
BD_Baidu_104.png,3.931454610405
BD_Baidu_105.png,3.199875250613
BD_Baidu_116.png,3.440646953414
BD_Baidu_117.png,2.205115390453
BD_Baidu_129.png,3.832038928307
BD_Baidu_133.png,3.123927364473
BD_Baidu_134.png,8.005700690792
BD_Baidu_137.png,3.902241894844
BD_Baidu_142.png,2.714231913065
BD_Baidu_143.png,1.462498663926
BD_Baidu_145.png,1.782023601995
BD_Baidu_166.png,3.152262426826
BD_Baidu_174.png,0.749856429440
BD_Baidu_18.png,2.193738523710
BD_Baidu_195.png,2.333031409405
BD_Baidu_196.png,3.267989305149
BD_Baidu_199.png,3.803895657581
BD_Baidu_200.png,3.804669292777
BD_Baidu_201.png,5.233950626273
BD_Baidu_208.png,2.662077501186
BD_Baidu_209.png,3.093504576921
BD_Baidu_211.png,2.762722530762
BD_Baidu_216.png,2.696655911626
BD_Baidu_222.png,3.078350502076
BD_Baidu_224.png,7.569742943079
BD_Baidu_247.png,2.057233023022
BD_Baidu_249.png,5.779094200973
BD_Baidu_250.png,2.744983561903
BD_Baidu_254.png,2.865688539191
BD_Baidu_256.png,3.914293339853
BD_Baidu_277.png,3.006917401200
BD_Baidu_281.png,1.776821380783
BD_Baidu_284.png,4.759373525537
BD_Baidu_285.png,1.753120654909
BD_Baidu_29.png,1.278998665209
BD_Baidu_291.png,3.246201775948
BD_Baidu_299.png,2.363415034976
BD_Baidu_306.png,3.564441118451
BD_Baidu_322.png,1.330005119804
BD_Baidu_332.png,4.557124131463
BD_Baidu_338.png,2.537304281585
BD_Baidu_347.png,2.555492336007
BD_Baidu_355.png,2.586608003960
BD_Baidu_375.png,2.671372674105
BD_Baidu_383.png,2.035567512051
BD_Baidu_385.png,1.905563945308
BD_Baidu_388.png,5.089275676604
BD_Baidu_389.png,1.040909911852
BD_Baidu_391.png,2.286447765770
BD_Baidu_397.png,4.077062330719
BD_Baidu_410.png,4.553569687919
BD_Baidu_424.png,3.091660398935
BD_Baidu_428.png,2.407599201858
BD_Baidu_451.png,1.650615052975
BD_Baidu_461.png,1.451779122722
BD_Baidu_464.png,7.974498945105
BD_Baidu_476.png,10.820400776555
BD_Baidu_481.png,4.382837670104
BD_Baidu_486.png,5.354519646462
BD_Bing_013.png,3.213923147195
BD_Bing_04.png,6.433145139041
BD_Bing_042.png,2.583687693982
BD_Bing_068.png,7.121504414029
BD_Bing_080.png,2.251654561109
BD_Bing_084.png,3.684540567741
BD_Bing_091.png,2.353284611398
BD_Bing_096.png,5.650278900796
BD_Bing_097.png,3.706641918174
BD_Bing_18.png,5.882391743086
BD_Bing_195.png,8.861882895507
BD_Bing_216.png,0.912431171431
BD_Bing_23.png,3.255337450608
BD_Bing_231.png,2.822942943140
BD_Bing_232.png,1.314680309038
BD_Bing_237.png,3.655551608371
BD_Bing_26.png,2.424222847884
BD_Bing_302.png,5.109862763364
BD_Bing_303.png,6.417068417852
BD_Bing_308.png,5.743009575264
BD_Bing_331.png,0.768139650294
BD_Bing_358.png,0.869629671378
BD_Bing_393.png,1.241025056615
BD_Bing_420.png,0.897558860873
BD_Bing_423.png,2.732650683850
BD_Bing_463.png,1.152461681350
BD_Bing_479.png,0.751960843343
BD_Bing_484.png,3.791891397509
BD_Bing_49.png,1.523799917657
BD_Bing_515.png,1.412705212545
BD_Bing_549.png,2.313859857347
BD_Bing_606.png,2.691875956774
BD_Bing_609.png,1.844696304199
BD_Bing_634.png,2.336611868088
BD_Bing_643.png,3.442230519208
BD_Bing_655.png,0.749881948095
BD_Bing_660.png,0.763774369703
BD_Bing_664.png,3.278467568746
BD_Bing_695.png,1.265119154279
BD_Bing_732.png,1.902383281431
BD_Bing_74.png,1.826937161702
BD_Bing_742.png,4.549473865544
BD_Bing_763.png,0.793074414736
BD_Bing_789.png,3.382017136922
BD_Bing_802.png,3.608800741299
BD_Google_00.png,1.410440127065
BD_Google_054.png,2.810053136343
BD_Google_098.png,1.541596281738
BD_Google_126.png,2.013856231216
BD_Google_129.png,6.069298147769
BD_Google_249.png,2.293723630745
BD_Google_253.png,1.040708000078
BD_Google_329.png,2.662045265245
BD_Google_343.png,1.599668372214
BD_Google_357.png,0.691558865758
BD_Google_360.png,1.071890069844
BD_Google_368.png,3.009914857747
BD_Google_372.png,1.434443913446
BD_Google_378.png,3.052161346927
BD_Google_380.png,0.690780724360
BD_Google_381.png,0.784247478378
BD_Google_396.png,1.216320397209
BD_Google_397.png,2.365892980628
BD_Google_421.png,0.767370067263
BD_Google_428.png,3.566643748957
BD_Google_435.png,2.895222415505
BD_Google_443.png,3.613349879488
BD_Google_466.png,4.779910125159
BD_Google_501.png,1.643884289125
BD_Google_569.png,1.858132070681
BD_Google_598.png,1.291575937909
BJ_Baidu_015.png,3.125342012960
BJ_Baidu_02.png,1.482759311818
BJ_Baidu_029.png,2.597821391350
BJ_Baidu_04.png,1.562315809687
BJ_Baidu_045.png,4.763704753773
BJ_Baidu_066.png,2.370929797768
BJ_Baidu_069.png,1.313858267426
BJ_Baidu_071.png,2.080142908607
BJ_Baidu_072.png,1.377223687588
BJ_Baidu_077.png,1.998787030103
BJ_Baidu_080.png,2.772504478593
BJ_Baidu_082.png,1.454075425753
BJ_Baidu_093.png,2.272931624666
BJ_Baidu_095.png,1.084449149563
BJ_Baidu_1023.png,0.879870472413
BJ_Baidu_1035.png,0.544362097694
BJ_Baidu_1039.png,0.882178524306
BJ_Baidu_1081.png,5.085196708892
BJ_Baidu_1086.png,0.641448836513
BJ_Baidu_1090.png,1.697520856656
BJ_Baidu_1099.png,0.824518773438
BJ_Baidu_1132.png,2.288507689292
BJ_Baidu_1153.png,1.400407319645
BJ_Baidu_1158.png,0.796142492678
BJ_Baidu_1167.png,2.044039354517
BJ_Baidu_1168.png,1.346758367531
BJ_Baidu_1170.png,1.637685589073
BJ_Baidu_118.png,3.775502283087
BJ_Baidu_1184.png,0.993477480504
BJ_Baidu_1191.png,1.059798245824
BJ_Baidu_1194.png,1.276025132360
BJ_Baidu_1202.png,2.516054147272
BJ_Baidu_1213.png,1.363509632619
BJ_Baidu_126.png,2.247184807934
BJ_Baidu_1269.png,2.964233606931
BJ_Baidu_132.png,7.326751974003
BJ_Baidu_138.png,3.686158774353
BJ_Baidu_144.png,2.497956960081
BJ_Baidu_153.png,5.677717552184
BJ_Baidu_156.png,1.487097679572
BJ_Baidu_157.png,3.470438841820
BJ_Baidu_164.png,2.923478727283
BJ_Baidu_165.png,3.175705558455
BJ_Baidu_168.png,3.596431116323
BJ_Baidu_171.png,1.749963255612
BJ_Baidu_173.png,2.573464411925
BJ_Baidu_181.png,2.151028791224
BJ_Baidu_183.png,1.811668143322
BJ_Baidu_192.png,2.259767680060
BJ_Baidu_199.png,2.642165211282
BJ_Baidu_202.png,2.098008795000
BJ_Baidu_207.png,1.605043427975
BJ_Baidu_21.png,3.720946589873
BJ_Baidu_212.png,3.747931364535
BJ_Baidu_217.png,2.746112269540
BJ_Baidu_220.png,0.952467178660
BJ_Baidu_221.png,1.791694728806
BJ_Baidu_232.png,3.467515837409
BJ_Baidu_248.png,2.669027607999
BJ_Baidu_260.png,1.867353549930
BJ_Baidu_275.png,0.919471026043
BJ_Baidu_279.png,2.110290215639
BJ_Baidu_284.png,1.534567788079
BJ_Baidu_287.png,0.667591986303
BJ_Baidu_290.png,3.868103037577
BJ_Baidu_309.png,1.495439093339
BJ_Baidu_320.png,2.754446338128
BJ_Baidu_333.png,1.703338926294
BJ_Baidu_363.png,4.306816272490
BJ_Baidu_384.png,1.720780972317
BJ_Baidu_40.png,1.532202674683
BJ_Baidu_41.png,1.653375167112
BJ_Baidu_421.png,1.085896406601
BJ_Baidu_427.png,4.880042935229
BJ_Baidu_443.png,2.017075515789
BJ_Baidu_447.png,2.782255982085
BJ_Baidu_450.png,3.910865947361
BJ_Baidu_459.png,3.316768492223
BJ_Baidu_474.png,2.213576537769
BJ_Baidu_476.png,2.048017745228
BJ_Baidu_478.png,1.525547400507
BJ_Baidu_485.png,0.674556373669
BJ_Baidu_487.png,1.226741170239
BJ_Baidu_491.png,1.425246557221
BJ_Baidu_512.png,1.658640270050
BJ_Baidu_528.png,0.882942686657
BJ_Baidu_535.png,3.612205990684
BJ_Baidu_536.png,1.949287438651
BJ_Baidu_559.png,1.698264225605
BJ_Baidu_571.png,1.875151279156
BJ_Baidu_575.png,2.570801244320
BJ_Baidu_576.png,1.891305735404
BJ_Baidu_589.png,3.247636124972
BJ_Baidu_590.png,1.178389595602
BJ_Baidu_597.png,3.810815303268
BJ_Baidu_613.png,1.948329914559
BJ_Baidu_633.png,0.855317061672
BJ_Baidu_653.png,1.158741725055
BJ_Baidu_657.png,0.530701003454
BJ_Baidu_672.png,2.381803419572
BJ_Baidu_683.png,2.419415316863
BJ_Baidu_684.png,0.797057301871
BJ_Baidu_698.png,3.293843453643
BJ_Baidu_704.png,2.978583058231
BJ_Baidu_719.png,1.691177654116
BJ_Baidu_720.png,1.973231474599
BJ_Baidu_748.png,0.517750846866
BJ_Baidu_754.png,2.115098723552
BJ_Baidu_773.png,1.646817271006
BJ_Baidu_78.png,2.036270028813
BJ_Baidu_800.png,1.351887109197
BJ_Baidu_831.png,2.923633919086
BJ_Baidu_832.png,2.132104377873
BJ_Baidu_842.png,2.651533061225
BJ_Baidu_873.png,1.094230370480
BJ_Baidu_891.png,1.803038988934
BJ_Baidu_903.png,1.662764271995
BJ_Baidu_904.png,4.509777115059
BJ_Baidu_909.png,1.259840788370
BJ_Baidu_917.png,0.666390578742
BJ_Baidu_960.png,0.933122655797
BJ_Baidu_966.png,0.368539091940
BJ_Baidu_972.png,0.756589526799
BJ_Baidu_996.png,0.787345399780
BJ_Bing_014.png,1.347687314161
BJ_Bing_031.png,3.252214134260
BJ_Bing_059.png,2.531421219774
BJ_Bing_060.png,1.033290452629
BJ_Bing_064.png,2.351709692701
BJ_Bing_066.png,3.667327860283
BJ_Bing_076.png,1.185070412180
BJ_Bing_082.png,1.884725870497
BJ_Bing_085.png,4.065296165063
BJ_Bing_087.png,1.228400938081
BJ_Bing_102.png,1.323540728889
BJ_Bing_104.png,2.843859555604
BJ_Bing_105.png,2.352320607667
BJ_Bing_116.png,1.323894521130
BJ_Bing_124.png,2.143292668211
BJ_Bing_131.png,0.759183675399
BJ_Bing_134.png,3.987137460566
BJ_Bing_137.png,1.345458402836
BJ_Bing_145.png,0.848547317083
BJ_Bing_150.png,1.163317349259
BJ_Bing_157.png,2.128008346832
BJ_Bing_164.png,3.694650937363
BJ_Bing_174.png,1.773972852996
BJ_Bing_185.png,1.243079625868
BJ_Bing_190.png,1.772854251934
BJ_Bing_192.png,4.168800346756
BJ_Bing_195.png,1.939432341257
BJ_Bing_206.png,2.806895139829
BJ_Bing_213.png,1.835817865668
BJ_Bing_214.png,3.260498711232
BJ_Bing_217.png,0.720431082128
BJ_Bing_224.png,0.981181807223
BJ_Bing_236.png,2.357392673551
BJ_Bing_261.png,1.153828100966
BJ_Bing_266.png,2.692992808877
BJ_Bing_271.png,2.543246042477
BJ_Bing_272.png,6.518296631803
BJ_Bing_284.png,1.591097267246
BJ_Bing_319.png,2.254060748186
BJ_Bing_337.png,1.648410599066
BJ_Bing_344.png,3.070989511875
BJ_Bing_381.png,1.835771250478
BJ_Bing_385.png,4.938218974467
BJ_Bing_392.png,2.171345121137
BJ_Bing_406.png,0.653017406326
BJ_Bing_418.png,0.678726732732
BJ_Bing_419.png,2.757210932847
BJ_Bing_427.png,0.946962007167
BJ_Bing_429.png,1.743726756392
BJ_Bing_433.png,0.927105117371
BJ_Bing_446.png,1.550594214835
BJ_Bing_455.png,4.188106253017
BJ_Bing_461.png,0.855310417300
BJ_Bing_471.png,0.959997938130
BJ_Bing_485.png,2.852155480187
BJ_Bing_494.png,2.851000493903
BJ_Bing_499.png,1.617308565257
BJ_Bing_504.png,2.857696414658
BJ_Bing_507.png,0.597915240871
BJ_Bing_523.png,1.201321224699
BJ_Bing_529.png,5.999425082010
BJ_Bing_544.png,7.801001680300
BJ_Bing_575.png,3.072409319979
BJ_Bing_576.png,3.090007218280
BJ_Bing_607.png,3.524496353608
BJ_Bing_613.png,1.328983341452
BJ_Bing_617.png,2.979429913358
BJ_Bing_630.png,3.253622502556
BJ_Bing_651.png,0.794851101726
BJ_Bing_660.png,5.858090034029
BJ_Bing_669.png,1.757208112206
BJ_Bing_672.png,3.369873475095
BJ_Bing_682.png,3.604067033178
BJ_Bing_696.png,0.942794504931
BJ_Bing_698.png,0.901541593483
BJ_Bing_699.png,0.722410869089
BJ_Bing_701.png,0.961293684781
BJ_Bing_706.png,2.054073751725
BJ_Bing_718.png,3.292413422222
BJ_Bing_719.png,4.570951623355
BJ_Bing_727.png,2.306894807255
BJ_Bing_738.png,1.529872992783
BJ_Bing_759.png,2.434614066659
BJ_Bing_760.png,1.299047517399
BJ_Google_002.png,4.215367176449
BJ_Google_014.png,3.377759259579
BJ_Google_022.png,2.616678183789
BJ_Google_024.png,3.185398605363
BJ_Google_038.png,3.271782114215
BJ_Google_053.png,3.269552516645
BJ_Google_087.png,2.969613968908
BJ_Google_088.png,3.524999441086
BJ_Google_093.png,1.599854911309
BJ_Google_098.png,0.722638574778
BJ_Google_116.png,3.510964361679
BJ_Google_132.png,6.024800602473
BJ_Google_144.png,3.256808983438
BJ_Google_15.png,2.966472548550
BJ_Google_162.png,2.965334723124
BJ_Google_165.png,2.576347106166
BJ_Google_166.png,1.240499087918
BJ_Google_172.png,1.371646492861
BJ_Google_178.png,2.582180247833
BJ_Google_19.png,1.417082529881
BJ_Google_203.png,1.961271978876
BJ_Google_211.png,1.408022842843
BJ_Google_216.png,1.654668377846
BJ_Google_22.png,1.394093513489
BJ_Google_222.png,4.776598479301
BJ_Google_24.png,3.122804976686
BJ_Google_254.png,5.735323404639
BJ_Google_261.png,2.550593961903
BJ_Google_269.png,2.758350230772
BJ_Google_274.png,2.799952885014
BJ_Google_282.png,2.161357100374
BJ_Google_287.png,5.157104237403
BJ_Google_288.png,4.975356213143
BJ_Google_293.png,6.160669119981
BJ_Google_296.png,4.793845440974
BJ_Google_303.png,1.494358316582
BJ_Google_309.png,1.383071893743
BJ_Google_310.png,1.783466017389
BJ_Google_326.png,4.241361307546
BJ_Google_33.png,5.525303070114
BJ_Google_331.png,5.394868295231
BJ_Google_334.png,2.036836500455
BJ_Google_342.png,5.715470759760
BJ_Google_347.png,3.502856559707
BJ_Google_357.png,7.708032331573
BJ_Google_359.png,2.262848905270
BJ_Google_374.png,3.272794737481
BJ_Google_389.png,3.921149097027
BJ_Google_400.png,1.434201027947
BJ_Google_401.png,4.164539407693
BJ_Google_408.png,1.474038190371
BJ_Google_409.png,4.782422942935
BJ_Google_412.png,5.080861157881
BJ_Google_418.png,1.965156028336
BJ_Google_429.png,1.381633241262
BJ_Google_436.png,1.804457726316
BJ_Google_44.png,3.508816519579
BJ_Google_446.png,2.537445939379
BJ_Google_447.png,1.758286451453
BJ_Google_454.png,0.472030417038
BJ_Google_455.png,3.178781008351
BJ_Google_457.png,1.380515429323
BJ_Google_460.png,3.806745180791
BJ_Google_471.png,2.154206435477
BJ_Google_472.png,2.223843328724
BJ_Google_478.png,5.431372869893
BJ_Google_49.png,1.286518923371
BJ_Google_500.png,2.097974305139
BJ_Google_508.png,0.675180672014
BJ_Google_515.png,3.481095211806
BJ_Google_522.png,1.973487895442
BJ_Google_525.png,2.882121898688
BJ_Google_535.png,1.890050427733
BJ_Google_551.png,1.816132104586
BJ_Google_560.png,2.092364644040
BJ_Google_567.png,3.090516007313
BJ_Google_571.png,3.177266059767
BJ_Google_576.png,1.880880567040
BJ_Google_579.png,4.163789998444
BJ_Google_593.png,3.370060870335
BJ_Google_595.png,1.668087353879
BJ_Google_603.png,1.832365166099
BJ_Google_605.png,5.156561971244
BJ_Google_608.png,2.393866078977
BJ_Google_613.png,1.921698905013
BJ_Google_620.png,2.386640657026
BJ_Google_631.png,1.646798285468
BJ_Google_635.png,1.314407435515
BJ_Google_637.png,1.739800002811
BL_Baidu_068.png,0.881540356855
BL_Baidu_069.png,1.912715428973
BL_Baidu_070.png,5.468663645671
BL_Baidu_074.png,2.437882798207
BL_Baidu_084.png,6.304354473488
BL_Baidu_087.png,2.054175619457
BL_Baidu_102.png,2.490147812927
BL_Baidu_103.png,0.506689112351
BL_Baidu_129.png,0.427376701169
BL_Baidu_134.png,1.256153026369
BL_Baidu_176.png,0.688376887366
BL_Baidu_213.png,2.978779387721
BL_Bing_020.png,1.590490834627
BL_Bing_075.png,1.986936640729
BL_Bing_092.png,2.032702691925
BL_Bing_122.png,0.682580519163
BL_Bing_126.png,1.812701078130
BL_Bing_128.png,2.052094759459
BL_Bing_134.png,2.470424083362
BL_Bing_186.png,0.938104861207
BL_Bing_193.png,2.065382400467
BL_Bing_273.png,3.030448797504
BL_Bing_314.png,1.852443703896
BL_Bing_350.png,2.366127542382
BL_Bing_430.png,1.395622828033
BL_Bing_446.png,1.904955260616
BL_Bing_591.png,0.693991572176
BL_Bing_627.png,2.135407032623
BL_Bing_743.png,2.160967986590
BL_Google_047.png,0.785847357747
BL_Google_065.png,0.397578619223
BL_Google_121.png,1.708263915998
BL_Google_127.png,1.468348244727
BL_Google_147.png,4.680733474095
BL_Google_173.png,3.139788869523
BL_Google_178.png,4.042119434749
BL_Google_199.png,0.797623844912
BL_Google_256.png,2.193326572337
BL_Google_339.png,6.342559376242
BL_Google_433.png,2.533048797708
BL_Google_440.png,0.580776669387
BL_Google_463.png,3.847122588233
BL_Google_528.png,3.370925382418
CC_Baidu_01.png,2.426760357286
CC_Baidu_011.png,2.245905545736
CC_Baidu_016.png,4.007637444727
CC_Baidu_017.png,4.328416435201
CC_Baidu_028.png,3.799853412546
CC_Baidu_039.png,4.835146536944
CC_Baidu_040.png,3.279881266983
CC_Baidu_042.png,5.527503855441
CC_Baidu_047.png,2.448219859169
CC_Baidu_055.png,9.433062649034
CC_Baidu_066.png,2.287552300660
CC_Baidu_075.png,4.018264566983
CC_Baidu_081.png,1.848246749805
CC_Baidu_083.png,1.312072775694
CC_Baidu_086.png,2.641040661825
CC_Baidu_091.png,3.017554127680
CC_Baidu_095.png,1.206374205724
CC_Baidu_102.png,5.178963610272
CC_Baidu_108.png,3.628178907876
CC_Baidu_11.png,1.605056171773
CC_Baidu_117.png,2.073628969704
CC_Baidu_12.png,1.760771955452
CC_Baidu_132.png,3.026281435169
CC_Baidu_137.png,4.733042269598
CC_Baidu_141.png,6.138004193148
CC_Baidu_142.png,2.309446595108
CC_Baidu_146.png,1.409955973654
CC_Baidu_147.png,5.035373541143
CC_Baidu_148.png,0.952023591687
CC_Baidu_150.png,1.981927693720
CC_Baidu_151.png,0.921285483223
CC_Baidu_153.png,2.233022145280
CC_Baidu_168.png,4.078789468676
CC_Baidu_169.png,6.603356317448
CC_Baidu_17.png,1.281479364701
CC_Baidu_174.png,7.096285285736
CC_Baidu_176.png,1.776482472452
CC_Baidu_179.png,0.781435092863
CC_Baidu_189.png,3.473054720871
CC_Baidu_19.png,3.175324320982
CC_Baidu_221.png,4.123509057666
CC_Baidu_226.png,4.379102514638
CC_Baidu_228.png,5.274975943352
CC_Baidu_229.png,5.019431447210
CC_Baidu_230.png,5.096438852940
CC_Baidu_233.png,5.754237093844
CC_Baidu_236.png,1.696472820599
CC_Baidu_237.png,1.923072620682
CC_Baidu_244.png,2.376027289586
CC_Baidu_254.png,2.248769673837
CC_Baidu_256.png,0.808798270827
CC_Baidu_286.png,2.731799435948
CC_Baidu_295.png,1.673700753306
CC_Baidu_296.png,1.841430673744
CC_Bing_001.png,4.431395232956
CC_Bing_003.png,3.228182850889
CC_Bing_004.png,3.712687589833
CC_Bing_020.png,0.780286984775
CC_Bing_022.png,1.323423436088
CC_Bing_027.png,3.251478705937
CC_Bing_046.png,1.870612001171
CC_Bing_052.png,4.819082427272
CC_Bing_062.png,2.130718923922
CC_Bing_070.png,0.925352785379
CC_Bing_081.png,4.418834205915
CC_Bing_11.png,1.656468257752
CC_Bing_112.png,0.626917144158
CC_Bing_125.png,2.359429295902
CC_Bing_134.png,4.227919044492
CC_Bing_195.png,1.562060047005
CC_Bing_204.png,2.982816114139
CC_Bing_218.png,6.455523747333
CC_Bing_223.png,2.249500251292
CC_Bing_242.png,3.875986472757
CC_Bing_26.png,1.282716689282
CC_Bing_275.png,4.309458539657
CC_Bing_283.png,2.249805287529
CC_Bing_290.png,2.170372502153
CC_Bing_309.png,1.951681048468
CC_Bing_327.png,0.890166323094
CC_Bing_336.png,2.880569867699
CC_Bing_356.png,3.583794241660
CC_Bing_357.png,0.785780009322
CC_Bing_371.png,3.568316902931
CC_Bing_375.png,2.079626987263
CC_Bing_384.png,2.744285161513
CC_Bing_390.png,3.233144909009
CC_Bing_409.png,4.508311176363
CC_Bing_434.png,5.817046580243
CC_Bing_436.png,2.189373368394
CC_Bing_441.png,5.020547371111
CC_Bing_452.png,1.566136261334
CC_Bing_486.png,3.738742527091
CC_Bing_510.png,4.883901575904
CC_Bing_512.png,5.108161805314
CC_Bing_523.png,0.936467137205
CC_Bing_524.png,2.541162065687
CC_Bing_547.png,1.914732133983
CC_Bing_548.png,6.345632263233
CC_Bing_572.png,4.447456513959
CC_Bing_573.png,3.429368687726
CC_Bing_587.png,1.275415463909
CC_Bing_633.png,2.049161859229
CC_Bing_637.png,2.599038918722
CC_Bing_653.png,2.383141434692
CC_Bing_666.png,0.936922570888
CC_Bing_668.png,2.857533479060
CC_Bing_683.png,2.131983277901
CC_Bing_689.png,0.795169909527
CC_Bing_694.png,2.628387727922
CC_Bing_725.png,4.918653510944
CC_Bing_731.png,4.297933674250
CC_Bing_750.png,1.857809777459
CC_Bing_758.png,5.514531310546
CC_Bing_836.png,3.900372759854
CC_Bing_837.png,1.696872802858
CC_Bing_875.png,5.074015937309
CC_Google_007.png,3.983836036636
CC_Google_015.png,5.513500337841
CC_Google_033.png,1.810394034428
CC_Google_038.png,1.664964673800
CC_Google_04.png,2.455694449068
CC_Google_041.png,6.761897358473
CC_Google_058.png,6.190222242748
CC_Google_07.png,2.150221800053
CC_Google_074.png,1.560722571773
CC_Google_089.png,1.138493665829
CD_Baidu_012.png,3.289316034892
CD_Baidu_013.png,2.529338032346
CD_Baidu_019.png,3.729557850496
CD_Baidu_025.png,5.238433436007
CD_Baidu_058.png,0.941559955331
CD_Baidu_077.png,9.117772392678
CD_Baidu_083.png,2.199231911809
CD_Baidu_095.png,0.999815183445
CD_Baidu_127.png,2.471683555463
CD_Baidu_137.png,2.116185310936
CD_Baidu_160.png,4.866389369427
CD_Baidu_169.png,2.762828293268
CD_Baidu_180.png,0.657830543189
CD_Baidu_183.png,0.817715303700
CD_Baidu_194.png,3.909925380694
CD_Baidu_195.png,3.342891647416
CD_Baidu_201.png,2.283857633541
CD_Baidu_214.png,2.007080694783
CD_Baidu_221.png,2.307751075720
CD_Baidu_225.png,3.639984821395
CD_Baidu_249.png,2.571640675808
CD_Baidu_255.png,5.154293583817
CD_Baidu_269.png,3.293547895078
CD_Baidu_308.png,5.621808856284
CD_Baidu_342.png,2.826318991955
CD_Baidu_352.png,3.111922656534
CD_Baidu_354.png,5.059444534904
CD_Baidu_422.png,1.524617550304
CD_Baidu_424.png,1.516111661064
CD_Baidu_427.png,4.643595371542
CD_Baidu_434.png,2.905733835589
CD_Baidu_450.png,1.909399277514
CD_Baidu_453.png,2.220420428874
CD_Baidu_47.png,1.665592486144
CD_Baidu_479.png,3.297509113091
CD_Baidu_489.png,2.991031943859
CD_Baidu_523.png,4.304788285835
CD_Bing_064.png,1.944629954135
CD_Bing_139.png,0.487969066433
CD_Bing_144.png,1.618450673669
CD_Bing_176.png,1.772191712606
CD_Bing_177.png,1.156222617192
CD_Bing_214.png,1.987811637786
CD_Bing_221.png,0.450380579903
CD_Bing_256.png,1.323153481213
CD_Bing_262.png,1.636096599159
CD_Bing_270.png,4.878377751552
CD_Bing_292.png,0.429693800486
CD_Bing_30.png,1.494184775195
CD_Bing_310.png,2.284400459822
CD_Bing_338.png,1.291961576427
CD_Bing_390.png,1.933739147862
CD_Bing_402.png,0.645473851459
CD_Bing_416.png,1.375520207798
CD_Bing_436.png,0.689005592401
CD_Bing_452.png,2.111300821177
CD_Bing_501.png,0.648278634909
CD_Bing_533.png,5.345248767188
CD_Bing_581.png,1.351932716690
CD_Bing_662.png,0.691288817441
CD_Bing_737.png,1.600779000297
CD_Bing_790.png,0.688463223044
CD_Bing_812.png,2.261568819839
CD_Google_04.png,1.689447047130
CD_Google_065.png,1.312462047022
CD_Google_078.png,2.424624617004
CD_Google_135.png,2.711173214069
CD_Google_158.png,4.428153212352
CD_Google_162.png,7.100605241272
CD_Google_180.png,3.769533585247
CD_Google_185.png,1.321196143964
CD_Google_199.png,1.350045863718
CD_Google_207.png,3.043159263108
CD_Google_239.png,3.922398933054
CD_Google_341.png,6.624922592805
CD_Google_367.png,2.628371400109
CD_Google_372.png,0.596334257421
CD_Google_518.png,1.206095417676
CD_Google_571.png,2.792895412032
CD_Google_609.png,3.101643638747
CD_Google_63.png,2.202132423367
CD_Google_630.png,2.408932883914
CD_Google_631.png,0.405585220928
CD_Google_643.png,2.458286814750
CQ_Baidu_062.png,5.026755744348
CQ_Baidu_147.png,1.929019901038
CQ_Baidu_190.png,1.539898847557
CQ_Baidu_199.png,1.933562556239
CQ_Baidu_273.png,0.989709699643
CQ_Baidu_286.png,1.589354523696
CQ_Baidu_291.png,1.911079043277
CQ_Baidu_316.png,0.721786628230
CQ_Baidu_327.png,0.311999216075
CQ_Baidu_345.png,1.062620764067
CQ_Baidu_373.png,4.987360244483
CQ_Bing_162.png,1.186646723884
CQ_Bing_190.png,2.276439462975
CQ_Bing_221.png,1.570576874149
CQ_Bing_318.png,0.611277790465
CQ_Bing_342.png,2.516848659752
CQ_Google_019.png,3.099563536610
CQ_Google_029.png,4.351251245076
CQ_Google_035.png,4.897619970748
CQ_Google_290.png,3.776636247395
CQ_Google_35.png,1.157390827753
CQ_Google_370.png,3.959477832939
CQ_Google_380.png,1.261150808083
CQ_Google_406.png,1.061065065287
CQ_Google_446.png,2.581310274932
CQ_Google_52.png,3.488479575764
CQ_Google_521.png,2.321037658642
CQ_Google_529.png,3.678726464900
CQ_Google_547.png,4.294416490567
CQ_Google_55.png,5.286497709613
CQ_Google_615.png,1.778757732258
CQ_Google_745.png,1.799215235447
CQ_Google_763.png,1.219742425287
DJ_Baidu_023.png,2.644274485920
DJ_Baidu_040.png,3.050275592077
DJ_Baidu_055.png,3.466287778802
DJ_Baidu_065.png,1.352008185654
DJ_Baidu_104.png,0.743155459354
DJ_Baidu_179.png,0.496805877059
DJ_Baidu_189.png,2.073305602921
DJ_Baidu_206.png,1.241125972799
DJ_Baidu_240.png,4.573635620878
DJ_Bing_007.png,3.266664140698
DJ_Bing_021.png,1.126669333481
DJ_Bing_121.png,0.627688573489
DJ_Bing_127.png,1.120848043344
DJ_Bing_148.png,1.608562459817
DJ_Bing_20.png,0.320181400701
DJ_Bing_259.png,0.659172103568
DJ_Bing_271.png,0.635062020981
DJ_Bing_283.png,4.110140423760
DJ_Bing_313.png,3.795368058022
DJ_Bing_321.png,0.892688847701
DJ_Bing_372.png,1.227640707033
DJ_Bing_555.png,1.118984788251
DJ_Bing_694.png,0.748207641535
DJ_Google_026.png,1.873805974841
DJ_Google_154.png,5.146570318451
DJ_Google_157.png,6.378820577953
DJ_Google_199.png,1.796596517491
DJ_Google_234.png,4.227992196607
DJ_Google_388.png,2.440427259194
DJ_Google_398.png,1.770654083327
DJ_Google_406.png,1.839715426707
DJ_Google_425.png,3.109101525833
DJ_Google_535.png,2.399348288909
DJ_Google_674.png,4.847670561635
FogDr_Bing_002.png,3.531814675928
FogDr_Bing_003.png,2.083724735778
FogDr_Bing_008.png,1.017176812646
FogDr_Bing_019.png,0.547478698390
FogDr_Bing_106.png,1.543979098890
FogDr_Bing_125.png,1.676862197977
FogDr_Bing_206.png,2.841806098132
FogDr_Bing_217.png,0.661820160078
FogDr_Bing_223.png,2.384567671070
FogDr_Bing_237.png,0.718664201436
FogDr_Bing_256.png,3.152738876379
FogDr_Bing_304.png,6.858293293041
FogDr_Bing_358.png,3.552872015557
FogDr_Bing_367.png,2.273477160846
FogDr_Bing_370.png,2.175508324691
FogDr_Bing_394.png,6.200439828159
FogDr_Bing_405.png,3.630769181996
FogDr_Bing_410.png,2.409312883287
FogDr_Bing_422.png,1.338001601940
FogDr_Bing_443.png,1.358598269843
FogDr_Bing_454.png,1.527761800439
FogDr_Bing_510.png,1.803196835697
FogDr_Bing_535.png,1.987051186693
FogDr_Bing_557.png,2.280288976813
FogDr_Bing_559.png,3.676224836919
FogDr_Bing_567.png,3.554870974492
FogDr_Bing_569.png,0.936926105701
FogDr_Bing_635.png,1.850136052377
FogDr_Bing_648.png,1.497454377686
FogDr_Bing_697.png,5.786046579134
FogDr_Google_003.png,1.357703983852
FogDr_Google_004.png,5.916145047331
FogDr_Google_013.png,1.442910441448
FogDr_Google_014.png,1.014959979416
FogDr_Google_018.png,2.994742596587
FogDr_Google_024.png,5.154396510948
FogDr_Google_025.png,2.803561030667
FogDr_Google_026.png,6.189587344719
FogDr_Google_031.png,1.079560668286
FogDr_Google_035.png,3.423496869192
FogDr_Google_036.png,1.112341085017
FogDr_Google_040.png,3.976497451842
FogDr_Google_045.png,4.751934494726
FogDr_Google_050.png,2.794420631604
FogDr_Google_054.png,2.340852473597
FogDr_Google_058.png,1.254856992322
FogDr_Google_062.png,2.052154551923
FogDr_Google_063.png,3.384944202616
FogDr_Google_066.png,2.080483240950
FogDr_Google_072.png,1.730040978151
FogDr_Google_073.png,0.700390147986
FogDr_Google_074.png,0.991153906125
FogDr_Google_076.png,0.931380326064
FogDr_Google_077.png,0.840906080285
FogDr_Google_080.png,1.136939158685
FogDr_Google_081.png,6.696830750655
FogDr_Google_085.png,1.405406604558
FogDr_Google_089.png,2.280596918030
FogDr_Google_096.png,3.782974920961
FogDr_Google_105.png,3.787098279420
FogDr_Google_116.png,6.131517550946
FogDr_Google_117.png,2.897206329976
FogDr_Google_118.png,1.977764300469
FogDr_Google_123.png,2.367358088708
FogDr_Google_128.png,1.464566372781
FogDr_Google_129.png,3.082526548467
FogDr_Google_133.png,5.023210215982
FogDr_Google_137.png,1.403625969142
FogDr_Google_139.png,8.950903379318
FogDr_Google_140.png,1.632090843227
FogDr_Google_141.png,4.970894399370
FogDr_Google_145.png,1.301198565846
FogDr_Google_150.png,6.423529944347
FogDr_Google_157.png,1.496569383112
FogDr_Google_160.png,6.135910227373
FogDr_Google_167.png,5.591848417486
FogDr_Google_170.png,1.072274633447
FogDr_Google_172.png,0.977901659045
FogDr_Google_175.png,1.041819872340
FogDr_Google_187.png,0.975362794773
FogDr_Google_189.png,2.607197195463
FogDr_Google_196.png,3.508084938106
FogDr_Google_214.png,1.151464968892
FogDr_Google_215.png,6.351765675121
FogDr_Google_222.png,4.913466442703
FogDr_Google_223.png,2.471602253173
FogDr_Google_238.png,1.565237650367
FogDr_Google_24.png,3.980991777095
FogDr_Google_246.png,1.903324990653
FogDr_Google_255.png,3.046544810406
FogDr_Google_257.png,2.675175460225
FogDr_Google_259.png,3.366791310620
FogDr_Google_261.png,4.943203055190
FogDr_Google_279.png,0.924709532983
FogDr_Google_293.png,1.985386084815
FogDr_Google_294.png,0.998486608846
FogDr_Google_306.png,3.820443475455
FogDr_Google_308.png,2.062387399595
FogDr_Google_311.png,3.563966765725
FogDr_Google_337.png,3.332230523981
FogDr_Google_348.png,3.887600669139
FogDr_Google_358.png,2.077890058158
FogDr_Google_362.png,6.531243127905
FogDr_Google_365.png,0.994637881222
FogDr_Google_367.png,1.593741151988
FogDr_Google_370.png,3.661553752223
FogDr_Google_375.png,3.692231966646
FogDr_Google_387.png,3.414348319187
FogDr_Google_392.png,4.439003094239
FogDr_Google_402.png,1.876055471447
FogDr_Google_405.png,1.620170145280
FogDr_Google_410.png,1.774090364668
FogDr_Google_415.png,2.127693720672
FogDr_Google_426.png,2.707991502433
FogDr_Google_429.png,2.006966913546
FogDr_Google_430.png,2.633154817018
FogDr_Google_431.png,7.574604637418
FogDr_Google_467.png,1.466882147000
FogDr_Google_470.png,4.476162293175
FogDr_Google_501.png,1.512684416776
FogDr_Google_509.png,1.910255824080
FogDr_Google_515.png,1.188998392490
FogDr_Google_519.png,2.212570051764
FogDr_Google_520.png,1.194222565572
FogDr_Google_538.png,3.764262420074
FogDr_Google_564.png,1.331111935720
FogDr_Google_569.png,5.634060505229
FogDr_Google_589.png,2.777470119463
FogDr_Google_590.png,2.392438338908
FogDr_Google_597.png,2.824890756860
FogDr_Google_599.png,2.390226380959
FogDr_Google_638.png,1.060237645609
FogDr_Google_651.png,4.761343470125
FogDr_Google_658.png,0.967010207782
FogDr_Google_669.png,1.539747341181
FogDr_Google_674.png,6.011422991800
FogDr_Google_678.png,3.597921603459
FogDr_Google_694.png,0.969305721599
FogDr_Google_700.png,2.216577717367
FogDr_Google_703.png,6.529210773659
FogDr_Google_706.png,2.332935088706
FogDr_Google_709.png,1.650018862358
FogDr_Google_713.png,0.689800339926
FogDr_Google_720.png,1.946222459733
FogDr_Google_721.png,2.174950358794
FogDr_Google_724.png,0.745969941874
FogDr_Google_744.png,2.024395582116
FogDr_Google_747.png,5.524589659888
FogDr_Google_756.png,2.121887482714
FogDr_Google_757.png,1.461335012642
FogDr_Google_765.png,2.657202255640
FogDr_Google_783.png,1.528394169292
FogDr_Google_785.png,2.347669153021
FogDr_Google_788.png,1.267482500988
FogDr_Google_791.png,3.466301779691
FogDr_Google_792.png,4.566611815735
FogDr_Google_794.png,1.861637697731
FogDr_Google_798.png,1.333964970624
FogDr_Google_799.png,4.253773216247
FogDr_Google_811.png,1.105228662379
GRCN_Google_098.png,1.575639320366
GRCN_Google_108.png,2.526336844043
GRCN_Google_152.png,1.734198091225
GRCN_Google_207.png,1.188368110664
GRCN_Google_297.png,1.222230670573
GRCN_Google_308.png,1.392703045497
GRCN_Google_330.png,3.921921302981
GRCN_Google_340.png,1.111842848421
GRCN_Google_346.png,0.716231921622
GRCN_Google_385.png,2.678059726265
GRCN_Google_482.png,1.163220780596
GRCN_Google_509.png,1.324217964093
GRCN_Google_517.png,2.561386836593
GRCN_Google_538.png,1.612925543327
GRCN_Google_601.png,2.335455226559
GRCN_Google_696.png,2.231408959149
GRCN_Google_698.png,1.684291787477
GRCN_Google_713.png,0.382460433465
GSGL_Baidu_003.png,4.042045457719
GSGL_Baidu_005.png,7.361024773689
GSGL_Baidu_006.png,3.763162772405
GSGL_Baidu_012.png,3.790969886984
GSGL_Baidu_016.png,2.078133420850
GSGL_Baidu_019.png,4.105948099068
GSGL_Baidu_020.png,1.064065334364
GSGL_Baidu_028.png,1.748486806989
GSGL_Baidu_029.png,2.597685585613
GSGL_Baidu_032.png,2.258332171448
GSGL_Baidu_035.png,2.881396301725
GSGL_Baidu_036.png,3.459275867382
GSGL_Baidu_037.png,2.884289081491
GSGL_Baidu_038.png,1.221189992051
GSGL_Baidu_045.png,4.110771102765
GSGL_Baidu_047.png,5.517300549296
GSGL_Baidu_048.png,2.087022704185
GSGL_Baidu_051.png,0.748086662939
GSGL_Baidu_052.png,2.089557961702
GSGL_Baidu_056.png,2.394086278406
GSGL_Baidu_058.png,0.800794438341
GSGL_Baidu_060.png,1.592186181219
GSGL_Baidu_065.png,1.505702652860
GSGL_Baidu_071.png,2.375354439888
GSGL_Baidu_072.png,2.660460655237
GSGL_Baidu_075.png,0.946137811904
GSGL_Baidu_076.png,3.119249531721
GSGL_Baidu_078.png,1.467174206169
GSGL_Baidu_079.png,1.317189566454
GSGL_Baidu_085.png,1.361695732792
GSGL_Baidu_09.png,0.895425924702
GSGL_Baidu_093.png,3.240107291122
GSGL_Baidu_094.png,2.872932013231
GSGL_Baidu_1002.png,1.939447533338
GSGL_Baidu_1011.png,1.024392854038
GSGL_Baidu_1016.png,0.642963578231
GSGL_Baidu_1021.png,1.256718620698
GSGL_Baidu_1027.png,2.405538848871
GSGL_Baidu_1028.png,5.270244127079
GSGL_Baidu_1029.png,2.427810792565
GSGL_Baidu_1034.png,3.024213084912
GSGL_Baidu_1035.png,0.417527184184
GSGL_Baidu_1038.png,4.108521093804
GSGL_Baidu_104.png,1.136966372665
GSGL_Baidu_1040.png,1.031595685461
GSGL_Baidu_1046.png,0.946219365238
GSGL_Baidu_1053.png,3.424060162779
GSGL_Baidu_1054.png,0.318808838667
GSGL_Baidu_1059.png,5.012362728176
GSGL_Baidu_1066.png,0.567997074977
GSGL_Baidu_1072.png,0.962502215791
GSGL_Baidu_1074.png,2.003797050527
GSGL_Baidu_1077.png,3.579637940985
GSGL_Baidu_1084.png,2.961313432327
GSGL_Baidu_1086.png,2.574446523458
GSGL_Baidu_1087.png,0.932275852230
GSGL_Baidu_1088.png,2.244216481112
GSGL_Baidu_1089.png,0.694910882229
GSGL_Baidu_1102.png,3.984881359467
GSGL_Baidu_1104.png,5.084063391600
GSGL_Baidu_1121.png,1.228491414333
GSGL_Baidu_1122.png,2.317264878890
GSGL_Baidu_113.png,1.332292597608
GSGL_Baidu_1135.png,0.663652514023
GSGL_Baidu_1136.png,0.334870339883
GSGL_Baidu_1138.png,2.746132857721
GSGL_Baidu_1139.png,1.316950573547
GSGL_Baidu_1142.png,2.259621021396
GSGL_Baidu_1145.png,1.367880456216
GSGL_Baidu_1149.png,1.824095361972
GSGL_Baidu_1155.png,1.920720776980
GSGL_Baidu_1156.png,3.985818384551
GSGL_Baidu_1158.png,0.776158553495
GSGL_Baidu_1163.png,0.610624670802
GSGL_Baidu_1167.png,1.078118073205
GSGL_Baidu_1170.png,0.785800005491
GSGL_Baidu_1171.png,1.522951260817
GSGL_Baidu_1176.png,2.802222896238
GSGL_Baidu_1177.png,1.422070230535
GSGL_Baidu_1190.png,5.260976076440
GSGL_Baidu_1191.png,4.934319604877
GSGL_Baidu_1210.png,2.230350713516
GSGL_Baidu_1216.png,3.469195326073
GSGL_Baidu_1220.png,0.755539067001
GSGL_Baidu_1232.png,2.616257934497
GSGL_Baidu_1241.png,1.356154021986
GSGL_Baidu_1249.png,0.750579328571
GSGL_Baidu_1251.png,1.235304484943
GSGL_Baidu_1257.png,2.396891742173
GSGL_Baidu_1259.png,1.100474614639
GSGL_Baidu_1263.png,1.522987962432
GSGL_Baidu_1270.png,3.612684583010
GSGL_Baidu_133.png,0.390945508846
GSGL_Baidu_144.png,1.444295701790
GSGL_Baidu_145.png,1.415523940809
GSGL_Baidu_147.png,2.954807991895
GSGL_Baidu_148.png,1.191091264491
GSGL_Baidu_149.png,0.885847290865
GSGL_Baidu_156.png,1.226686694719
GSGL_Baidu_163.png,1.004626520922
GSGL_Baidu_173.png,3.435896711028
GSGL_Baidu_175.png,2.510617325134
GSGL_Baidu_179.png,1.363597381997
GSGL_Baidu_187.png,0.520143246680
GSGL_Baidu_196.png,1.605249356170
GSGL_Baidu_198.png,1.926547601799
GSGL_Baidu_200.png,1.822690382706
GSGL_Baidu_207.png,2.950799575645
GSGL_Baidu_211.png,5.986080398103
GSGL_Baidu_217.png,3.987917495068
GSGL_Baidu_220.png,1.234991677310
GSGL_Baidu_226.png,3.445429447501
GSGL_Baidu_229.png,3.415601470690
GSGL_Baidu_23.png,1.231575622093
GSGL_Baidu_249.png,2.113353831673
GSGL_Baidu_253.png,1.527446852670
GSGL_Baidu_261.png,0.493312502261
GSGL_Baidu_266.png,2.021884936263
GSGL_Baidu_270.png,1.191931129601
GSGL_Baidu_273.png,4.257846151326
GSGL_Baidu_281.png,2.817485485911
GSGL_Baidu_282.png,4.025848713878
GSGL_Baidu_288.png,1.778015121163
GSGL_Baidu_296.png,3.332153612941
GSGL_Baidu_300.png,0.494043562600
GSGL_Baidu_304.png,2.931575939905
GSGL_Baidu_308.png,2.401376950518
GSGL_Baidu_329.png,3.733956151949
GSGL_Baidu_330.png,2.012973791803
GSGL_Baidu_335.png,2.933336447045
GSGL_Baidu_35.png,0.871169465575
GSGL_Baidu_360.png,2.219469445380
GSGL_Baidu_390.png,3.437320746477
GSGL_Baidu_394.png,1.219951337864
GSGL_Baidu_399.png,1.105279654333
GSGL_Baidu_407.png,4.938924185049
GSGL_Baidu_412.png,1.485534206228
GSGL_Baidu_418.png,4.377565975391
GSGL_Baidu_424.png,1.805220595936
GSGL_Baidu_427.png,2.435763208614
GSGL_Baidu_448.png,2.777713101391
GSGL_Baidu_456.png,2.190208608744
GSGL_Baidu_458.png,5.388665021157
GSGL_Baidu_464.png,2.967284661296
GSGL_Baidu_465.png,1.526291374982
GSGL_Baidu_474.png,1.945901045864
GSGL_Baidu_476.png,0.701998169175
GSGL_Baidu_478.png,0.752426379162
GSGL_Baidu_479.png,3.578825227045
GSGL_Baidu_484.png,0.657134033526
GSGL_Baidu_489.png,1.175712964368
GSGL_Baidu_490.png,1.257165834163
GSGL_Baidu_495.png,2.378453904147
GSGL_Baidu_501.png,2.156771220347
GSGL_Baidu_529.png,1.076555131652
GSGL_Baidu_537.png,4.035666091575
GSGL_Baidu_559.png,0.305680493552
GSGL_Baidu_567.png,4.794359212021
GSGL_Baidu_570.png,4.013409534844
GSGL_Baidu_587.png,2.697516442403
GSGL_Baidu_596.png,3.016012311565
GSGL_Baidu_602.png,2.157936740111
GSGL_Baidu_604.png,1.723000942967
GSGL_Baidu_607.png,1.827088244471
GSGL_Baidu_610.png,0.677005387043
GSGL_Baidu_616.png,1.335860478890
GSGL_Baidu_619.png,0.590522423111
GSGL_Baidu_622.png,1.791052493273
GSGL_Baidu_623.png,1.777491978184
GSGL_Baidu_625.png,1.017209491172
GSGL_Baidu_627.png,2.144735324329
GSGL_Baidu_636.png,3.198780944393
GSGL_Baidu_644.png,1.084075855663
GSGL_Baidu_653.png,0.976664695819
GSGL_Baidu_654.png,1.504592552868
GSGL_Baidu_656.png,2.942611934373
GSGL_Baidu_662.png,0.893807356278
GSGL_Baidu_663.png,1.545381734384
GSGL_Baidu_665.png,0.997355216875
GSGL_Baidu_669.png,1.071285379619
GSGL_Baidu_677.png,0.671035846057
GSGL_Baidu_683.png,2.126827521887
GSGL_Baidu_684.png,1.000169401139
GSGL_Baidu_687.png,5.196209893451
GSGL_Baidu_688.png,3.657620476186
GSGL_Baidu_713.png,1.031207888995
GSGL_Baidu_715.png,0.508574526653
GSGL_Baidu_719.png,4.099281472261
GSGL_Baidu_723.png,0.792853817925
GSGL_Baidu_726.png,4.505213448626
GSGL_Baidu_734.png,1.230791615100
GSGL_Baidu_743.png,2.851155929144
GSGL_Baidu_751.png,2.823577519495
GSGL_Baidu_768.png,2.794225633426
GSGL_Baidu_769.png,2.563577616982
GSGL_Baidu_780.png,1.702817423427
GSGL_Baidu_781.png,2.748644242477
GSGL_Baidu_788.png,0.735434978014
GSGL_Baidu_789.png,1.700718175530
GSGL_Baidu_799.png,6.279133628990
GSGL_Baidu_808.png,3.793356909321
GSGL_Baidu_816.png,2.603060296594
GSGL_Baidu_817.png,1.010841691623
GSGL_Baidu_825.png,3.115249808277
GSGL_Baidu_829.png,3.178025671759
GSGL_Baidu_830.png,5.391142101706
GSGL_Baidu_845.png,0.947644852561
GSGL_Baidu_848.png,1.661933342321
GSGL_Baidu_850.png,1.414792998264
GSGL_Baidu_852.png,2.087935383389
GSGL_Baidu_866.png,1.970059414462
GSGL_Baidu_870.png,1.640622881008
GSGL_Baidu_873.png,0.611533197294
GSGL_Baidu_879.png,1.966943719827
GSGL_Baidu_882.png,1.616726504585
GSGL_Baidu_886.png,1.723353998091
GSGL_Baidu_894.png,1.640778886047
GSGL_Baidu_896.png,1.407447033831
GSGL_Baidu_900.png,2.519963612481
GSGL_Baidu_905.png,2.365773232281
GSGL_Baidu_906.png,2.246498165448
GSGL_Baidu_955.png,1.862686198989
GSGL_Baidu_957.png,2.634199102522
GSGL_Baidu_976.png,3.904606544853
GSGL_Baidu_981.png,0.704603007075
GSGL_Bing_015.png,2.068102934112
GSGL_Bing_018.png,3.204726153969
GSGL_Bing_025.png,1.318567801727
GSGL_Bing_027.png,3.821365019480
GSGL_Bing_034.png,3.192931602964
GSGL_Bing_040.png,1.209841997265
GSGL_Bing_046.png,3.022341782765
GSGL_Bing_049.png,4.003872569999
GSGL_Bing_059.png,1.933203797784
GSGL_Bing_083.png,4.151462934521
GSGL_Bing_092.png,2.052431642414
GSGL_Bing_095.png,2.570005238922
GSGL_Bing_113.png,1.671773629356
GSGL_Bing_115.png,0.893234184910
GSGL_Bing_122.png,2.419007533885
GSGL_Bing_136.png,1.833639739234
GSGL_Bing_149.png,3.996198299395
GSGL_Bing_161.png,3.224545722949
GSGL_Bing_167.png,2.878877326678
GSGL_Bing_171.png,4.383047997354
GSGL_Bing_181.png,1.631421734705
GSGL_Bing_184.png,1.268166104721
GSGL_Bing_193.png,3.159127174058
GSGL_Bing_198.png,4.938071138845
GSGL_Bing_210.png,0.673094319325
GSGL_Bing_217.png,0.895227695033
GSGL_Bing_231.png,1.763761958664
GSGL_Bing_261.png,1.866828749997
GSGL_Bing_264.png,3.476875399063
GSGL_Bing_267.png,3.118037076844
GSGL_Bing_272.png,3.105854773359
GSGL_Bing_274.png,2.523861139005
GSGL_Bing_327.png,2.385293442740
GSGL_Bing_333.png,3.237103161509
GSGL_Bing_337.png,2.691325904225
GSGL_Bing_341.png,4.444222330957
GSGL_Bing_349.png,1.592444431891
GSGL_Bing_354.png,3.715242070734
GSGL_Bing_355.png,2.668823989022
GSGL_Bing_372.png,3.362402719256
GSGL_Bing_378.png,4.669638620216
GSGL_Bing_408.png,1.663971879976
GSGL_Bing_413.png,2.432952794955
GSGL_Bing_417.png,6.153480980210
GSGL_Bing_434.png,4.803053484025
GSGL_Bing_439.png,2.282244411160
GSGL_Bing_44.png,2.410135813235
GSGL_Bing_446.png,5.491521081566
GSGL_Bing_447.png,1.869749478228
GSGL_Bing_448.png,3.207695546199
GSGL_Bing_521.png,4.625239615225
GSGL_Bing_528.png,2.507397255891
GSGL_Bing_535.png,1.527961941459
GSGL_Bing_538.png,4.675076796744
GSGL_Bing_543.png,1.986383942738
GSGL_Bing_567.png,1.621142854796
GSGL_Bing_573.png,4.130729511148
GSGL_Bing_597.png,6.152648171573
GSGL_Bing_651.png,5.167000592387
GSGL_Bing_665.png,4.760119135056
GSGL_Bing_668.png,2.196680054752
GSGL_Bing_678.png,1.199458099882
GSGL_Bing_681.png,0.378517047517
GSGL_Bing_686.png,5.657149038948
GSGL_Bing_688.png,3.148186446560
GSGL_Bing_71.png,3.819828827654
GSGL_Bing_754.png,1.329896971576
GSGL_Bing_756.png,3.861172585310
GSGL_Bing_787.png,2.147889726129
GSGL_Bing_820.png,1.910673250528
GSGL_Google_004.png,4.319370540519
GSGL_Google_007.png,5.136264427994
GSGL_Google_009.png,4.006899823167
GSGL_Google_013.png,4.420790422759
GSGL_Google_05.png,3.192317582807
GSGL_Google_073.png,3.379447442133
GSGL_Google_095.png,4.899784636890
GSGL_Google_120.png,1.110253039708
GSGL_Google_121.png,0.792629421396
GSGL_Google_14.png,4.105153459768
GSGL_Google_149.png,2.499280496866
GSGL_Google_15.png,5.858896657601
GSGL_Google_152.png,1.538994016890
GSGL_Google_20.png,3.285444616632
GSGL_Google_218.png,2.240247545618
GSGL_Google_227.png,9.486216603149
GSGL_Google_263.png,3.420969278856
GSGL_Google_269.png,3.962278887317
GSGL_Google_328.png,3.735372024848
GSGL_Google_335.png,4.250071713689
GSGL_Google_347.png,2.455227168439
GSGL_Google_365.png,8.381622887213
GSGL_Google_366.png,3.805091417106
GSGL_Google_371.png,3.998226534225
GSGL_Google_382.png,4.603712887202
GSGL_Google_396.png,1.741781290013
GSGL_Google_402.png,3.318513678665
GSGL_Google_418.png,3.017644649564
GSGL_Google_427.png,3.449658315917
GSGL_Google_442.png,6.101180099720
GSGL_Google_461.png,5.291348879669
GSGL_Google_47.png,3.247327946410
GSGL_Google_474.png,1.837169367664
GSGL_Google_485.png,5.298533723252
GSGL_Google_49.png,3.937202604343
GSGL_Google_515.png,3.996770965806
GSGL_Google_587.png,1.720542424199
GSGL_Google_600.png,1.847198177327
GSGL_Google_605.png,2.604826775228
GSGL_Google_655.png,3.144747874419
GSGL_Google_663.png,2.285482066167
GSGL_Google_700.png,2.931608222789
GSGL_Google_708.png,2.380569103434
GSGL_Google_723.png,4.216238057894
HC_Bing_355.png,0.964276596890
HC_Bing_368.png,4.451566074583
HC_Bing_388.png,5.479983583899
HC_Bing_660.png,1.353953174806
HC_Google_339.png,3.774896564046
HC_Google_345.png,3.084483703204
HC_Google_361.png,1.894791872144
HC_Google_364.png,0.605843419976
HC_Google_432.png,1.603392387301
HC_Google_450.png,2.316913319168
HC_Google_465.png,1.673975702659
HC_Google_471.png,2.735077360721
HC_Google_524.png,1.163672801477
HC_Google_543.png,2.241521342766
HC_Google_613.png,0.259861278556
HC_Google_696.png,3.219241777889
HEB_Baidu_003.png,6.616304656311
HEB_Baidu_008.png,3.610998066903
HEB_Baidu_012.png,2.067895214926
HEB_Baidu_024.png,2.365785941295
HEB_Baidu_036.png,4.963174102383
HEB_Baidu_038.png,1.318611084941
HEB_Baidu_042.png,4.451256618003
HEB_Baidu_043.png,2.718308686132
HEB_Baidu_05.png,1.204914302938
HEB_Baidu_054.png,2.737054842595
HEB_Baidu_056.png,5.197040445104
HEB_Baidu_058.png,1.997813265652
HEB_Baidu_062.png,2.573000925940
HEB_Baidu_068.png,6.546636718474
HEB_Baidu_070.png,3.353083767992
HEB_Baidu_075.png,2.189910746243
HEB_Baidu_089.png,2.698133422545
HEB_Baidu_09.png,2.125017900799
HEB_Baidu_103.png,2.016812253640
HEB_Baidu_107.png,3.847721169370
HEB_Baidu_109.png,1.866872397169
HEB_Baidu_144.png,10.343503647233
HEB_Baidu_148.png,2.595571283488
HEB_Baidu_15.png,3.532304019101
HEB_Baidu_156.png,4.165827154138
HEB_Baidu_165.png,4.038414992733
HEB_Baidu_169.png,2.234696042033
HEB_Baidu_171.png,3.342976924099
HEB_Baidu_199.png,4.648968248056
HEB_Baidu_203.png,6.879206077278
HEB_Baidu_216.png,3.088715177573
HEB_Baidu_218.png,1.693602504375
HEB_Baidu_228.png,2.805366741925
HEB_Baidu_235.png,2.819666305169
HEB_Baidu_238.png,1.415676222909
HEB_Baidu_250.png,4.074673858146
HEB_Baidu_265.png,3.206226014701
HEB_Baidu_273.png,1.685219394610
HEB_Baidu_279.png,2.705364681733
HEB_Baidu_28.png,2.475097300859
HEB_Baidu_301.png,3.073515894291
HEB_Baidu_309.png,3.304514139416
HEB_Baidu_328.png,6.822437036314
HEB_Baidu_335.png,2.136465833457
HEB_Baidu_342.png,3.942051735652
HEB_Baidu_369.png,3.931660834279
HEB_Baidu_372.png,5.323593422483
HEB_Baidu_381.png,2.233279617858
HEB_Baidu_385.png,2.247107765433
HEB_Baidu_416.png,4.566219727347
HEB_Baidu_432.png,6.532730352939
HEB_Baidu_438.png,3.051929211455
HEB_Baidu_441.png,1.810002019894
HEB_Baidu_453.png,1.123591539400
HEB_Baidu_455.png,3.850061173843
HEB_Baidu_458.png,6.063649808650
HEB_Baidu_462.png,2.889621279267
HEB_Baidu_464.png,3.924033968900
HEB_Baidu_468.png,1.898073266718
HEB_Baidu_472.png,1.160963901732
HEB_Baidu_496.png,5.643391399344
HEB_Baidu_497.png,1.355558808623
HEB_Baidu_500.png,3.683332090969
HEB_Baidu_501.png,4.643196244778
HEB_Baidu_506.png,1.295356894685
HEB_Baidu_508.png,3.963594039041
HEB_Baidu_513.png,2.491529120283
HEB_Baidu_515.png,5.191296762414
HEB_Baidu_521.png,4.375095479321
HEB_Baidu_530.png,4.544450005063
HEB_Baidu_534.png,0.840823589243
HEB_Baidu_554.png,1.669289911997
HEB_Baidu_560.png,3.746748571435
HEB_Baidu_569.png,5.762737976937
HEB_Baidu_588.png,2.453568646413
HEB_Baidu_589.png,2.734416714679
HEB_Baidu_594.png,1.191641204762
HEB_Baidu_610.png,4.203288667096
HEB_Baidu_636.png,6.811969779450
HEB_Baidu_669.png,6.550172228664
HEB_Baidu_678.png,2.714740013130
HEB_Baidu_680.png,2.410750751943
HEB_Baidu_683.png,1.238131897286
HEB_Baidu_685.png,5.496560527992
HEB_Baidu_693.png,1.979321104749
HEB_Baidu_698.png,1.780354164443
HEB_Baidu_706.png,4.830524477811
HEB_Baidu_711.png,4.016291598450
HEB_Baidu_723.png,3.485191366297
HEB_Baidu_729.png,1.709917974736
HEB_Baidu_753.png,2.391119896681
HEB_Baidu_772.png,5.017616302927
HEB_Baidu_782.png,1.673762201212
HEB_Baidu_786.png,9.761261292629
HEB_Baidu_802.png,2.764477370776
HEB_Baidu_804.png,3.867265957347
HEB_Baidu_806.png,1.231487583890
HEB_Baidu_810.png,2.236140443813
HEB_Baidu_815.png,2.947722641102
HEB_Baidu_831.png,6.144677432254
HEB_Baidu_848.png,1.479961457047
HEB_Baidu_866.png,3.820570931215
HEB_Baidu_873.png,1.203730338999
HEB_Baidu_878.png,8.369812516313
HEB_Baidu_885.png,4.056021139757
HEB_Baidu_887.png,1.806423868385
HEB_Bing_005.png,3.994268312446
HEB_Bing_013.png,7.889886557667
HEB_Bing_027.png,1.552957083976
HEB_Bing_029.png,3.355363092162
HEB_Bing_034.png,4.592517876621
HEB_Bing_066.png,3.753288614390
HEB_Bing_094.png,1.084065201008
HEB_Bing_108.png,0.555954947880
HEB_Bing_110.png,3.860225305664
HEB_Bing_112.png,1.845773002679
HEB_Bing_120.png,1.933268053752
HEB_Bing_122.png,0.579556971415
HEB_Bing_129.png,2.621147948617
HEB_Bing_131.png,3.406976247216
HEB_Bing_135.png,3.011997130552
HEB_Bing_136.png,2.737646187001
HEB_Bing_137.png,3.672615768523
HEB_Bing_170.png,1.493750499252
HEB_Bing_181.png,2.358731547618
HEB_Bing_194.png,2.639555116970
HEB_Bing_205.png,8.355663382774
HEB_Bing_207.png,1.673551640012
HEB_Bing_217.png,1.915257900177
HEB_Bing_221.png,4.757964027786
HEB_Bing_232.png,1.465243265031
HEB_Bing_233.png,3.017332849816
HEB_Bing_237.png,1.667441518527
HEB_Bing_254.png,4.563128993650
HEB_Bing_269.png,2.862892247742
HEB_Bing_274.png,3.028990045608
HEB_Bing_303.png,2.798501750000
HEB_Bing_308.png,1.584134159605
HEB_Bing_320.png,2.220839801521
HEB_Bing_331.png,1.743604304982
HEB_Bing_340.png,0.575512362866
HEB_Bing_35.png,1.805420300094
HEB_Bing_365.png,0.960158083292
HEB_Bing_39.png,2.318270160184
HEB_Bing_396.png,0.864858662926
HEB_Bing_398.png,0.358156300963
HEB_Bing_403.png,1.022239130309
HEB_Bing_405.png,7.154854579453
HEB_Bing_414.png,3.614401598551
HEB_Bing_421.png,1.071691453075
HEB_Bing_437.png,2.686741164052
HEB_Bing_444.png,2.871889544954
HEB_Bing_452.png,2.136258776414
HEB_Bing_463.png,2.848153273029
HEB_Bing_465.png,1.550755440485
HEB_Bing_481.png,1.490085001307
HEB_Bing_490.png,2.346798624900
HEB_Bing_510.png,3.049873789110
HEB_Bing_511.png,0.538430333116
HEB_Bing_527.png,8.250876138368
HEB_Bing_532.png,5.053843673900
HEB_Bing_546.png,1.946832873778
HEB_Bing_548.png,2.855876782575
HEB_Bing_549.png,2.556299973338
HEB_Bing_550.png,1.529970335026
HEB_Bing_560.png,1.016472324710
HEB_Bing_587.png,2.541669270259
HEB_Bing_590.png,9.105070862562
HEB_Bing_599.png,0.891797396870
HEB_Bing_613.png,3.926742492467
HEB_Bing_653.png,0.573905197481
HEB_Bing_671.png,4.777726441521
HEB_Bing_688.png,3.972857241826
HEB_Google_014.png,1.717154088989
HEB_Google_030.png,3.588858552517
HEB_Google_043.png,4.287070911545
HEB_Google_056.png,2.308968806318
HEB_Google_057.png,0.893092708649
HEB_Google_102.png,0.578005084467
HEB_Google_125.png,1.754734091881
HEB_Google_128.png,5.504970527260
HEB_Google_137.png,1.984158900948
HEB_Google_139.png,1.943172966745
HEB_Google_154.png,1.775262333213
HEB_Google_16.png,2.155484633028
HEB_Google_171.png,1.218200714275
HEB_Google_189.png,2.292818022049
HEB_Google_193.png,2.575032377427
HEB_Google_197.png,3.114552921164
HEB_Google_200.png,4.133665086186
HEB_Google_202.png,1.515621329186
HEB_Google_22.png,1.070473378638
HEB_Google_257.png,2.983839106700
HEB_Google_258.png,1.328511552687
HEB_Google_262.png,2.974938548267
HEB_Google_272.png,4.196082408128
HEB_Google_282.png,2.623190191091
HEB_Google_305.png,1.207981538391
HEB_Google_315.png,1.338425004159
HEB_Google_334.png,4.234084851815
HEB_Google_351.png,1.869736912659
HEB_Google_376.png,6.831650573326
HEB_Google_378.png,3.698011115651
HEB_Google_391.png,1.071690511855
HEB_Google_398.png,1.292405373053
HEB_Google_399.png,1.033697873117
HEB_Google_425.png,3.798139435869
HEB_Google_442.png,2.112738971496
HEB_Google_471.png,5.117797734274
HEB_Google_477.png,4.515550103892
HEB_Google_483.png,2.695583434197
HEB_Google_518.png,2.574468343005
HEB_Google_547.png,4.919527507952
HEB_Google_550.png,2.606960180634
HEB_Google_556.png,1.131598520219
HEB_Google_558.png,1.636933235157
HEB_Google_563.png,0.546127017603
HEB_Google_564.png,1.931857295624
HEB_Google_573.png,0.743617101707
HEB_Google_582.png,5.467129869719
HEB_Google_591.png,0.827063009091
HEB_Google_593.png,0.785884655847
HEB_Google_599.png,1.687693216630
HEB_Google_609.png,4.422513248793
HEB_Google_615.png,4.760802956583
HEB_Google_618.png,1.622148516972
HEB_Google_640.png,3.874484029876
HEB_Google_644.png,6.267604288658
HEB_Google_651.png,2.666652278062
HEB_Google_657.png,1.262021854079
HEB_Google_664.png,2.068737566800
HF_Baidu_013.png,3.279990063972
HF_Baidu_017.png,5.081446822204
HF_Baidu_021.png,4.777849041543
HF_Baidu_043.png,1.794534898295
HF_Baidu_045.png,3.891996090335
HF_Baidu_053.png,1.408804674900
HF_Baidu_060.png,2.929232203800
HF_Baidu_081.png,2.743619864246
HF_Baidu_086.png,4.695578498542
HF_Baidu_102.png,1.757254934615
HF_Baidu_116.png,2.330190966354
HF_Baidu_121.png,1.948932195708
HF_Baidu_122.png,6.748651984307
HF_Baidu_124.png,1.565914221148
HF_Baidu_128.png,3.987410521366
HF_Baidu_130.png,8.104768076187
HF_Baidu_133.png,2.125624743788
HF_Baidu_136.png,0.681657783038
HF_Baidu_146.png,2.238454454346
HF_Baidu_147.png,2.748713705131
HF_Baidu_148.png,4.518996663955
HF_Baidu_15.png,3.365605891393
HF_Baidu_154.png,1.176011412285
HF_Baidu_155.png,1.998832818543
HF_Baidu_156.png,1.644743526438
HF_Baidu_158.png,2.970551420636
HF_Baidu_170.png,2.161424486151
HF_Baidu_18.png,6.648249448453
HF_Baidu_202.png,3.692305749628
HF_Baidu_208.png,2.952953170610
HF_Baidu_209.png,2.274317956053
HF_Baidu_214.png,5.354741298310
HF_Baidu_219.png,3.922232876450
HF_Baidu_220.png,2.715666177578
HF_Baidu_228.png,1.478685093563
HF_Baidu_229.png,0.912678801344
HF_Baidu_243.png,3.309928781491
HF_Baidu_247.png,1.293737664344
HF_Baidu_253.png,1.664034043724
HF_Baidu_266.png,1.743619294352
HF_Baidu_290.png,1.671635936570
HF_Baidu_291.png,9.256974024351
HF_Baidu_296.png,1.399058512722
HF_Baidu_30.png,4.680233794377
HF_Baidu_305.png,4.527586408253
HF_Baidu_321.png,5.219795006935
HF_Baidu_341.png,2.339969031706
HF_Baidu_358.png,4.080332039408
HF_Baidu_368.png,1.602502420582
HF_Baidu_386.png,2.995200157700
HF_Baidu_420.png,2.949056050696
HF_Baidu_421.png,1.692167388468
HF_Baidu_441.png,2.651730806499
HF_Baidu_446.png,3.244811738592
HF_Baidu_454.png,3.886864058973
HF_Baidu_461.png,2.600290267587
HF_Baidu_499.png,0.471390612473
HF_Baidu_510.png,3.584096662818
HF_Bing_028.png,1.983382181652
HF_Bing_033.png,2.230929111051
HF_Bing_037.png,1.547008655284
HF_Bing_038.png,0.645843582137
HF_Bing_055.png,2.630023994088
HF_Bing_100.png,1.966276790440
HF_Bing_11.png,9.221059763566
HF_Bing_114.png,2.011595548848
HF_Bing_137.png,8.226578444558
HF_Bing_14.png,3.867719864116
HF_Bing_141.png,0.467562925145
HF_Bing_172.png,5.227495899966
HF_Bing_214.png,4.174164840924
HF_Bing_227.png,1.343307636234
HF_Bing_250.png,0.720669642973
HF_Bing_256.png,5.522446273318
HF_Bing_269.png,1.699985547219
HF_Bing_283.png,5.345763929640
HF_Bing_311.png,0.814265580270
HF_Bing_365.png,2.273027144746
HF_Bing_366.png,2.384319213959
HF_Bing_367.png,2.573790373192
HF_Bing_401.png,3.210944033870
HF_Bing_420.png,1.617566850388
HF_Bing_451.png,1.569321164014
HF_Bing_585.png,1.839707312829
HF_Bing_589.png,0.648272587098
HF_Bing_591.png,6.805639631736
HF_Bing_599.png,0.729922725024
HF_Bing_60.png,0.657656995742
HF_Bing_601.png,4.366984880679
HF_Bing_610.png,2.057269812200
HF_Bing_627.png,1.379611393303
HF_Bing_656.png,2.736291544718
HF_Bing_669.png,2.690843535116
HF_Bing_674.png,1.927723356616
HF_Bing_679.png,1.336450525087
HF_Bing_685.png,3.483917391803
HF_Bing_709.png,3.734621189471
HF_Bing_718.png,2.105121364659
HF_Bing_732.png,0.811378478296
HF_Bing_733.png,1.445725696936
HF_Bing_735.png,5.997298808016
HF_Bing_737.png,2.812915218484
HF_Bing_777.png,0.647308483946
HF_Bing_826.png,3.988166174158
HF_Bing_836.png,6.459363457681
HF_Bing_890.png,6.003325604526
HF_Google_016.png,6.302211620354
HF_Google_025.png,1.176901507753
HF_Google_027.png,3.808338108071
HF_Google_045.png,1.235801022858
HF_Google_047.png,7.344714746554
HF_Google_057.png,4.200079012575
HF_Google_085.png,1.821652618776
HF_Google_091.png,3.479031168932
HF_Google_094.png,1.555125530459
HF_Google_102.png,3.788247067589
HF_Google_103.png,2.330808245453
HF_Google_116.png,4.252489845722
HF_Google_121.png,3.033948802467
HF_Google_122.png,2.023959168996
HF_Google_133.png,3.770610495755
HF_Google_136.png,0.784508363998
HF_Google_142.png,1.665481540105
HF_Google_153.png,1.556725021420
HF_Google_160.png,2.232192273116
HF_Google_161.png,1.597213287428
HF_Google_177.png,2.866018709773
HF_Google_179.png,1.854768956401
HF_Google_193.png,3.057071264492
HF_Google_194.png,1.145747873612
HF_Google_231.png,1.590522597828
HF_Google_246.png,3.065182553738
HF_Google_272.png,2.448710587223
HF_Google_283.png,1.377902445369
HF_Google_312.png,1.065132596036
HF_Google_313.png,5.631657948129
HF_Google_328.png,1.989870383242
HF_Google_331.png,1.719651980286
HF_Google_337.png,0.939141929743
HF_Google_339.png,5.416206874302
HF_Google_340.png,0.945261471486
HF_Google_381.png,2.177555660863
HF_Google_396.png,1.328226080766
HF_Google_406.png,0.880551194507
HF_Google_427.png,2.294309688841
HF_Google_443.png,2.695258852010
HF_Google_447.png,6.585635148391
HF_Google_472.png,3.711569782514
HF_Google_501.png,1.518426818315
HF_Google_504.png,2.071404005292
HF_Google_511.png,3.308796730786
HF_Google_527.png,2.265671180741
HF_Google_531.png,2.523615859356
HF_Google_533.png,4.166905014661
HF_Google_556.png,1.070375571821
HF_Google_559.png,0.978872968830
HF_Google_570.png,2.390186282469
HF_Google_571.png,3.174013029035
HF_Google_576.png,1.095874453048
HF_Google_610.png,4.004188353000
HF_Google_623.png,3.696558884811
HF_Google_649.png,1.408873866942
HF_Google_665.png,2.062130875901
HF_Google_668.png,4.610906653824
HF_Google_677.png,4.042281554917
HF_Google_702.png,1.396400043580
HF_Google_725.png,2.820562395136
HF_Google_747.png,2.489597578452
HF_Google_759.png,1.348610286374
HF_Google_807.png,2.021545406533
HF_Google_860.png,0.987562540187
HF_Google_861.png,1.568834745563
HazeDr_Bing_178.png,2.680692340145
HazeDr_Bing_233.png,3.075670168497
HazeDr_Bing_252.png,1.166791510060
HazeDr_Bing_330.png,3.016814544814
HazeDr_Bing_337.png,2.528100682592
HazeDr_Bing_418.png,1.042015505408
HazeDr_Bing_453.png,2.577973367686
HazeDr_Bing_460.png,3.657718357004
HazeDr_Bing_549.png,1.973607856925
HazeDr_Bing_647.png,3.624073776144
HazeDr_Bing_655.png,1.808275424383
HazeDr_Bing_763.png,2.167225126543
HazeDr_Google_123.png,1.508667422402
HazeDr_Google_125.png,1.638947612395
HazeDr_Google_130.png,1.414904612508
HazeDr_Google_146.png,4.371332901497
HazeDr_Google_183.png,2.761601318410
HazeDr_Google_192.png,2.447630410290
HazeDr_Google_212.png,1.711646790160
HazeDr_Google_213.png,1.309359811568
HazeDr_Google_241.png,3.478029541321
HazeDr_Google_273.png,2.533210266449
HazeDr_Google_293.png,1.508262899658
HazeDr_Google_328.png,3.217466179178
HazeDr_Google_355.png,2.270876045737
HazeDr_Google_365.png,8.104256013923
HazeDr_Google_375.png,3.011716338584
HazeDr_Google_381.png,3.306241294665
HazeDr_Google_402.png,4.554124299546
HazeDr_Google_404.png,0.922236138911
HazeDr_Google_415.png,3.013905567753
HazeDr_Google_421.png,5.914938920273
HazeDr_Google_432.png,1.938248336329
HazeDr_Google_433.png,5.971309229561
HazeDr_Google_434.png,2.998978767225
HazeDr_Google_450.png,5.877041378114
HazeDr_Google_510.png,2.618252268496
HazeDr_Google_512.png,1.810537350055
HazeDr_Google_551.png,5.210370182538
HazeDr_Google_554.png,8.025682822619
HazeDr_Google_560.png,1.718331550480
HazeDr_Google_568.png,3.107106544841
HazeDr_Google_569.png,1.737415901654
HazeDr_Google_582.png,1.051031835014
HazeDr_Google_584.png,1.629156765300
HazeDr_Google_590.png,1.005844458283
HazeDr_Google_593.png,2.475095212430
HazeDr_Google_594.png,5.803295083658
HazeDr_Google_597.png,1.895505594605
HazeDr_Google_603.png,2.156833900852
HazeDr_Google_614.png,7.734387541131
HazeDr_Google_625.png,2.629416704956
HazeDr_Google_63.png,3.041801224770
HazeDr_Google_630.png,0.522826541861
HazeDr_Google_633.png,2.716571097033
HazeDr_Google_636.png,3.412160322625
HazeDr_Google_637.png,1.445056877353
HazeDr_Google_640.png,1.056513098468
HazeDr_Google_646.png,2.414850064935
HazeDr_Google_648.png,2.706451721648
HazeDr_Google_649.png,2.490570208201
HazeDr_Google_651.png,3.000147054532
HazeDr_Google_657.png,5.214477194552
HazeDr_Google_667.png,0.871277610761
HazeDr_Google_673.png,1.502231427324
HazeDr_Google_692.png,5.335236536833
HazeDr_Google_693.png,2.070846118647
HazeDr_Google_703.png,0.981371782219
HazeDr_Google_704.png,1.951112221791
HazeDr_Google_709.png,2.506733261508
HazeDr_Google_719.png,2.977547371274
HazeDr_Google_724.png,5.096903132905
HazeDr_Google_726.png,2.017478861362
HazeDr_Google_740.png,1.054671448330
HazeDr_Google_75.png,2.030051543965
HazeDr_Google_760.png,3.854264696620
HazeDr_Google_766.png,2.127497098495
HazeDr_Google_767.png,2.589385757638
HazeDr_Google_772.png,3.220648940777
HazeDr_Google_787.png,1.595816560957
HazeDr_Google_802.png,1.989465664069
HazeDr_Google_809.png,1.788803397978
HazeDr_Google_813.png,2.420003112060
HazeDr_Google_838.png,5.389837562394
HazeDr_Google_845.png,1.552068920871
HazyDr_Bing_089.png,0.321985584340
HazyDr_Bing_126.png,1.100566841243
HazyDr_Bing_132.png,1.667207345049
HazyDr_Bing_158.png,2.919310115351
HazyDr_Bing_194.png,2.914689055527
HazyDr_Bing_228.png,0.510363804210
HazyDr_Bing_296.png,0.700889683983
HazyDr_Bing_300.png,1.322363469555
HazyDr_Bing_320.png,4.431011926991
HazyDr_Bing_376.png,1.619253738995
HazyDr_Bing_420.png,3.572261911776
HazyDr_Bing_543.png,1.583659664685
HazyDr_Bing_557.png,0.997567491689
HazyDr_Bing_569.png,1.569893520436
HazyDr_Bing_780.png,0.978974319094
HazyDr_Bing_800.png,0.568644209832
HazyDr_Bing_820.png,0.788029636101
HazyDr_Google_054.png,3.886632780170
HazyDr_Google_057.png,4.946307448227
HazyDr_Google_059.png,3.633472325434
HazyDr_Google_060.png,5.897574440868
HazyDr_Google_118.png,6.170855705126
HazyDr_Google_138.png,1.506047359215
HazyDr_Google_140.png,3.007140975027
HazyDr_Google_153.png,4.095737876000
HazyDr_Google_165.png,1.082696270514
HazyDr_Google_185.png,0.764769852240
HazyDr_Google_188.png,1.907346573436
HazyDr_Google_240.png,1.933183622295
HazyDr_Google_277.png,5.016768715911
HazyDr_Google_289.png,1.499221523311
HazyDr_Google_298.png,3.924281171048
HazyDr_Google_324.png,1.456547081274
HazyDr_Google_359.png,1.286000233845
HazyDr_Google_384.png,1.223144742831
HazyDr_Google_475.png,1.886490733521
HazyDr_Google_476.png,5.116435084043
HazyDr_Google_602.png,1.199583020955
HazyDr_Google_622.png,0.798880236744
HazyDr_Google_647.png,4.623822046743
HazyDr_Google_678.png,0.726603696616
HazyDr_Google_753.png,2.794917424777
HazyDr_Google_798.png,0.708670861777
IRQ_Bing_005.png,0.328804417862
IRQ_Bing_007.png,0.871001437653
IRQ_Bing_017.png,0.682121351314
IRQ_Bing_018.png,0.388275817027
IRQ_Bing_078.png,1.185284842200
IRQ_Bing_101.png,0.763292100396
IRQ_Bing_113.png,0.351657165426
IRQ_Bing_146.png,1.265098972430
IRQ_Bing_228.png,1.940973363388
IRQ_Bing_250.png,0.868702094478
IRQ_Bing_257.png,0.486798118913
IRQ_Bing_263.png,5.607844265789
IRQ_Bing_29.png,0.642250361380
IRQ_Bing_399.png,0.307084189708
IRQ_Bing_460.png,0.768520394660
IRQ_Bing_516.png,0.840545889603
IRQ_Bing_674.png,0.714171338852
IRQ_Bing_775.png,1.314296380901
IRQ_Google_010.png,0.727356813283
IRQ_Google_027.png,3.042664126982
IRQ_Google_030.png,0.672418272372
IRQ_Google_077.png,4.951470493787
IRQ_Google_084.png,4.640365749139
IRQ_Google_109.png,4.717970342686
IRQ_Google_115.png,0.637898983983
IRQ_Google_121.png,1.266157032410
IRQ_Google_136.png,0.970184210870
IRQ_Google_147.png,0.733117037355
IRQ_Google_148.png,0.783623389865
IRQ_Google_161.png,4.397298034687
IRQ_Google_210.png,5.577349160369
IRQ_Google_211.png,1.176429567763
IRQ_Google_243.png,3.825812493815
IRQ_Google_250.png,0.837713681420
IRQ_Google_260.png,0.979006499954
IRQ_Google_314.png,5.673247224960
IRQ_Google_323.png,2.651118432707
IRQ_Google_327.png,0.553161046842
IRQ_Google_422.png,1.625431028190
IRQ_Google_46.png,0.566115507818
IRQ_Google_464.png,0.438034835511
IRQ_Google_468.png,3.944177613834
IRQ_Google_470.png,1.708452000438
IRQ_Google_476.png,1.265898400498
IRQ_Google_484.png,1.561060583298
IRQ_Google_490.png,0.636874871294
IRQ_Google_494.png,1.355566721877
IRQ_Google_495.png,4.426057758358
IRQ_Google_508.png,2.028483662974
IRQ_Google_510.png,0.929309986275
IRQ_Google_523.png,1.714868194426
IRQ_Google_525.png,0.998009653789
IRQ_Google_533.png,3.529120030411
IRQ_Google_540.png,1.321769752120
IRQ_Google_658.png,1.340106995121
JL_Baidu_000.png,1.984929773444
JL_Baidu_014.png,6.666414135486
JL_Baidu_016.png,6.352790484934
JL_Baidu_057.png,4.879089432659
JL_Baidu_089.png,2.708655363879
JL_Baidu_093.png,3.365587428505
JL_Baidu_110.png,2.827334389557
JL_Baidu_138.png,2.203888070054
JL_Baidu_145.png,2.728483140265
JL_Baidu_146.png,5.787991733497
JL_Baidu_150.png,2.883426248413
JL_Baidu_153.png,1.840063508474
JL_Baidu_198.png,1.779594321735
JL_Baidu_230.png,3.067611349716
JL_Baidu_231.png,6.332500542347
JL_Baidu_232.png,3.372905391455
JL_Bing_002.png,4.297604907857
JL_Bing_014.png,4.487472633261
JL_Bing_05.png,1.066324053903
JL_Bing_055.png,0.903426687297
JL_Bing_064.png,5.838297132563
JL_Bing_081.png,3.673859114323
JL_Bing_169.png,3.498103904936
JL_Bing_196.png,1.689306035198
JL_Bing_224.png,2.171852404590
JL_Bing_225.png,1.313956580253
JL_Bing_238.png,6.102092859478
JL_Bing_257.png,2.912090846523
JL_Bing_282.png,0.915626735527
JL_Bing_429.png,2.038345557983
JL_Bing_431.png,1.072097699271
JL_Bing_568.png,3.150820398644
JL_Bing_61.png,2.122604714860
JL_Bing_627.png,1.546326499087
JL_Bing_674.png,0.996784722372
JL_Bing_683.png,0.982732237296
JL_Bing_684.png,3.262357585825
JL_Bing_708.png,1.715763597671
JL_Bing_730.png,1.518900624587
JL_Bing_751.png,2.640615677210
JL_Bing_767.png,1.067447514494
JL_Bing_786.png,2.445666269172
JL_Bing_804.png,2.009382415550
JL_Google_011.png,3.662050012334
JL_Google_038.png,1.319295367158
JL_Google_095.png,3.051334786555
JL_Google_104.png,2.064606738946
JL_Google_115.png,4.057522529707
JL_Google_116.png,2.767557516237
JL_Google_137.png,0.572726417917
JL_Google_143.png,6.092622044422
JL_Google_145.png,7.403089095621
JL_Google_152.png,0.525159420969
JL_Google_177.png,1.665064196426
JL_Google_179.png,4.768635974827
JL_Google_227.png,0.469986755438
JL_Google_237.png,6.667520213859
JL_Google_24.png,0.631782841249
JL_Google_254.png,2.099211735789
JL_Google_255.png,3.473778015128
JL_Google_263.png,4.874771086951
JL_Google_288.png,1.652282017805
JL_Google_289.png,1.955349606916
JL_Google_290.png,2.266284393968
JL_Google_299.png,6.081514386454
JL_Google_327.png,5.098985738700
JL_Google_354.png,0.656561920971
JL_Google_397.png,3.509483102299
JL_Google_407.png,1.873726101475
JL_Google_412.png,2.864582142221
JL_Google_413.png,4.057040664649
JL_Google_421.png,1.238945634286
JL_Google_423.png,1.058495806452
JL_Google_463.png,1.604079115467
JL_Google_464.png,1.182003953721
JL_Google_497.png,2.004564876771
JL_Google_498.png,2.281400967186
JL_Google_502.png,3.528941632326
JL_Google_505.png,2.104786839800
JL_Google_538.png,2.674129166608
JL_Google_588.png,1.756852382854
JL_Google_589.png,3.625757489270
JL_Google_592.png,1.766135480370
JL_Google_595.png,2.840919126173
JL_Google_614.png,2.070404030677
JL_Google_620.png,1.345457876923
JL_Google_621.png,1.906259995031
JL_Google_627.png,3.457245036605
JL_Google_641.png,0.590906149929
JL_Google_66.png,4.812068663423
JL_Google_674.png,2.374748953024
JL_Google_713.png,2.067856899665
JL_Google_752.png,0.456458574273
JL_Google_753.png,0.587345908108
JL_Google_781.png,1.132392498116
KRO_Google_003.png,1.127138287320
KRO_Google_014.png,1.308846517091
KRO_Google_015.png,3.642688835325
KRO_Google_017.png,1.283767533972
KRO_Google_034.png,4.583507541128
KRO_Google_036.png,2.579931413238
KRO_Google_060.png,1.107016034894
KRO_Google_079.png,2.699256264765
KRO_Google_113.png,2.055286193425
KRO_Google_142.png,1.730627301304
KRO_Google_162.png,1.485206404916
KRO_Google_20.png,1.704841092815
KRO_Google_293.png,1.235284804298
KRO_Google_307.png,1.830959158079
KRO_Google_311.png,1.651872912109
KRO_Google_317.png,4.342842534493
KRO_Google_344.png,0.910674666503
KRO_Google_348.png,3.605681355340
KRO_Google_371.png,2.350536104188
KRO_Google_375.png,1.547911134172
KRO_Google_380.png,3.962819909564
KRO_Google_419.png,3.072369907548
KRO_Google_452.png,1.280709860204
KRO_Google_461.png,1.225687309255
KRO_Google_465.png,4.427792170726
KRO_Google_480.png,3.975890036501
KRO_Google_490.png,3.592083683100
KRO_Google_495.png,1.294497787825
KRO_Google_499.png,2.019987843269
KRO_Google_523.png,1.654060521052
KRO_Google_539.png,1.314260238789
KRO_Google_546.png,1.241722157323
KRO_Google_554.png,1.086036834595
KRO_Google_571.png,1.642230800136
KRO_Google_576.png,4.942141455392
KRO_Google_58.png,1.267307150542
KRO_Google_616.png,1.555737581414
LSJ_Baidu_065.png,3.683440157219
LSJ_Baidu_1078.png,2.312509133537
LSJ_Baidu_110.png,3.212640562342
LSJ_Baidu_1140.png,7.494040355280
LSJ_Baidu_1141.png,2.692169890019
LSJ_Baidu_1193.png,0.790036496784
LSJ_Baidu_1218.png,0.933245538867
LSJ_Baidu_1263.png,0.714515860317
LSJ_Baidu_165.png,3.437208625291
LSJ_Baidu_206.png,6.366612225096
LSJ_Baidu_240.png,4.973692678735
LSJ_Baidu_351.png,0.614483408681
LSJ_Baidu_518.png,3.635127647747
LSJ_Baidu_596.png,1.349024709732
LSJ_Baidu_670.png,0.349966228089
LSJ_Baidu_736.png,3.466538230878
LSJ_Baidu_810.png,1.334169270803
LSJ_Baidu_830.png,3.608934930261
LSJ_Baidu_869.png,4.265496624835
LSJ_Baidu_879.png,1.821589595976
LSJ_Baidu_882.png,4.327849902637
LSJ_Baidu_890.png,2.256214798452
LSJ_Baidu_900.png,2.688803403944
LSJ_Baidu_905.png,0.745898158128
LSJ_Baidu_946.png,1.332184189088
LSJ_Baidu_954.png,1.011481211498
LSJ_Baidu_975.png,2.511306894355
LSJ_Baidu_990.png,1.526721326460
LSJ_Baidu_999.png,2.003096932452
LSJ_Bing_095.png,2.114559538244
LSJ_Bing_130.png,2.348799383336
LSJ_Bing_150.png,3.685480325495
LSJ_Bing_197.png,1.062330914567
LSJ_Bing_226.png,0.477315004142
LSJ_Bing_234.png,1.751281815457
LSJ_Bing_267.png,3.171994841526
LSJ_Bing_313.png,2.353140706498
LSJ_Bing_381.png,2.909738307720
LSJ_Bing_453.png,0.864775824450
LSJ_Bing_523.png,1.232642087852
LSJ_Bing_552.png,3.876776174906
LSJ_Google_03.png,3.553517729421
LSJ_Google_232.png,1.699063982317
LSJ_Google_233.png,0.861056278505
LSJ_Google_260.png,0.717389863894
LZ_Baidu_059.png,0.780488950229
LZ_Baidu_094.png,1.644648078478
LZ_Baidu_121.png,1.533201714642
LZ_Baidu_130.png,3.777641747602
LZ_Baidu_159.png,1.039607389590
LZ_Baidu_173.png,1.331042950884
LZ_Baidu_175.png,3.240909554882
LZ_Baidu_182.png,0.693952955596
LZ_Baidu_194.png,2.666969467099
LZ_Baidu_204.png,1.696855364519
LZ_Baidu_221.png,0.770606771575
LZ_Baidu_230.png,2.460709023797
LZ_Bing_019.png,0.296567752093
LZ_Bing_030.png,1.651843663863
LZ_Bing_044.png,0.918806146706
LZ_Bing_060.png,1.091399252559
LZ_Bing_070.png,1.295786513645
LZ_Bing_081.png,2.017634509383
LZ_Bing_085.png,3.103918865699
LZ_Bing_088.png,0.795543851303
LZ_Bing_111.png,1.151985859723
LZ_Bing_15.png,3.381386121330
LZ_Bing_279.png,8.332983197717
LZ_Bing_287.png,3.643348371370
LZ_Bing_291.png,1.948004511271
LZ_Bing_313.png,4.761619280884
LZ_Bing_323.png,1.627988226811
LZ_Bing_332.png,2.274654047173
LZ_Bing_34.png,4.777390583666
LZ_Bing_349.png,1.570996572995
LZ_Bing_454.png,1.017076476985
LZ_Bing_573.png,2.263726628253
LZ_Bing_658.png,1.351590761579
LZ_Bing_813.png,1.624026044013
LZ_Bing_871.png,0.782475643166
LZ_Google_014.png,2.202538259417
LZ_Google_352.png,1.334986718283
LZ_Google_355.png,2.767712442848
LZ_Google_411.png,0.615392713280
LZ_Google_416.png,0.725238984594
LZ_Google_438.png,5.259540849791
MLS_Bing_019.png,0.743565452952
MLS_Bing_034.png,1.625575579683
MLS_Bing_036.png,5.074567803479
MLS_Bing_046.png,0.452961839174
MLS_Bing_068.png,1.622096375161
MLS_Bing_085.png,3.709711128711
MLS_Bing_095.png,3.077741025857
MLS_Bing_108.png,1.023457145308
MLS_Bing_115.png,1.593608159721
MLS_Bing_118.png,5.086303780589
MLS_Bing_123.png,0.868737331797
MLS_Bing_130.png,3.952857023277
MLS_Bing_132.png,1.900148389053
MLS_Bing_141.png,2.343934566206
MLS_Bing_168.png,1.942722697231
MLS_Bing_174.png,2.383220436027
MLS_Bing_176.png,0.910905115700
MLS_Bing_194.png,1.326286940244
MLS_Bing_200.png,2.087382826509
MLS_Bing_215.png,3.349334788453
MLS_Bing_242.png,1.643503580960
MLS_Bing_265.png,1.523621410438
MLS_Bing_326.png,2.156087616679
MLS_Bing_335.png,2.247148346312
MLS_Bing_343.png,0.856719776247
MLS_Bing_386.png,1.857179178861
MLS_Bing_388.png,0.739667049379
MLS_Bing_395.png,1.723931427262
MLS_Bing_432.png,4.651427959396
MLS_Bing_435.png,1.766870632477
MLS_Bing_456.png,1.516160015605
MLS_Bing_507.png,0.874479621047
MLS_Bing_517.png,2.010387768727
MLS_Bing_518.png,1.981073515332
MLS_Bing_550.png,2.189861876316
MLS_Bing_552.png,0.593495160646
MLS_Bing_594.png,1.274742957809
MLS_Bing_600.png,0.865342738806
MLS_Bing_637.png,1.947800907419
MLS_Bing_667.png,0.687832707583
MLS_Bing_686.png,0.994377008803
MLS_Bing_688.png,1.111498772703
MLS_Bing_711.png,2.360117965303
MLS_Bing_737.png,0.298595247739
MLS_Bing_747.png,0.693729210182
MLS_Bing_770.png,1.048321646550
MLS_Google_001.png,1.244476971808
MLS_Google_010.png,5.990323542439
MLS_Google_022.png,5.067323447835
MLS_Google_033.png,2.308002873542
MLS_Google_036.png,5.067758870214
MLS_Google_037.png,2.021281259964
MLS_Google_042.png,2.352079199105
MLS_Google_059.png,3.172548249594
MLS_Google_06.png,1.823255065129
MLS_Google_060.png,0.853427758341
MLS_Google_068.png,0.744717560433
MLS_Google_069.png,3.390646188717
MLS_Google_076.png,2.152237017014
MLS_Google_078.png,2.394257780443
MLS_Google_081.png,2.788136074508
MLS_Google_091.png,3.139530119301
MLS_Google_105.png,0.938143234398
MLS_Google_124.png,1.964553010270
MLS_Google_139.png,0.962937972935
MLS_Google_142.png,1.948226691454
MLS_Google_143.png,2.840926710156
MLS_Google_162.png,0.946483465167
MLS_Google_163.png,2.621812277845
MLS_Google_171.png,2.955265245512
MLS_Google_200.png,3.317275615495
MLS_Google_201.png,1.835756727589
MLS_Google_203.png,5.348224903657
MLS_Google_24.png,2.015937176623
MLS_Google_253.png,1.503318110754
MLS_Google_254.png,1.770235154949
MLS_Google_267.png,2.492547352186
MLS_Google_271.png,0.821854767185
MLS_Google_303.png,1.901092541041
MLS_Google_308.png,0.374679744865
MLS_Google_314.png,1.430384966959
MLS_Google_322.png,3.421638335494
MLS_Google_356.png,3.655465233268
MLS_Google_387.png,1.161654901249
MLS_Google_392.png,1.254937372153
MLS_Google_401.png,1.425665573781
MLS_Google_406.png,0.944146622414
MLS_Google_419.png,1.918410616620
MLS_Google_443.png,1.344081095941
MLS_Google_468.png,1.781596123349
MLS_Google_489.png,1.812961825500
MLS_Google_499.png,1.760329976064
MLS_Google_516.png,0.369515496200
MLS_Google_573.png,3.690595951918
MLS_Google_595.png,1.267404842391
MLS_Google_596.png,2.550709524239
MLS_Google_633.png,0.630480554729
MLS_Google_634.png,3.140631931439
MLS_Google_637.png,0.464538456149
MLS_Google_653.png,1.264970770736
MLS_Google_706.png,2.347948659646
MSK_Baidu_036.png,0.977119715484
MSK_Baidu_196.png,0.784763016662
MSK_Bing_035.png,1.181628883496
MSK_Bing_04.png,3.518764005914
MSK_Bing_044.png,2.874237572656
MSK_Bing_045.png,2.292581493208
MSK_Bing_047.png,2.691724470946
MSK_Bing_098.png,3.249534291837
MSK_Bing_100.png,0.672925163597
MSK_Bing_104.png,0.531673042407
MSK_Bing_119.png,2.827501709438
MSK_Bing_120.png,0.981209727237
MSK_Bing_128.png,3.033486531781
MSK_Bing_136.png,2.069547730558
MSK_Bing_160.png,0.389599897915
MSK_Bing_168.png,2.869912899062
MSK_Bing_191.png,0.854987566182
MSK_Bing_212.png,1.803978096488
MSK_Bing_227.png,1.604072382774
MSK_Bing_231.png,1.164714958411
MSK_Bing_255.png,0.699721884555
MSK_Bing_267.png,2.114227218786
MSK_Bing_293.png,1.743598507729
MSK_Bing_305.png,1.699309136648
MSK_Bing_314.png,0.761012636043
MSK_Bing_321.png,0.573650471895
MSK_Bing_327.png,1.431562851813
MSK_Bing_338.png,3.142327174621
MSK_Bing_352.png,0.879139893451
MSK_Bing_384.png,1.117743649618
MSK_Bing_422.png,4.142709385725
MSK_Bing_423.png,5.825397525088
MSK_Bing_442.png,1.630304685224
MSK_Bing_445.png,3.107171437024
MSK_Bing_556.png,0.695961924768
MSK_Bing_610.png,1.336554294901
MSK_Bing_612.png,1.363935682874
MSK_Bing_616.png,2.942919015494
NW_Bing_142.png,0.716534446172
NW_Bing_407.png,0.706260604129
NW_Google_035.png,5.034537010769
NW_Google_046.png,5.487738365903
NW_Google_055.png,2.274896465061
NW_Google_061.png,2.119393017489
NW_Google_110.png,0.832421457953
NW_Google_117.png,3.334831769444
NW_Google_125.png,2.123901326468
NW_Google_136.png,1.483971770943
NW_Google_142.png,1.195094111641
NW_Google_198.png,0.390256023226
NW_Google_204.png,3.489936007561
NW_Google_219.png,2.761475218340
NW_Google_221.png,4.492167302504
NW_Google_224.png,5.708418706429
NW_Google_242.png,1.952446812267
NW_Google_247.png,3.293782479112
NW_Google_397.png,2.050623037429
NW_Google_405.png,3.045661973164
NW_Google_603.png,1.776515557381
NW_Google_708.png,1.989918918106
NW_Google_722.png,3.023175148877
NW_Google_734.png,2.892507558944
NY_Baidu_073.png,2.039708474669
NY_Baidu_1036.png,0.944035403571
NY_Baidu_1051.png,1.038082155150
NY_Baidu_112.png,0.502237534755
NY_Baidu_138.png,1.090127006182
NY_Baidu_253.png,2.298354401380
NY_Baidu_316.png,1.223095046088
NY_Baidu_383.png,1.913545631608
NY_Baidu_486.png,3.977047053039
NY_Baidu_505.png,2.244179283359
NY_Baidu_538.png,6.552715953875
NY_Baidu_558.png,2.240700667034
NY_Baidu_562.png,2.943466230136
NY_Baidu_594.png,4.424288406303
NY_Baidu_649.png,1.325780789542
NY_Baidu_653.png,5.774874613899
NY_Baidu_657.png,1.882358047474
NY_Baidu_700.png,2.576005780753
NY_Baidu_726.png,1.314619695195
NY_Baidu_828.png,3.652572030326
NY_Bing_048.png,3.960606001266
NY_Bing_077.png,2.447969882446
NY_Bing_110.png,2.087827318701
NY_Bing_129.png,1.481248076952
NY_Bing_192.png,2.012023090475
NY_Bing_29.png,0.448145286466
NY_Bing_311.png,2.840321091548
NY_Bing_339.png,1.922405052601
NY_Bing_407.png,0.692428669539
NY_Bing_444.png,1.342574533259
NY_Google_023.png,3.381327272145
NY_Google_027.png,1.221167748532
NY_Google_111.png,1.495828155985
NY_Google_283.png,2.969424737159
NY_Google_450.png,2.143825290300
NZL_Bing_017.png,1.861663481035
NZL_Bing_053.png,0.749789312897
NZL_Bing_054.png,1.875637566212
NZL_Bing_157.png,0.627633959176
NZL_Bing_230.png,0.650496144465
NZL_Bing_359.png,0.546718021186
NZL_Bing_617.png,2.204321691347
NZL_Bing_707.png,1.413940206579
NZL_Google_003.png,0.765604956321
NZL_Google_012.png,2.097149595095
NZL_Google_032.png,2.269836308591
NZL_Google_064.png,3.052855992996
NZL_Google_121.png,3.630544716750
NZL_Google_164.png,1.218698456536
NZL_Google_179.png,1.498702310159
NZL_Google_196.png,3.623638358661
NZL_Google_209.png,0.677552587777
NZL_Google_240.png,3.219456989115
NZL_Google_247.png,2.234673839952
NZL_Google_275.png,1.540436478039
NZL_Google_277.png,3.353565038674
NZL_Google_280.png,3.821871250552
NZL_Google_294.png,1.617703955571
NZL_Google_327.png,1.844841027119
NZL_Google_357.png,2.216820650632
NZL_Google_371.png,6.238740223010
NZL_Google_394.png,4.691608336226
NZL_Google_416.png,2.879927829648
NZL_Google_425.png,3.055148075989
NZL_Google_446.png,2.932780303995
NZL_Google_447.png,4.639498868316
NZL_Google_458.png,0.404674102192
NZL_Google_459.png,2.434521048761
NZL_Google_463.png,1.838660144213
NZL_Google_464.png,2.228446687370
NZL_Google_473.png,3.180030388854
NZL_Google_474.png,0.886811058929
NZL_Google_512.png,1.172084452024
NZL_Google_565.png,0.978568083849
NZL_Google_576.png,4.302438017785
NZL_Google_609.png,0.879313214235
NZL_Google_635.png,3.465306645240
NZL_Google_676.png,0.879641989527
NZL_Google_711.png,1.757689149966
NZL_Google_735.png,3.893573448853
NZL_Google_768.png,2.764353633341
NZL_Google_791.png,1.902215417042
NZL_Google_831.png,1.345650952227
OLD_Google_021.png,1.947723757674
OLD_Google_038.png,2.730078759357
OLD_Google_049.png,3.080120461836
OLD_Google_071.png,10.472352924003
OLD_Google_157.png,2.447649346195
OLD_Google_158.png,2.875133614868
OLD_Google_192.png,0.595421026207
OLD_Google_216.png,4.046129374260
OLD_Google_244.png,1.861570164288
OLD_Google_317.png,3.289711873737
OLD_Google_344.png,1.688922775216
OLD_Google_417.png,3.441155647910
OLD_Google_452.png,2.050168870334
OLD_Google_474.png,3.594184482706
OLD_Google_605.png,2.271537746411
PL_Bing_046.png,0.755843322845
PL_Bing_114.png,1.788735165863
PL_Bing_244.png,1.238219386461
PL_Google_124.png,2.948364612267
PL_Google_148.png,2.257095076042
PL_Google_202.png,1.245322719758
PL_Google_225.png,1.192090416319
PL_Google_227.png,1.331601802964
PL_Google_313.png,5.504996190703
PL_Google_350.png,2.226895012699
PL_Google_368.png,4.834532608262
PL_Google_394.png,2.406265875888
PL_Google_467.png,2.287076673009
PL_Google_512.png,0.857024500553
PL_Google_527.png,3.945103705577
PL_Google_569.png,1.810632326058
PL_Google_635.png,0.333070934118
PL_Google_665.png,2.258596856155
PL_Google_753.png,1.236526866304
PL_Google_756.png,3.795029025862
PL_Google_839.png,1.248452745200
PL_Google_849.png,0.737228587874
PL_Google_913.png,1.854468885319
QC_Baidu_00.png,2.479123974337
QC_Baidu_002.png,4.228138699299
QC_Baidu_003.png,5.811533901607
QC_Baidu_004.png,1.888048276828
QC_Baidu_01.png,3.912804018162
QC_Baidu_012.png,3.280108501314
QC_Baidu_014.png,3.467476500743
QC_Baidu_017.png,3.922207376597
QC_Baidu_024.png,1.670456703072
QC_Baidu_028.png,6.268232282384
QC_Baidu_030.png,4.386122705207
QC_Baidu_031.png,5.057902030088
QC_Baidu_035.png,5.519392324173
QC_Baidu_043.png,2.517146814955
QC_Baidu_049.png,3.210112226590
QC_Baidu_050.png,1.542947362512
QC_Baidu_080.png,1.417387310729
QC_Baidu_092.png,5.623537299192
QC_Baidu_233.png,1.398046806519
QC_Baidu_242.png,7.845922171507
QC_Baidu_289.png,5.492761435150
QC_Baidu_313.png,8.854785981142
QC_Baidu_33.png,5.318652801179
QC_Baidu_334.png,1.935452141778
QC_Baidu_345.png,2.141903359460
QC_Baidu_348.png,3.929913553665
QC_Baidu_350.png,0.869362684829
QC_Baidu_367.png,1.349242185925
QC_Baidu_368.png,2.666039539346
QC_Baidu_375.png,1.131735768593
QC_Baidu_421.png,1.541859938063
QC_Baidu_525.png,2.189782123897
QC_Baidu_526.png,1.456805421887
QC_Baidu_536.png,1.160551321758
QC_Baidu_544.png,3.097114420094
QC_Baidu_565.png,3.371282156433
QC_Baidu_572.png,1.433658846307
QC_Bing_003.png,1.807575982542
QC_Bing_209.png,2.134194333037
QC_Bing_235.png,2.176116658153
QC_Bing_236.png,0.498025485330
QC_Bing_247.png,1.718292868706
QC_Bing_251.png,1.642567359986
QC_Bing_266.png,0.990668093038
QC_Bing_304.png,7.279802326802
QC_Bing_312.png,5.223000782662
QC_Bing_34.png,4.815847703652
QC_Bing_380.png,2.100008182060
QC_Bing_445.png,1.315647792519
QC_Bing_454.png,3.968348212231
QC_Bing_502.png,2.469539449680
QC_Bing_515.png,1.551346722445
QC_Bing_528.png,4.220309916600
QC_Bing_555.png,4.066796132144
QC_Bing_564.png,1.619887941970
QC_Bing_589.png,3.000880820197
QC_Bing_602.png,2.281391011440
QC_Bing_618.png,1.248375223350
QC_Bing_794.png,7.178162333942
QC_Bing_812.png,2.564861534720
QC_Bing_857.png,0.746540961315
QC_Bing_867.png,0.783582273652
QC_Bing_938.png,4.023137711991
QC_Google_002.png,3.526561438273
QC_Google_004.png,1.773818508723
QC_Google_168.png,2.173088711241
QC_Google_223.png,1.914317253377
QC_Google_257.png,2.704639054251
QC_Google_314.png,2.708326431812
QC_Google_324.png,0.672707586205
QC_Google_372.png,4.122014413258
QC_Google_432.png,6.504633232174
QC_Google_474.png,1.924494602893
QC_Google_520.png,4.879658693788
QC_Google_541.png,1.856251681793
QC_Google_644.png,1.842419369950
QC_Google_650.png,1.486472711596
QC_Google_802.png,2.165905202008
QD_Baidu_017.png,2.408190363209
QD_Baidu_021.png,3.430398804169
QD_Baidu_036.png,1.462054678304
QD_Baidu_065.png,4.786365275258
QD_Baidu_071.png,2.573138645913
QD_Baidu_087.png,3.060264580310
QD_Baidu_088.png,2.169612284078
QD_Baidu_091.png,4.544754916505
QD_Baidu_098.png,2.186533358527
QD_Baidu_111.png,3.915811004732
QD_Baidu_118.png,0.916565562157
QD_Baidu_13.png,4.800109153179
QD_Baidu_131.png,0.675568096741
QD_Baidu_133.png,5.300043307038
QD_Baidu_134.png,1.699532688681
QD_Baidu_139.png,1.584702556525
QD_Baidu_146.png,0.718551956853
QD_Baidu_149.png,4.570082685229
QD_Baidu_169.png,1.593974956835
QD_Baidu_181.png,1.420055960774
QD_Baidu_182.png,4.732543270456
QD_Baidu_192.png,4.047837423278
QD_Baidu_245.png,5.210929213543
QD_Baidu_249.png,3.266396542401
QD_Baidu_260.png,1.699085533274
QD_Baidu_274.png,2.267898496132
QD_Baidu_280.png,2.245133706816
QD_Baidu_282.png,2.643743120011
QD_Baidu_291.png,1.873802910049
QD_Baidu_294.png,3.765766251798
QD_Baidu_302.png,5.376586319383
QD_Bing_051.png,1.339497285959
QD_Bing_075.png,0.420442497112
QD_Bing_101.png,2.757394610834
QD_Bing_109.png,2.429782566208
QD_Bing_110.png,1.552320697461
QD_Bing_112.png,2.284671917593
QD_Bing_114.png,1.391659590992
QD_Bing_119.png,1.194822719825
QD_Bing_120.png,4.785008753627
QD_Bing_124.png,2.416185512840
QD_Bing_143.png,6.090473747973
QD_Bing_144.png,2.392295912423
QD_Bing_165.png,1.658491022424
QD_Bing_174.png,2.892580230120
QD_Bing_179.png,1.636224929251
QD_Bing_192.png,5.301628806363
QD_Bing_200.png,2.958693897862
QD_Bing_271.png,4.041178845218
QD_Bing_313.png,1.767140572915
QD_Bing_351.png,1.152199890424
QD_Bing_416.png,1.113331344967
QD_Bing_439.png,0.321588250995
QD_Bing_500.png,1.615966081870
QD_Bing_516.png,1.642805350518
QD_Bing_525.png,1.077562210841
QD_Bing_533.png,0.388259272419
QD_Bing_635.png,3.441646989414
QD_Bing_742.png,1.739390160162
QD_Bing_824.png,1.749381143641
QD_Bing_849.png,1.838152929316
QD_Bing_850.png,1.118536845386
QD_Bing_851.png,0.449202410552
QD_Bing_857.png,3.246232479563
QD_Bing_860.png,1.937035779073
QD_Bing_870.png,2.008771211308
QD_Bing_871.png,1.037716783657
QD_Bing_873.png,1.197018641346
QD_Bing_878.png,0.783917873520
QD_Google_019.png,3.593783389900
QD_Google_043.png,2.121011018521
QD_Google_045.png,1.965843887546
QD_Google_073.png,1.834354870011
QD_Google_080.png,0.579626458648
QD_Google_095.png,1.072533652973
SFC_Bing_300.png,2.302021010960
SFC_Bing_448.png,0.457256194666
SFC_Google_069.png,0.618505026215
SFC_Google_165.png,2.447629541049
SFC_Google_178.png,1.586508881976
SFC_Google_182.png,2.098848221392
SFC_Google_197.png,1.860865842162
SFC_Google_20.png,0.597960273103
SFC_Google_206.png,1.865068014313
SFC_Google_209.png,1.887957034765
SFC_Google_225.png,2.749378519450
SFC_Google_285.png,1.210015385536
SFC_Google_305.png,1.750852253986
SFC_Google_332.png,4.771113528737
SFC_Google_409.png,1.858771671305
SFC_Google_426.png,1.810891298385
SFC_Google_462.png,4.363842447189
SFC_Google_473.png,0.837864931373
SFC_Google_474.png,3.950989344056
SFC_Google_481.png,1.706401907721
SFC_Google_486.png,3.279824795824
SFC_Google_531.png,2.089218183645
SFC_Google_668.png,3.896045351725
SFC_Google_672.png,3.420856001390
SFC_Google_679.png,0.927140972890
SFC_Google_703.png,4.046588499359
SGP_Bing_018.png,1.286563599972
SGP_Bing_019.png,1.838548816245
SGP_Bing_027.png,0.745633598808
SGP_Bing_035.png,1.593852621851
SGP_Bing_041.png,2.105601254100
SGP_Bing_052.png,1.588192841305
SGP_Bing_072.png,2.558582503249
SGP_Bing_078.png,1.337837061014
SGP_Bing_080.png,1.142374601018
SGP_Bing_082.png,0.648814741156
SGP_Bing_083.png,0.725729294958
SGP_Bing_090.png,1.714750017597
SGP_Bing_092.png,0.658568044487
SGP_Bing_097.png,2.795054729725
SGP_Bing_103.png,0.606195113161
SGP_Bing_109.png,0.638375256609
SGP_Bing_116.png,2.865367655191
SGP_Bing_120.png,1.165570176109
SGP_Bing_125.png,1.148416537639
SGP_Bing_141.png,4.004887588835
SGP_Bing_148.png,0.684648799322
SGP_Bing_167.png,0.731666015605
SGP_Bing_171.png,3.883700699511
SGP_Bing_179.png,0.763713597791
SGP_Bing_181.png,1.194606482387
SGP_Bing_191.png,4.232732970807
SGP_Bing_192.png,1.086667628539
SGP_Bing_196.png,1.037829231645
SGP_Bing_209.png,0.600188083863
SGP_Bing_225.png,5.968234260009
SGP_Bing_231.png,0.802671358437
SGP_Bing_264.png,2.708750970182
SGP_Bing_286.png,3.953589422098
SGP_Bing_295.png,4.419929743519
SGP_Bing_309.png,0.460181804374
SGP_Bing_414.png,0.706285505917
SGP_Bing_421.png,3.811058730504
SGP_Bing_445.png,0.696187516276
SGP_Bing_538.png,1.767455081617
SGP_Bing_551.png,3.211165026121
SGP_Bing_557.png,2.818773581345
SGP_Bing_562.png,2.692184996456
SGP_Bing_566.png,3.213907448351
SGP_Bing_572.png,1.334941692900
SGP_Bing_58.png,1.777799625001
SGP_Bing_583.png,1.574278311319
SGP_Bing_623.png,0.546511087176
SGP_Bing_628.png,0.763060224284
SGP_Bing_684.png,2.234749250135
SGP_Bing_695.png,1.290952087988
SGP_Bing_723.png,1.650456462741
SGP_Bing_727.png,1.251592896552
SGP_Google_002.png,6.198165468212
SGP_Google_015.png,3.182774778685
SGP_Google_024.png,4.737432569233
SGP_Google_067.png,4.028277496433
SGP_Google_073.png,1.987226679371
SGP_Google_075.png,1.506070547301
SGP_Google_080.png,1.090574871905
SGP_Google_092.png,0.882504621837
SGP_Google_109.png,3.744825818882
SGP_Google_117.png,3.589474287069
SGP_Google_119.png,3.082712501110
SGP_Google_127.png,2.353151729483
SGP_Google_161.png,1.586605203313
SGP_Google_170.png,1.619816672100
SGP_Google_21.png,2.160856869173
SGP_Google_213.png,1.387022744281
SGP_Google_214.png,0.958305710237
SGP_Google_223.png,2.172714047277
SGP_Google_244.png,2.880590974408
SGP_Google_263.png,1.628132740407
SGP_Google_329.png,1.767810188862
SGP_Google_345.png,3.294428836595
SGP_Google_389.png,0.934833926458
SGP_Google_414.png,1.332322656829
SGP_Google_419.png,0.946167895116
SGP_Google_421.png,3.204905272666
SGP_Google_429.png,1.556570303085
SGP_Google_433.png,1.652973535761
SGP_Google_441.png,0.990104493853
SGP_Google_450.png,0.907918795261
SGP_Google_451.png,3.740835399090
SGP_Google_460.png,4.084595018281
SGP_Google_461.png,1.689865438878
SGP_Google_518.png,1.445438223749
SGP_Google_558.png,3.620494966243
SGP_Google_564.png,3.971209238920
SH_Baidu_01.png,3.095420108055
SH_Baidu_011.png,7.422923789998
SH_Baidu_032.png,6.109857901460
SH_Baidu_040.png,5.367466757823
SH_Baidu_059.png,2.253902901323
SH_Baidu_086.png,5.517155011933
SH_Baidu_088.png,1.328406972021
SH_Baidu_099.png,3.818280824469
SH_Baidu_112.png,2.886397295642
SH_Baidu_126.png,5.530777031774
SH_Baidu_146.png,0.588098865068
SH_Baidu_150.png,1.778725756760
SH_Baidu_161.png,2.385051837853
SH_Baidu_169.png,1.363257336035
SH_Baidu_179.png,1.181300345300
SH_Baidu_188.png,3.015128154351
SH_Baidu_226.png,4.440217242294
SH_Baidu_251.png,2.233434237160
SH_Baidu_252.png,5.508097260407
SH_Bing_121.png,2.253064470869
SH_Bing_123.png,1.098505876908
SH_Bing_139.png,0.982858304642
SH_Bing_156.png,3.157408570697
SH_Bing_203.png,0.552346643736
SH_Bing_228.png,4.016680499304
SH_Bing_252.png,2.674237774464
SH_Bing_274.png,3.868305878022
SH_Bing_279.png,2.147575523867
SH_Bing_297.png,2.507228959835
SH_Bing_352.png,1.826474767742
SH_Bing_353.png,1.141364185368
SH_Bing_44.png,0.598360466113
SH_Bing_453.png,1.691020444132
SH_Bing_455.png,1.254843739443
SH_Bing_465.png,1.498876739469
SH_Bing_503.png,0.992378631726
SH_Bing_523.png,7.275704083430
SH_Bing_548.png,3.380673391339
SH_Bing_554.png,3.198852527724
SH_Bing_721.png,2.601108562398
SH_Bing_765.png,4.550258237691
SH_Google_075.png,3.068913176514
SH_Google_130.png,2.011233725112
SH_Google_139.png,1.908123443462
SH_Google_161.png,2.552581478124
SH_Google_267.png,3.980638085769
SH_Google_298.png,2.789155610467
SH_Google_302.png,3.465138006303
SH_Google_353.png,0.552421489092
SH_Google_383.png,1.215354726506
SH_Google_411.png,1.388987934563
SH_Google_413.png,3.101478642212
SH_Google_418.png,3.484004619556
SH_Google_470.png,0.978640465842
SH_Google_477.png,1.634100959358
SH_Google_516.png,2.516529179501
SH_Google_53.png,0.612878381406
SJZ_Baidu_003.png,4.322431508161
SJZ_Baidu_011.png,2.060841979689
SJZ_Baidu_017.png,4.153230908599
SJZ_Baidu_023.png,2.286497068320
SJZ_Baidu_024.png,1.550006931607
SJZ_Baidu_029.png,2.947823711821
SJZ_Baidu_040.png,3.341070751175
SJZ_Baidu_042.png,3.491151333959
SJZ_Baidu_068.png,2.116127345215
SJZ_Baidu_075.png,1.601161082230
SJZ_Baidu_088.png,4.112635653545
SJZ_Baidu_097.png,3.002424334444
SJZ_Baidu_099.png,4.057061263632
SJZ_Baidu_1074.png,0.649098975182
SJZ_Baidu_1110.png,1.325243256253
SJZ_Baidu_1114.png,1.044800283232
SJZ_Baidu_114.png,1.517284935739
SJZ_Baidu_116.png,2.375675473375
SJZ_Baidu_118.png,5.484236534367
SJZ_Baidu_1195.png,0.440649557230
SJZ_Baidu_120.png,3.130346074106
SJZ_Baidu_1218.png,3.729902874705
SJZ_Baidu_1231.png,1.544048813377
SJZ_Baidu_125.png,0.568448124413
SJZ_Baidu_127.png,2.690505914571
SJZ_Baidu_133.png,1.417542178820
SJZ_Baidu_134.png,1.672732930140
SJZ_Baidu_137.png,5.348616304706
SJZ_Baidu_147.png,1.149021372609
SJZ_Baidu_151.png,2.054921343751
SJZ_Baidu_159.png,2.218496837744
SJZ_Baidu_164.png,1.983051402943
SJZ_Baidu_172.png,2.287831512558
SJZ_Baidu_177.png,1.931459834554
SJZ_Baidu_184.png,4.305045468066
SJZ_Baidu_203.png,3.202345362490
SJZ_Baidu_209.png,2.259185135107
SJZ_Baidu_223.png,7.975161954640
SJZ_Baidu_224.png,6.040148799000
SJZ_Baidu_225.png,2.912319913069
SJZ_Baidu_240.png,4.651491632276
SJZ_Baidu_243.png,6.070081632330
SJZ_Baidu_244.png,6.361093367867
SJZ_Baidu_249.png,6.137281841325
SJZ_Baidu_267.png,5.054089214622
SJZ_Baidu_286.png,7.904009984084
SJZ_Baidu_305.png,4.938915784797
SJZ_Baidu_332.png,2.753972013934
SJZ_Baidu_333.png,2.123366816815
SJZ_Baidu_381.png,6.451645299986
SJZ_Baidu_397.png,2.215644649930
SJZ_Baidu_406.png,3.133145342616
SJZ_Baidu_418.png,2.250354343895
SJZ_Baidu_420.png,1.466898047970
SJZ_Baidu_421.png,3.000544742081
SJZ_Baidu_451.png,2.228749761428
SJZ_Baidu_475.png,2.889424451278
SJZ_Baidu_491.png,1.210013907980
SJZ_Baidu_550.png,1.917124513710
SJZ_Baidu_570.png,0.903288759006
SJZ_Baidu_575.png,1.987051022765
SJZ_Baidu_593.png,1.833489945872
SJZ_Baidu_620.png,3.968212765903
SJZ_Baidu_688.png,4.443122504186
SJZ_Baidu_716.png,0.902687510278
SJZ_Baidu_730.png,2.067432538610
SJZ_Baidu_771.png,2.475554974308
SJZ_Baidu_772.png,1.390269741866
SJZ_Baidu_774.png,1.159678612988
SJZ_Baidu_787.png,0.460678962200
SJZ_Baidu_790.png,0.801306958098
SJZ_Baidu_84.png,1.323240689276
SJZ_Baidu_870.png,1.154658892910
SJZ_Baidu_891.png,0.468675210991
SJZ_Baidu_892.png,1.309159726362
SJZ_Baidu_897.png,2.817266836336
SJZ_Baidu_910.png,0.682386815936
SJZ_Baidu_924.png,0.430051899013
SJZ_Baidu_935.png,0.809444288346
SJZ_Baidu_956.png,1.486939714698
SJZ_Baidu_994.png,0.560913210082
SJZ_Bing_009.png,4.017935501025
SJZ_Bing_025.png,4.291413446060
SJZ_Bing_036.png,3.240817715018
SJZ_Bing_061.png,4.801248482377
SJZ_Bing_062.png,3.512350414974
SJZ_Bing_082.png,0.872418656040
SJZ_Bing_085.png,4.012504326181
SJZ_Bing_125.png,2.511930305929
SJZ_Bing_146.png,1.678190087015
SJZ_Bing_181.png,1.018003849305
SJZ_Bing_189.png,1.793156868619
SJZ_Bing_196.png,0.732962266840
SJZ_Bing_202.png,1.099520780889
SJZ_Bing_236.png,0.912899325691
SJZ_Bing_246.png,1.235099278343
SJZ_Bing_297.png,1.608348551437
SJZ_Bing_301.png,1.388661603590
SJZ_Bing_377.png,0.856783106223
SJZ_Bing_387.png,5.132776205270
SJZ_Bing_397.png,5.409919272831
SJZ_Bing_410.png,0.960979741432
SJZ_Bing_412.png,4.063537207090
SJZ_Bing_461.png,2.026294493241
SJZ_Bing_492.png,3.229970490798
SJZ_Bing_499.png,2.047472577052
SJZ_Bing_556.png,1.864474709312
SJZ_Bing_570.png,0.591617083891
SJZ_Bing_587.png,1.064213890214
SJZ_Bing_593.png,2.548821802201
SJZ_Bing_623.png,4.650090210325
SJZ_Bing_666.png,0.490722599209
SJZ_Bing_673.png,0.488055291089
SJZ_Bing_683.png,2.088548571480
SJZ_Bing_686.png,1.719294020839
SJZ_Bing_695.png,2.180697802239
SJZ_Bing_703.png,1.772629614629
SJZ_Bing_704.png,2.329358952054
SJZ_Bing_716.png,1.877258488616
SJZ_Bing_752.png,0.694916220977
SJZ_Bing_764.png,5.084659261326
SJZ_Bing_794.png,1.299221213713
SJZ_Bing_812.png,0.805287067791
SJZ_Bing_819.png,1.870907902838
SJZ_Bing_824.png,1.593850875036
SJZ_Google_069.png,4.548618295748
SJZ_Google_123.png,1.632722238204
SJZ_Google_247.png,1.021857566101
SJZ_Google_271.png,3.015857849348
SJZ_Google_282.png,1.936461412087
SJZ_Google_293.png,3.322339046465
SJZ_Google_338.png,2.801933440512
SJZ_Google_339.png,2.943134279316
SJZ_Google_352.png,3.472074705320
SJZ_Google_361.png,3.039569007492
SJZ_Google_382.png,1.421473398338
SJZ_Google_400.png,1.682504403442
SJZ_Google_404.png,0.583228687966
SJZ_Google_407.png,4.410052344555
SJZ_Google_412.png,1.347182348188
SJZ_Google_435.png,3.164158679241
SJZ_Google_452.png,3.106105914205
SJZ_Google_455.png,2.044718781257
SJZ_Google_501.png,1.521921593410
SJZ_Google_505.png,1.622415453567
SJZ_Google_514.png,3.463821304180
SJZ_Google_525.png,5.915469608445
SJZ_Google_534.png,1.716788068164
SJZ_Google_553.png,3.723497884829
SJZ_Google_56.png,0.788604237780
SY_Baidu_035.png,1.689033873166
SY_Baidu_044.png,4.497420018202
SY_Baidu_046.png,3.693236677911
SY_Baidu_048.png,1.898645713808
SY_Baidu_055.png,2.709268983471
SY_Baidu_056.png,2.509436133001
SY_Baidu_069.png,2.251246902079
SY_Baidu_073.png,2.968784794286
SY_Baidu_110.png,2.597756330100
SY_Baidu_111.png,1.284134188984
SY_Baidu_118.png,1.037942663177
SY_Baidu_12.png,2.323058611941
SY_Baidu_128.png,1.834892965049
SY_Baidu_132.png,3.551426993577
SY_Baidu_137.png,1.919351880886
SY_Baidu_140.png,4.523041294387
SY_Baidu_141.png,2.934790425496
SY_Baidu_148.png,3.200550726691
SY_Baidu_156.png,4.046294273115
SY_Baidu_158.png,3.202540817299
SY_Baidu_160.png,2.091527687011
SY_Baidu_184.png,8.840047035401
SY_Baidu_186.png,5.757752932119
SY_Baidu_190.png,1.274563304261
SY_Baidu_196.png,2.843764190594
SY_Baidu_208.png,2.087882725244
SY_Baidu_227.png,1.901159269972
SY_Baidu_25.png,2.422272030761
SY_Baidu_262.png,3.242805055286
SY_Baidu_292.png,3.802759432690
SY_Baidu_295.png,2.443579197893
SY_Baidu_337.png,2.181341335627
SY_Baidu_346.png,1.759083117673
SY_Baidu_367.png,2.867753426892
SY_Baidu_371.png,4.532155119663
SY_Baidu_374.png,6.718671037361
SY_Baidu_385.png,2.489838122796
SY_Baidu_386.png,3.007372629563
SY_Baidu_398.png,1.161442648737
SY_Baidu_405.png,3.585750172947
SY_Baidu_412.png,1.140475543029
SY_Baidu_415.png,1.001420615728
SY_Bing_026.png,1.688941322773
SY_Bing_049.png,2.359653517181
SY_Bing_062.png,5.482335373014
SY_Bing_105.png,1.476931624775
SY_Bing_122.png,3.946982403314
SY_Bing_123.png,1.079138763612
SY_Bing_135.png,0.648658563870
SY_Bing_154.png,2.548943434322
SY_Bing_181.png,2.911859307362
SY_Bing_221.png,1.569099164613
SY_Bing_23.png,1.292172946508
SY_Bing_336.png,1.251154919194
SY_Bing_424.png,0.966748298037
SY_Bing_477.png,2.906916885642
SY_Bing_501.png,2.151633479484
SY_Bing_536.png,1.501131814652
SY_Bing_541.png,0.642559680343
SY_Bing_582.png,0.762267287775
SY_Bing_648.png,2.200515821452
SY_Bing_688.png,1.233965447765
SY_Bing_696.png,1.584973336543
SY_Google_120.png,1.412740747734
SY_Google_125.png,2.236264193852
SY_Google_151.png,3.410454518700
SY_Google_177.png,3.066258639209
SY_Google_189.png,4.130128036563
SY_Google_259.png,2.613018655564
SY_Google_260.png,1.758093767249
SY_Google_299.png,0.779769071178
SY_Google_314.png,1.825558782797
SY_Google_321.png,3.221620814986
SY_Google_338.png,0.838574271093
SY_Google_363.png,0.830727036231
SY_Google_368.png,1.184924186130
SY_Google_387.png,3.666614289650
SY_Google_391.png,4.544506180461
SY_Google_398.png,2.952804754261
SY_Google_428.png,1.581386534748
SY_Google_44.png,2.557864872371
SY_Google_444.png,3.173327219244
SY_Google_475.png,2.076892817895
SY_Google_51.png,1.612496825999
SY_Google_514.png,1.244563007444
SY_Google_525.png,1.605727009269
SY_Google_532.png,3.062035925717
TJ_Baidu_034.png,3.748664057890
TJ_Baidu_037.png,2.165557335388
TJ_Baidu_074.png,3.106506221630
TJ_Baidu_077.png,6.004919035149
TJ_Baidu_1012.png,1.951567000752
TJ_Baidu_1032.png,0.919823811810
TJ_Baidu_108.png,7.120620774391
TJ_Baidu_1116.png,1.674759364007
TJ_Baidu_1152.png,1.519201961190
TJ_Baidu_1200.png,0.956602805470
TJ_Baidu_128.png,0.759994411290
TJ_Baidu_13.png,1.653309698000
TJ_Baidu_132.png,1.369899767934
TJ_Baidu_150.png,6.030521056782
TJ_Baidu_175.png,0.951772605373
TJ_Baidu_19.png,1.212501938246
TJ_Baidu_202.png,2.364582726560
TJ_Baidu_225.png,0.980080020047
TJ_Baidu_227.png,1.399951251143
TJ_Baidu_232.png,2.371965135631
TJ_Baidu_254.png,1.193561411940
TJ_Baidu_297.png,5.088303706456
TJ_Baidu_302.png,2.737924913176
TJ_Baidu_315.png,1.926306948066
TJ_Baidu_320.png,2.084842672489
TJ_Baidu_362.png,5.012419917228
TJ_Baidu_368.png,2.817859331466
TJ_Baidu_372.png,4.041030451049
TJ_Baidu_387.png,4.025123005837
TJ_Baidu_398.png,5.101898953171
TJ_Baidu_408.png,1.522539698396
TJ_Baidu_419.png,1.374272678258
TJ_Baidu_464.png,4.958076576063
TJ_Baidu_487.png,1.881911966684
TJ_Baidu_488.png,1.397826769155
TJ_Baidu_505.png,2.247136578980
TJ_Baidu_519.png,1.669226577350
TJ_Baidu_522.png,1.694739817370
TJ_Baidu_523.png,1.555698082255
TJ_Baidu_524.png,1.395384829469
TJ_Baidu_525.png,0.824333311324
TJ_Baidu_526.png,1.368967661195
TJ_Baidu_534.png,3.396762642943
TJ_Baidu_547.png,2.938266549844
TJ_Baidu_559.png,0.616391316204
TJ_Baidu_567.png,1.940380622916
TJ_Baidu_583.png,1.133713728876
TJ_Baidu_711.png,2.138906607270
TJ_Baidu_811.png,1.052580973775
TJ_Baidu_813.png,0.846478313838
TJ_Baidu_843.png,0.730935709594
TJ_Baidu_900.png,0.450399910345
TJ_Baidu_944.png,0.748405141786
TJ_Bing_005.png,4.410773916920
TJ_Bing_066.png,2.722539941077
TJ_Bing_166.png,1.164271758334
TJ_Bing_326.png,2.408920432397
TJ_Bing_338.png,2.916844344501
TJ_Bing_339.png,1.943024344949
TJ_Bing_343.png,3.033792404306
TJ_Bing_349.png,1.904008351583
TJ_Bing_495.png,2.185028759415
TJ_Bing_563.png,1.150083628445
TJ_Bing_659.png,4.125866218295
TJ_Bing_697.png,2.136223738216
TJ_Google_034.png,2.900342500632
TJ_Google_272.png,2.361357610994
TJ_Google_321.png,1.532063447809
TJ_Google_333.png,3.120066234422
TJ_Google_336.png,4.220475184093
TJ_Google_390.png,0.693898274980
TJ_Google_395.png,1.852689839069
TJ_Google_411.png,1.651110867474
TJ_Google_505.png,0.907050273895
TJ_Google_511.png,1.869891150639
TJ_Google_649.png,2.686749145322
TJ_Google_688.png,3.726119898260
TJ_Google_707.png,0.765219356015
TJ_Google_708.png,1.795629192830
TKO_Bing_479.png,3.627452220876
TKO_Bing_519.png,2.626424410239
TKO_Bing_657.png,0.219899934421
TKO_Google_183.png,1.494540189650
TKO_Google_474.png,2.751932968845
TKO_Google_600.png,1.531544947294
TKO_Google_628.png,4.572400607415
TKO_Google_693.png,1.807569337508
TKO_Google_734.png,2.695206421796
TKO_Google_805.png,2.352857048250
TKO_Google_824.png,1.255838336575
TS_Baidu_006.png,3.789548613614
TS_Baidu_025.png,4.382324551045
TS_Baidu_026.png,3.537201162028
TS_Baidu_039.png,4.638589219934
TS_Baidu_046.png,2.113574335230
TS_Baidu_1111.png,2.162962872154
TS_Baidu_1134.png,2.428638313219
TS_Baidu_114.png,5.215157374162
TS_Baidu_1258.png,1.091608611163
TS_Baidu_160.png,1.653513399677
TS_Baidu_188.png,1.935183048380
TS_Baidu_195.png,0.531833838695
TS_Baidu_226.png,1.422659840934
TS_Baidu_351.png,3.744804865092
TS_Baidu_355.png,2.597899753414
TS_Baidu_374.png,2.223890951581
TS_Baidu_422.png,3.740789336243
TS_Baidu_440.png,3.760463800541
TS_Baidu_463.png,1.953723734523
TS_Baidu_480.png,1.759100503307
TS_Baidu_486.png,3.083026250841
TS_Baidu_504.png,6.395906751754
TS_Baidu_506.png,1.641009563570
TS_Baidu_514.png,5.377529019678
TS_Baidu_550.png,2.114979049460
TS_Baidu_625.png,2.195107443768
TS_Baidu_669.png,1.183995989617
TS_Baidu_816.png,0.818323348115
TS_Baidu_848.png,1.676716416736
TS_Baidu_906.png,1.095918452291
TS_Bing_022.png,1.399130957136
TS_Bing_262.png,1.439878594735
TS_Bing_300.png,6.648855861129
TS_Bing_304.png,1.663058132126
TS_Bing_318.png,1.250940049276
TS_Bing_355.png,1.502988602500
TS_Bing_541.png,2.377992029733
TS_Bing_57.png,1.105728442801
TS_Bing_62.png,1.669266251060
TS_Bing_622.png,3.355376417158
TS_Bing_632.png,0.997169319441
TS_Bing_643.png,0.280029240045
TS_Bing_686.png,1.171359321961
TS_Bing_697.png,2.505390787558
TS_Bing_702.png,2.454289046630
TS_Google_013.png,3.558246840842
TS_Google_039.png,5.125803858674
TS_Google_153.png,3.630044487323
TS_Google_191.png,2.400734890680
TS_Google_198.png,1.723115779044
TS_Google_400.png,2.955294769961
TS_Google_409.png,3.198568301646
TS_Google_429.png,0.893955129672
TS_Google_463.png,3.213287091229
TS_Google_519.png,1.790083843184
TS_Google_527.png,2.433229823543
TS_Google_529.png,0.430758156326
TS_Google_549.png,1.002664336002
TS_Google_579.png,0.702345808098
TS_Google_623.png,1.020279477282
WST_Bing_521.png,1.212610706849
WST_Google_074.png,0.810978261467
WST_Google_167.png,1.537165073791
WST_Google_197.png,2.333383925280
WST_Google_203.png,1.257465846089
WST_Google_276.png,1.604499205065
WST_Google_354.png,0.976196519534
WST_Google_405.png,1.049078094552
WST_Google_452.png,2.540311293594
WST_Google_455.png,1.160858811003
WST_Google_504.png,1.432410346474
WST_Google_54.png,3.670612202962
WST_Google_547.png,8.626007719686
WST_Google_599.png,4.286900837864
WST_Google_710.png,0.986647636026
WST_Google_741.png,3.044439679380
WST_Google_759.png,1.022698398559
WST_Google_836.png,1.680236487930
XA_Baidu_014.png,2.651151345813
XA_Baidu_021.png,4.617391018054
XA_Baidu_034.png,1.343692299419
XA_Baidu_037.png,1.718839931653
XA_Baidu_038.png,5.702892201334
XA_Baidu_043.png,5.351393966269
XA_Baidu_05.png,4.183403769765
XA_Baidu_069.png,5.762317386554
XA_Baidu_127.png,2.407333446728
XA_Baidu_152.png,0.727586748594
XA_Baidu_180.png,0.985816778985
XA_Baidu_208.png,0.731726282724
XA_Baidu_209.png,2.985705744550
XA_Baidu_251.png,1.743009642730
XA_Baidu_270.png,1.582950167533
XA_Baidu_342.png,1.267051089674
XA_Baidu_359.png,1.391481751010
XA_Bing_070.png,4.805371100591
XA_Bing_087.png,2.198046540259
XA_Bing_090.png,1.355068708877
XA_Bing_104.png,1.054813740218
XA_Bing_120.png,1.654364457459
XA_Bing_170.png,1.183698750838
XA_Bing_178.png,1.772498103503
XA_Bing_194.png,0.633851673245
XA_Bing_204.png,1.173875432242
XA_Bing_257.png,1.934221880527
XA_Bing_260.png,4.276594486714
XA_Bing_264.png,3.948482386285
XA_Bing_282.png,0.763117042338
XA_Bing_288.png,2.266086060381
XA_Bing_298.png,2.408953459895
XA_Bing_304.png,0.535560993731
XA_Bing_321.png,1.520459689554
XA_Bing_387.png,1.244919220074
XA_Bing_394.png,1.261150555895
XA_Bing_471.png,0.440839860185
XA_Bing_733.png,0.750383594361
XA_Bing_734.png,1.219697717062
XA_Bing_767.png,1.004657210005
XA_Bing_800.png,1.184550284574
XA_Google_033.png,1.775850450998
XA_Google_040.png,1.804714167089
XA_Google_082.png,4.320568722161
XA_Google_121.png,2.771096553852
XA_Google_125.png,3.289582542524
XA_Google_147.png,6.204979603068
XA_Google_163.png,2.040949821626
XA_Google_173.png,0.560285763220
XA_Google_378.png,1.665912951058
XA_Google_381.png,0.317066096055
XA_Google_391.png,1.687245599343
XA_Google_431.png,2.269610670280
XA_Google_475.png,3.806029945626
XA_Google_481.png,2.356118564436
XA_Google_586.png,0.507939558328
XA_Google_619.png,1.795715429092
XA_Google_625.png,1.328374962648
XG_Baidu_017.png,2.152143038304
XG_Baidu_018.png,0.674301882784
XG_Baidu_050.png,5.688112945994
XG_Baidu_053.png,7.256618358122
XG_Baidu_1116.png,3.730561955171
XG_Baidu_1228.png,1.764433831546
XG_Baidu_175.png,1.455012372703
XG_Baidu_248.png,6.964831980141
XG_Baidu_328.png,1.320839660551
XG_Baidu_409.png,1.854254677927
XG_Baidu_511.png,7.401653696174
XG_Baidu_548.png,1.555994311420
XG_Baidu_575.png,2.167947759494
XG_Baidu_627.png,0.799329601742
XG_Baidu_634.png,2.909518200173
XG_Baidu_829.png,1.231054560280
XG_Baidu_981.png,3.154372210789
XG_Bing_106.png,0.801739268677
XG_Bing_135.png,1.312642854918
XG_Bing_140.png,3.125689464140
XG_Bing_176.png,2.288719741744
XG_Bing_198.png,3.071143791965
XG_Bing_346.png,2.822116429989
XG_Bing_412.png,5.731477542891
XG_Bing_419.png,1.795276450653
XG_Bing_497.png,1.226749687105
XG_Bing_529.png,1.836837682898
XG_Bing_582.png,2.234024544678
XG_Bing_679.png,2.694581559868
XG_Google_308.png,3.816776213081
XG_Google_528.png,1.872006300232
XG_Google_591.png,0.736257943446
XG_Google_633.png,1.390190589305
XG_Google_646.png,2.309969664352
XG_Google_648.png,1.124911851099
XG_Google_687.png,1.390722926331
XG_Google_688.png,2.032371093984
XR_Baidu_001.png,2.879269478462
XR_Baidu_002.png,1.913650154948
XR_Baidu_006.png,3.373081592446
XR_Baidu_007.png,1.696604886812
XR_Baidu_012.png,2.976182336301
XR_Baidu_014.png,1.983186435286
XR_Baidu_015.png,1.967820085687
XR_Baidu_016.png,4.760061530004
XR_Baidu_017.png,6.575965649000
XR_Baidu_019.png,3.009064359535
XR_Baidu_020.png,9.205294170053
XR_Baidu_023.png,1.498231343391
XR_Baidu_024.png,5.534544777247
XR_Baidu_027.png,2.889327045002
XR_Baidu_030.png,5.032810731684
XR_Baidu_037.png,5.239986404031
XR_Baidu_040.png,4.634183761954
XR_Baidu_043.png,0.501518483775
XR_Baidu_047.png,1.911070671764
XR_Baidu_057.png,9.580421236358
XR_Baidu_058.png,1.154867318218
XR_Baidu_061.png,5.752388630737
XR_Baidu_062.png,7.302546275223
XR_Baidu_067.png,3.781189662014
XR_Baidu_068.png,0.627428781757
XR_Baidu_069.png,2.072345649772
XR_Baidu_071.png,3.611742583040
XR_Baidu_073.png,4.912143340226
XR_Baidu_081.png,1.621999142314
XR_Baidu_086.png,2.305401779190
XR_Baidu_096.png,0.963702249714
XR_Baidu_103.png,0.506519842980
XR_Baidu_104.png,7.105248968498
XR_Baidu_109.png,0.792445732054
XR_Baidu_113.png,3.422795953112
XR_Baidu_120.png,0.910454982218
XR_Baidu_122.png,0.476489997924
XR_Baidu_127.png,1.079752438907
XR_Baidu_131.png,0.363694177375
XR_Baidu_132.png,0.821344250198
XR_Baidu_134.png,0.789313978179
XR_Baidu_157.png,1.494069970394
XR_Baidu_164.png,2.179715477420
XR_Baidu_182.png,0.934424004981
XR_Baidu_189.png,2.576470370259
XR_Baidu_193.png,5.902325818425
XR_Baidu_219.png,4.448723815220
XR_Baidu_221.png,1.396317252305
XR_Baidu_229.png,2.189725294093
XR_Baidu_236.png,2.998358564390
XR_Baidu_238.png,3.569863374462
XR_Baidu_245.png,5.351396722976
XR_Baidu_247.png,5.695772576426
XR_Baidu_255.png,3.302878994534
XR_Baidu_262.png,1.140141210728
XR_Baidu_263.png,1.238008951252
XR_Baidu_264.png,1.282745844846
XR_Baidu_269.png,5.579245284664
XR_Baidu_270.png,6.332528929579
XR_Baidu_272.png,1.736281232102
XR_Baidu_276.png,6.169806446877
XR_Baidu_278.png,4.983068180619
XR_Baidu_279.png,1.603291501693
XR_Baidu_294.png,5.261873193202
XR_Baidu_295.png,3.565653154571
XR_Baidu_299.png,7.771412800995
XR_Baidu_301.png,4.564253644806
XR_Baidu_315.png,2.047200891005
XR_Baidu_358.png,2.870925898226
XR_Baidu_365.png,7.068225463151
XR_Baidu_375.png,2.153479414963
XR_Baidu_377.png,3.395056405434
XR_Baidu_378.png,6.360476046423
XR_Baidu_380.png,2.395633049795
XR_Baidu_395.png,3.655967260396
XR_Baidu_398.png,4.932502274570
XR_Baidu_402.png,9.650813372254
XR_Baidu_404.png,1.918652560855
XR_Baidu_406.png,1.621696673220
XR_Baidu_415.png,5.011560780365
XR_Baidu_431.png,2.094139294562
XR_Baidu_45.png,3.168015334120
XR_Baidu_460.png,2.058155347558
XR_Baidu_462.png,5.094350842589
XR_Baidu_466.png,1.525834705242
XR_Baidu_471.png,3.782633724321
XR_Baidu_479.png,3.199987762742
XR_Baidu_482.png,3.345098029648
XR_Baidu_499.png,2.579405759225
XR_Bing_010.png,2.369420020612
XR_Bing_024.png,0.745993894971
XR_Bing_025.png,1.470969003887
XR_Bing_033.png,2.091567830841
XR_Bing_058.png,2.551833968970
XR_Bing_126.png,1.057440133624
XR_Bing_138.png,6.227968841452
XR_Bing_146.png,1.805217445140
XR_Bing_164.png,1.474473052253
XR_Bing_174.png,1.324907242423
XR_Bing_182.png,0.823328953844
XR_Bing_198.png,4.197813289417
XR_Bing_211.png,1.357385029501
XR_Bing_216.png,0.806546858954
XR_Bing_221.png,3.007030897384
XR_Bing_228.png,0.888498192881
XR_Bing_240.png,0.507887222057
XR_Bing_254.png,0.537038199824
XR_Bing_257.png,2.396193048876
XR_Bing_261.png,0.724009314402
XR_Bing_264.png,6.053160691559
XR_Bing_289.png,1.043804480142
XR_Bing_346.png,8.119268255365
XR_Bing_347.png,6.397277042568
XR_Bing_348.png,0.650661282036
XR_Bing_362.png,0.817939091019
XR_Bing_381.png,1.381272872212
XR_Bing_385.png,1.205916630754
XR_Bing_40.png,0.759964795918
XR_Bing_444.png,1.039541943120
XR_Bing_45.png,0.422889997380
XR_Bing_463.png,0.777011089031
XR_Bing_475.png,0.682926554555
XR_Bing_495.png,0.735428875548
XR_Bing_497.png,0.905546301477
XR_Bing_499.png,2.953355006882
XR_Bing_500.png,3.976973794410
XR_Bing_590.png,2.760379217037
XR_Bing_593.png,1.610592824788
XR_Bing_604.png,0.641255584472
XR_Bing_632.png,3.202892904849
XR_Bing_637.png,0.602352827542
XR_Bing_638.png,0.389205685761
XR_Bing_640.png,1.523491077950
XR_Bing_682.png,0.558986859538
XR_Bing_698.png,4.723069250112
XR_Bing_731.png,0.797489489804
XR_Bing_740.png,1.651077138273
XR_Bing_756.png,2.203579988294
XR_Bing_760.png,5.005439178867
XR_Bing_768.png,0.747457868683
XR_Bing_774.png,1.367962041926
XR_Bing_775.png,1.201982984304
XR_Bing_790.png,1.212626745614
XR_Bing_802.png,0.455052785196
XR_Bing_804.png,3.760462396933
XR_Bing_818.png,3.467021482556
XR_Bing_820.png,0.619813878496
XR_Google_000.png,1.159031219701
XR_Google_022.png,1.603477426793
XR_Google_064.png,2.086038758656
XR_Google_067.png,7.690314629593
XR_Google_088.png,2.049909962000
XR_Google_095.png,1.251814962642
XR_Google_102.png,0.723765362493
XR_Google_105.png,1.707562804858
XR_Google_110.png,2.211048152789
XR_Google_124.png,0.933416642902
XR_Google_127.png,1.127278475146
XR_Google_137.png,1.620057753438
XR_Google_142.png,0.330473819884
XR_Google_143.png,2.213798442182
XR_Google_146.png,1.931220666760
XR_Google_180.png,2.676746409315
XR_Google_183.png,4.752700473805
XR_Google_187.png,2.971726186844
XR_Google_228.png,1.644002041013
XR_Google_243.png,3.009017770633
XR_Google_252.png,3.338608781617
XR_Google_263.png,2.112477927715
XR_Google_275.png,0.641091170177
XR_Google_276.png,0.637766478889
XR_Google_284.png,5.483364034221
XR_Google_293.png,3.489906750555
XR_Google_311.png,2.002050718096
XR_Google_313.png,1.328282150428
XR_Google_331.png,0.665996073050
XR_Google_338.png,0.460637358630
XR_Google_34.png,0.651532960537
XR_Google_341.png,0.668054658113
XR_Google_355.png,3.533382215170
XR_Google_371.png,0.981799152112
XR_Google_377.png,0.623744226909
XR_Google_403.png,0.484406565661
XR_Google_404.png,1.787783504564
XR_Google_411.png,0.885871984231
XR_Google_416.png,5.322167166176
XR_Google_427.png,0.824285399094
XR_Google_436.png,0.700609524785
XR_Google_494.png,3.626179297198
XR_Google_502.png,4.926336106328
XR_Google_504.png,5.066823982716
XR_Google_515.png,0.617643543695
XR_Google_529.png,0.676523379174
XR_Google_537.png,2.593551585906
XR_Google_538.png,1.854893269246
XR_Google_573.png,1.736292988979
XR_Google_581.png,1.873875981295
XR_Google_583.png,4.538874377739
XR_Google_626.png,1.779588264020
XR_Google_633.png,0.666366177934
XR_Google_638.png,0.633421046818
XR_Google_659.png,0.828766260214
XR_Google_689.png,4.076305348244
XR_Google_691.png,2.693112119368
XR_Google_721.png,1.924781352518
XYT_Baidu_073.png,1.257705230783
XYT_Baidu_074.png,3.171075475441
XYT_Baidu_104.png,0.556577572074
XYT_Baidu_309.png,1.309634244569
XYT_Google_569.png,1.571543981949
XYT_Google_617.png,6.892518721750
YC_Baidu_027.png,1.139944889523
YC_Baidu_042.png,4.107684946819
YC_Baidu_052.png,1.979570264098
YC_Baidu_084.png,1.481970766766
YC_Baidu_108.png,2.626485700292
YC_Baidu_137.png,4.198238192182
YC_Baidu_140.png,0.639175873027
YC_Baidu_201.png,0.535130733943
YC_Bing_000.png,1.827115303449
YC_Bing_237.png,0.945907573828
YC_Bing_246.png,0.908208833627
YC_Bing_311.png,1.647946885704
YC_Bing_317.png,2.832518305848
YC_Bing_721.png,2.065853533874
YC_Bing_731.png,0.943626454404
YC_Google_062.png,2.574838997712
YC_Google_063.png,1.154433132734
YC_Google_594.png,1.666687346864
YC_Google_633.png,1.760653958512
YC_Google_758.png,0.820869843958
YD_Baidu_00.png,3.055016023662
YD_Baidu_015.png,1.852525600965
YD_Baidu_026.png,2.551489177215
YD_Baidu_029.png,2.592150420370
YD_Baidu_030.png,1.824294913732
YD_Baidu_037.png,2.333359071287
YD_Baidu_039.png,7.276417150199
YD_Baidu_040.png,3.730366975273
YD_Baidu_051.png,1.126354421450
YD_Baidu_053.png,6.543601936233
YD_Baidu_055.png,0.864695529197
YD_Baidu_058.png,3.609943958604
YD_Baidu_059.png,0.916755183391
YD_Baidu_068.png,1.758201624022
YD_Baidu_069.png,1.386560725034
YD_Baidu_070.png,0.802606706168
YD_Baidu_073.png,1.081200936500
YD_Baidu_074.png,2.629603089107
YD_Baidu_082.png,2.918649716923
YD_Baidu_087.png,1.285390381423
YD_Baidu_099.png,0.539812706012
YD_Baidu_171.png,2.145039675226
YD_Baidu_183.png,7.471195844673
YD_Baidu_201.png,1.370702023300
YD_Baidu_214.png,2.128551905103
YD_Baidu_300.png,1.845612837973
YD_Bing_022.png,1.512220742627
YD_Bing_038.png,6.169422222366
YD_Bing_086.png,1.013020031777
YD_Bing_11.png,6.525320568549
YD_Bing_212.png,3.504522455507
YD_Bing_213.png,1.085384379845
YD_Bing_243.png,0.897448775495
YD_Bing_258.png,0.796662820103
YD_Bing_290.png,1.838936087403
YD_Bing_351.png,1.885532285314
YD_Bing_428.png,2.437405561247
YD_Bing_429.png,2.169472705352
YD_Bing_547.png,3.791038815084
YD_Bing_568.png,2.928072273584
YD_Bing_580.png,4.884121387394
YD_Bing_688.png,2.043002269945
YD_Bing_694.png,2.472094536047
YD_Google_015.png,1.326802166455
YD_Google_017.png,1.877593057314
YD_Google_020.png,3.310793330672
YD_Google_032.png,5.025533149284
YD_Google_056.png,1.064996778064
YD_Google_09.png,1.121471222731
YD_Google_108.png,5.288091341169
YD_Google_133.png,4.270796056254
YD_Google_136.png,4.522199495740
YD_Google_140.png,4.653926477786
YD_Google_255.png,2.104368598766
YD_Google_281.png,0.814202303811
YD_Google_297.png,1.863903687678
YD_Google_322.png,3.776590080798
YD_Google_376.png,1.499533499174
YD_Google_447.png,3.625377808649
YSM_Bing_204.png,3.917581372863
YSM_Bing_239.png,3.036215542568
YSM_Bing_478.png,0.812193851364
YSM_Google_146.png,2.027259402127
YSM_Google_149.png,3.029603263671
YSM_Google_405.png,1.709278798033
YSM_Google_515.png,0.594530422487
YSM_Google_54.png,2.470392966367
YSM_Google_543.png,0.202508570404
YSM_Google_553.png,1.056365642811
YSM_Google_602.png,2.930245424948
YSM_Google_639.png,0.733988432965
YSM_Google_665.png,1.027831480177
YSM_Google_743.png,1.923154942158
YST_Bing_105.png,0.465332254503
YST_Bing_667.png,1.462109707660
YST_Bing_753.png,0.611481549033
YST_Bing_775.png,1.513490123390
YST_Google_245.png,9.018609183073
YST_Google_810.png,0.537901009248
YST_Google_891.png,0.673760953610
YT_Baidu_062.png,2.661282103868
YT_Baidu_135.png,0.850621860141
YT_Bing_014.png,4.525072683478
YT_Bing_065.png,0.926816425123
YT_Bing_097.png,3.769960236742
YT_Bing_115.png,5.697373716924
YT_Bing_194.png,3.130109149770
YT_Bing_195.png,1.072049009014
YT_Bing_43.png,1.609884171340
YT_Bing_547.png,1.688680989159
YT_Bing_586.png,2.704871128416
YT_Bing_665.png,1.121901232617
YT_Bing_691.png,3.394352291635
YT_Bing_726.png,1.321277087226
YT_Bing_739.png,2.554307933084
YT_Google_043.png,6.805512298350
YT_Google_057.png,3.068997642113
YT_Google_101.png,2.938449193634
YT_Google_296.png,0.500938084828
YT_Google_298.png,1.301949534525
YT_Google_881.png,7.295788353537
YT_Google_917.png,0.971453040780
hv10_1.png,1.628773451542
hv10_122.png,1.702445922984
hv10_193.png,1.513480358227
hv10_34.png,1.729921012303
hv10_526.png,1.525629115890
hv10_718.png,2.108271236172
hv10_9.png,1.798415538627
hv11_1.png,1.589980951718
hv11_114.png,5.192679954585
hv11_193.png,5.471738186544
hv11_204.png,4.153810473883
hv11_206.png,4.271396413653
hv11_266.png,4.382293957209
hv11_270.png,4.743519210093
hv11_286.png,4.216731685617
hv11_315.png,3.396078840105
hv11_354.png,2.200919564407
hv11_397.png,1.696246876392
hv11_406.png,1.725882281989
hv11_42.png,4.024729151402
hv11_435.png,1.764237726501
hv11_442.png,2.090527887848
hv11_475.png,1.855365732473
hv11_498.png,3.145977210025
hv11_528.png,2.353119897577
hv11_529.png,2.498087445629
hv11_542.png,2.043508194592
hv11_549.png,2.174712818625
hv11_558.png,2.158543075731
hv11_562.png,2.441183946641
hv11_643.png,3.607965205385
hv11_655.png,2.705144339546
hv11_674.png,1.678431874506
hv11_78.png,5.518332275130
hv11_86.png,4.477198122479
hv11_97.png,4.704863908429
hv12_1042.png,1.024253723312
hv12_1213.png,0.903594538893
hv12_1329.png,1.379800612030
hv12_1357.png,1.135397174715
hv12_1434.png,1.243219012302
hv12_1482.png,1.046720137398
hv12_171.png,0.863987020658
hv12_1774.png,0.805833635970
hv12_1848.png,0.899765921227
hv12_1862.png,0.862897164740
hv12_188.png,0.955495750520
hv12_1884.png,0.853913028601
hv12_189.png,0.971311246745
hv12_1897.png,0.785202326026
hv12_2022.png,0.937364105903
hv12_2043.png,0.873404981214
hv12_2077.png,0.953659803657
hv12_2152.png,1.047156434156
hv12_2202.png,0.848677413464
hv12_2247.png,1.351653272378
hv12_237.png,0.996468838111
hv12_267.png,0.842956459497
hv12_27.png,1.939591320827
hv12_286.png,0.842231804423
hv12_344.png,1.352992334052
hv12_382.png,1.186249233140
hv12_404.png,0.902515774202
hv12_426.png,0.858062720587
hv12_549.png,0.927734133239
hv12_678.png,1.269302856060
hv12_68.png,0.812766800263
hv12_693.png,1.345068553824
hv12_721.png,1.249990457574
hv12_759.png,0.777595092135
hv14_105.png,2.551541633129
hv14_129.png,1.541890027428
hv14_133.png,1.281192509742
hv14_136.png,1.332094299622
hv14_139.png,2.145076398128
hv14_140.png,1.854595176034
hv14_148.png,2.439983791683
hv14_169.png,1.817585518394
hv14_170.png,2.042734688356
hv14_21.png,3.322295621304
hv14_22.png,4.055036743807
hv14_30.png,3.156170479646
hv14_42.png,2.053647370441
hv14_43.png,1.721971194235
hv14_49.png,1.712490693048
hv14_55.png,2.035523961297
hv14_56.png,1.887207534598
hv14_64.png,2.457738158987
hv15_.png,2.124909927697
hv15_1.png,2.229915460052
hv15_11.png,2.756456734344
hv15_111.png,1.978358406972
hv15_117.png,1.931846312968
hv15_15.png,2.227100970285
hv15_17.png,1.783739438119
hv15_2.png,2.235227121990
hv15_21.png,1.953520220413
hv15_23.png,4.381910489241
hv15_28.png,3.348862327892
hv15_29.png,1.506261348181
hv15_3.png,2.141065274886
hv15_41.png,2.513293236124
hv15_47.png,2.818169189881
hv15_49.png,5.328657954228
hv15_54.png,1.836380211993
hv15_6.png,1.665169607994
hv15_60.png,3.658101020984
hv15_69.png,1.914893598130
hv15_73.png,4.538863960602
hv15_81.png,2.967506855186
hv15_86.png,1.826346709142
hv15_90.png,1.889698330304
hv16_108.png,1.528257130720
hv16_117.png,2.678054133992
hv16_127.png,2.207411177194
hv16_241.png,2.769856665361
hv16_411.png,0.977129639243
hv16_416.png,0.962191638988
hv16_75.png,1.762474633345
hv17_1.png,2.480637057359
hv17_10.png,2.615191034456
hv17_11.png,2.535576213467
hv17_12.png,2.096497921130
hv17_22.png,2.185457620260
hv17_24.png,2.167797404304
hv17_29.png,2.030129572996
hv17_31.png,1.874205471393
hv17_32.png,2.060317586015
hv17_33.png,2.468069213411
hv17_38.png,3.066282654248
hv17_40.png,2.731114392405
hv17_42.png,2.672776328642
hv17_44.png,2.495724621301
hv17_48.png,1.107695455424
hv17_59.png,2.087087761578
hv17_6.png,2.928064097748
hv17_7.png,2.934171134961
hv17_70.png,2.137023245783
hv17_71.png,2.264160829382
hv17_72.png,2.351957382451
hv18_9.png,2.479701485898
hv19_175.png,1.874805533486
hv19_225.png,1.549562648597
hv1_120.png,1.559989297859
hv1_158.png,1.924154762164
hv1_54.png,2.720038337860
hv1_61.png,0.891220102508
hv1_72.png,1.083164798691
hv1_78.png,1.638554992009
hv1_86.png,1.538319940229
hv1_9.png,2.773337828717
hv1_93.png,1.243069497495
hv20_231.png,5.324568626829
hv20_234.png,5.470686677729
hv20_369.png,4.203879903249
hv20_440.png,3.746099591833
hv20_572.png,1.905096731364
hv20_64.png,3.696668168970
hv21_171.png,4.913906180887
hv21_252.png,4.908337491505
hv21_258.png,4.429243883615
hv21_266.png,4.479336577035
hv21_292.png,4.361467887678
hv21_46.png,4.312883044361
hv21_87.png,5.039499601544
hv22_.png,2.111905270207
hv22_127.png,3.063687504051
hv22_28.png,2.507993774856
hv22_31.png,1.971161189831
hv22_43.png,2.092276751944
hv22_92.png,3.308019251304
hv23_160.png,2.235668337294
hv23_20.png,3.638266031462
hv23_222.png,2.670389472127
hv23_34.png,4.521362224315
hv23_36.png,4.601233575086
hv23_92.png,2.135723294080
hv24_.png,4.524702456621
hv24_116.png,3.801812527062
hv24_139.png,3.454229040554
hv24_21.png,4.831932300286
hv24_28.png,4.844881971374
hv24_4.png,5.161248848444
hv24_93.png,3.205532517598
hv25_108.png,3.715029440905
hv25_116.png,2.775047781247
hv25_117.png,3.398781152768
hv25_12.png,3.339825551558
hv25_121.png,3.373536842936
hv25_156.png,3.654357568977
hv25_162.png,3.156422415120
hv25_176.png,2.746773690371
hv25_4.png,3.195482868018
hv25_6.png,3.386411271742
hv26_133.png,4.825338692523
hv26_224.png,3.269039976153
hv26_291.png,4.103273105120
hv26_466.png,3.672166409604
hv27_237.png,3.274445082757
hv27_339.png,2.219343625229
hv27_386.png,4.516563936376
hv27_387.png,4.155997362360
hv27_75.png,3.428228029150
hv27_88.png,4.169805125533
hv28_.png,5.631218361499
hv28_133.png,5.703383640757
hv28_135.png,5.602015739673
hv28_157.png,6.607141204134
hv28_195.png,4.717731005665
hv28_198.png,5.739057915459
hv28_294.png,5.919620971015
hv28_3.png,5.885502971881
hv28_96.png,5.069933157372
hv29_.png,2.971927746675
hv29_103.png,3.801252121056
hv29_115.png,3.724947223771
hv29_128.png,3.614848549737
hv29_142.png,3.241845485353
hv29_210.png,3.864290349970
hv29_219.png,3.653742144966
hv29_22.png,3.430003393665
hv29_243.png,3.880845991446
hv29_70.png,3.826946926238
hv29_82.png,3.645920996667
hv2_.png,3.635402055937
hv2_10.png,3.615639047935
hv2_16.png,3.336111291646
hv2_28.png,3.325610988738
hv2_45.png,5.084829127906
hv2_49.png,4.580625760384
hv2_56.png,4.537824178967
hv30_110.png,3.485340190956
hv30_128.png,1.958171547765
hv30_138.png,2.695991962967
hv30_145.png,2.524771118916
hv30_148.png,2.619608214610
hv30_169.png,1.739804843824
hv30_42.png,2.857563813931
hv30_76.png,2.767580797392
hv32_108.png,7.105526945336
hv32_126.png,7.757154678591
hv33_124.png,1.926074985989
hv33_183.png,2.505872610673
hv34_1033.png,1.231910464782
hv34_1270.png,2.061163908178
hv34_1778.png,1.865572301213
hv34_589.png,1.731371875699
hv35_121.png,3.037455635440
hv35_133.png,2.430075133839
hv35_157.png,3.532401248807
hv35_181.png,3.817109996473
hv35_24.png,3.231592422616
hv35_282.png,3.627316755618
hv35_290.png,3.175117855719
hv35_292.png,2.929531770548
hv35_327.png,4.003824425791
hv35_340.png,3.145881988528
hv35_345.png,3.436717077565
hv35_352.png,3.406254306575
hv35_38.png,3.253352420309
hv35_433.png,3.045827499347
hv35_436.png,3.054229672591
hv35_474.png,3.858211979267
hv35_496.png,3.756912087177
hv35_51.png,2.836559077224
hv35_519.png,3.623105462342
hv35_560.png,3.753337321622
hv35_60.png,3.606041579431
hv35_849.png,3.290215412202
hv36_216.png,4.415921535395
hv36_219.png,4.202763153122
hv36_304.png,4.223247045481
hv36_306.png,4.371253357629
hv36_379.png,3.362089387096
hv36_510.png,4.529689229280
hv36_601.png,2.507355512656
hv36_615.png,2.405601116032
hv36_630.png,1.880514098856
hv36_639.png,1.443643352738
hv36_652.png,1.145749594173
hv36_670.png,1.932126691862
hv36_675.png,1.477805360374
hv36_68.png,2.418890603066
hv36_87.png,3.833201592730
hv36_92.png,3.067890966168
hv37_1022.png,1.893582641215
hv37_1076.png,1.750442886371
hv37_1088.png,1.668419096830
hv37_1095.png,1.842720144905
hv37_1107.png,1.761336276473
hv37_1136.png,1.861823814130
hv37_115.png,1.890802355164
hv37_1165.png,1.833513359210
hv37_1200.png,1.729410703124
hv37_1222.png,1.784329915257
hv37_1246.png,1.622888725598
hv37_1260.png,1.607634955384
hv37_1275.png,1.775885082425
hv37_1294.png,1.433922706493
hv37_1300.png,1.286064030494
hv37_1317.png,1.659565167547
hv37_1386.png,1.701867321052
hv37_1452.png,1.729705275851
hv37_1465.png,1.482147158754
hv37_1479.png,1.473546720479
hv37_1626.png,0.748957683187
hv37_1642.png,0.607183191732
hv37_1735.png,0.649808827761
hv37_1812.png,0.791228824868
hv37_1862.png,0.657192090205
hv37_1969.png,0.802138349512
hv37_2042.png,0.923545099764
hv37_2055.png,0.663125260724
hv37_2128.png,0.494000106190
hv37_2158.png,0.581494250314
hv37_26.png,1.126929413459
hv37_291.png,1.936669235792
hv37_309.png,1.849142189215
hv37_322.png,1.844389249033
hv37_34.png,1.213098817833
hv37_358.png,1.903723137116
hv37_38.png,1.202396898585
hv37_381.png,1.922812043328
hv37_436.png,1.997912924500
hv37_446.png,1.996286733017
hv37_459.png,1.966688743774
hv37_465.png,2.045598518399
hv37_523.png,1.957418081564
hv37_56.png,1.169881944630
hv37_564.png,2.078986603502
hv37_571.png,1.926939967559
hv37_577.png,2.085745831241
hv37_636.png,1.786631326417
hv37_64.png,1.344797921149
hv37_650.png,1.803303032052
hv37_738.png,1.810391661702
hv37_774.png,1.665016514774
hv37_78.png,1.441163928562
hv37_781.png,2.041589802398
hv37_840.png,1.828688254209
hv37_870.png,1.839687964624
hv37_888.png,1.993263195289
hv37_921.png,1.911392229511
hv38_127.png,3.060444761400
hv38_210.png,3.681746354777
hv38_72.png,3.889791682448
hv38_86.png,3.093727783982
hv38_87.png,2.991977483576
hv38_91.png,3.090903352714
hv39_.png,1.852166294458
hv39_10.png,1.717455089012
hv39_115.png,1.501988861866
hv39_156.png,1.355794116196
hv39_182.png,2.213599314813
hv39_21.png,1.617711316734
hv39_243.png,1.294910583195
hv39_253.png,1.493790002005
hv39_26.png,1.862149735161
hv39_264.png,1.734656363575
hv39_273.png,1.572540139761
hv39_28.png,2.038232680339
hv39_306.png,1.558072669283
hv39_312.png,1.814075121090
hv39_333.png,1.695756981801
hv39_351.png,1.417065148108
hv39_358.png,1.577027499876
hv39_368.png,1.851273328187
hv39_369.png,1.857118642305
hv39_384.png,2.276966397410
hv39_422.png,1.247570978306
hv39_426.png,1.380033520674
hv39_49.png,1.026079483995
hv39_529.png,1.585992970666
hv39_609.png,1.424865695521
hv39_614.png,1.273223220895
hv39_620.png,1.550890096046
hv39_656.png,1.235374918925
hv39_679.png,1.277316168359
hv39_684.png,1.233939974228
hv39_692.png,1.254663365224
hv39_759.png,1.709809669285
hv39_786.png,1.385961368624
hv39_834.png,0.829343331179
hv39_838.png,0.908973313347
hv39_907.png,1.413113744804
hv39_91.png,1.926044615406
hv39_931.png,1.052293356001
hv39_936.png,0.805950764868
hv3_106.png,4.742669142658
hv3_117.png,1.662564283943
hv3_118.png,1.670150011070
hv3_14.png,3.024265713394
hv3_2.png,1.203331658448
hv3_33.png,0.974331786859
hv3_63.png,2.545127706971
hv3_7.png,1.236392023168
hv3_76.png,4.945739125845
hv3_79.png,4.434116286895
hv3_82.png,2.956955024360
hv3_91.png,4.568553041006
hv40_10.png,2.468299084856
hv40_109.png,3.207637007834
hv40_110.png,3.087886833327
hv40_120.png,2.694829575270
hv40_127.png,2.773798581438
hv40_13.png,1.476308640184
hv40_150.png,2.997729239181
hv40_155.png,2.439254371405
hv40_160.png,2.670013654225
hv40_165.png,2.475980323474
hv40_172.png,2.217665654553
hv40_176.png,2.600155704643
hv40_188.png,1.991758533296
hv40_193.png,1.759414450611
hv40_217.png,2.027963765073
hv40_225.png,1.887473961637
hv40_243.png,1.667015111579
hv40_255.png,2.447371968631
hv40_266.png,2.665053447158
hv40_275.png,2.150898229003
hv40_277.png,2.659073823655
hv40_28.png,1.329733564911
hv40_290.png,1.109360551625
hv40_307.png,2.606677929470
hv40_309.png,1.126334248700
hv40_311.png,1.133196609043
hv40_315.png,1.272313421209
hv40_337.png,1.656867561699
hv40_340.png,1.722850713558
hv40_342.png,1.316844406175
hv40_357.png,1.578445329863
hv40_37.png,1.259793093801
hv40_39.png,1.220224723300
hv40_404.png,3.199557207353
hv40_405.png,2.108268747535
hv40_411.png,2.561354523317
hv40_412.png,3.168900781669
hv40_42.png,1.267844908395
hv40_423.png,2.489619620839
hv40_49.png,2.512873883031
hv40_5.png,1.032543270690
hv40_51.png,2.668924218610
hv40_57.png,2.703310146691
hv40_61.png,2.342019524461
hv40_64.png,2.558153370206
hv40_67.png,1.722580872155
hv40_72.png,2.024679947210
hv40_78.png,1.633438088466
hv40_84.png,1.208656601837
hv40_87.png,1.230041107862
hv41_39.png,1.191457907393
hv41_46.png,1.035111021427
hv42_1005.png,2.156324029319
hv42_1012.png,1.902782019969
hv42_1021.png,2.034389729128
hv42_1024.png,2.045450577442
hv42_1028.png,1.723482201240
hv42_1048.png,1.576757590400
hv42_1054.png,1.509068273187
hv42_1071.png,1.581016059651
hv42_1077.png,1.950828721468
hv42_13.png,1.474413378353
hv42_175.png,3.187226339655
hv42_20.png,1.091840178771
hv42_236.png,1.304899119950
hv42_256.png,1.870523772152
hv42_261.png,2.356458328542
hv42_283.png,1.850928444755
hv42_297.png,1.833616758453
hv42_304.png,1.438009673832
hv42_326.png,2.045299985468
hv42_336.png,3.180717202187
hv42_350.png,1.226834192870
hv42_361.png,1.698940854013
hv42_37.png,1.491911340182
hv42_379.png,1.815199116238
hv42_394.png,2.205535650991
hv42_420.png,1.177220706624
hv42_433.png,1.252423478183
hv42_440.png,1.887329894605
hv42_450.png,1.923582887948
hv42_487.png,2.173970899706
hv42_496.png,2.205074032601
hv42_505.png,1.990766575942
hv42_525.png,2.255462439722
hv42_535.png,2.856129641220
hv42_543.png,1.822270222295
hv42_550.png,1.752803055884
hv42_555.png,1.834473936411
hv42_562.png,1.823919454341
hv42_570.png,2.258844037949
hv42_576.png,1.966900953824
hv42_582.png,1.419586928741
hv42_586.png,2.184987491434
hv42_594.png,1.725597190587
hv42_6.png,2.192642938725
hv42_60.png,1.482785496225
hv42_601.png,1.537065778347
hv42_620.png,1.746923807208
hv42_651.png,1.364093992492
hv42_658.png,1.437343599018
hv42_664.png,1.801115082020
hv42_675.png,2.120500235024
hv42_686.png,2.690365395333
hv42_716.png,2.410145778811
hv42_736.png,3.432798041042
hv42_752.png,2.134390545259
hv42_774.png,3.038965966890
hv42_796.png,2.049889708488
hv42_837.png,1.980718982467
hv42_846.png,1.798822616026
hv42_855.png,2.428208084507
hv42_861.png,3.175327288212
hv42_885.png,2.152301678677
hv42_895.png,2.320320578062
hv42_906.png,2.017340759249
hv42_916.png,1.370339516608
hv42_925.png,1.874902454348
hv42_933.png,0.880624395275
hv42_937.png,1.151512859530
hv42_943.png,2.091755666143
hv42_970.png,1.141786895990
hv42_976.png,1.104301168800
hv42_981.png,0.956248797630
hv42_986.png,1.624038037230
hv42_99.png,2.192459099845
hv42_999.png,1.346811750319
hv43_1038.png,1.851123628092
hv43_1095.png,3.925290560032
hv43_1212.png,3.934876353192
hv43_1273.png,1.707133747382
hv43_1298.png,1.306103942708
hv43_1306.png,0.979731091761
hv43_1364.png,1.786354454611
hv43_324.png,2.866898753390
hv43_336.png,2.686907151286
hv43_451.png,4.677095028138
hv43_482.png,3.946015112924
hv43_644.png,3.107996361706
hv43_672.png,3.913305243819
hv43_685.png,4.109590749939
hv43_724.png,1.984239599618
hv43_931.png,1.031670697672
hv44_1.png,2.137610105204
hv44_2.png,2.115659329595
hv44_20.png,3.265677225236
hv44_25.png,2.378436533484
hv44_29.png,2.217141356533
hv44_3.png,2.346478126773
hv44_31.png,1.747085673296
hv44_34.png,2.146776775926
hv44_35.png,2.330626972064
hv44_38.png,2.006446234849
hv44_39.png,2.423164796145
hv44_4.png,2.205850458777
hv44_41.png,2.490861151125
hv44_43.png,2.024695452168
hv44_44.png,1.941574735993
hv44_47.png,1.654470034492
hv44_49.png,2.193257275425
hv45_159.png,0.719913464643
hv45_31.png,0.789703641920
hv45_315.png,0.853716484828
hv45_82.png,0.746575319027
hv46_124.png,1.898739914523
hv46_433.png,3.278944236827
hv47_1003.png,1.728473773272
hv47_1009.png,1.781952045233
hv47_1065.png,1.630151972542
hv47_1069.png,1.814489827379
hv47_1086.png,1.872202062639
hv47_1096.png,1.907542916410
hv47_1115.png,1.998574027090
hv47_1167.png,1.633901917276
hv47_118.png,1.482046649023
hv47_1187.png,1.841380382623
hv47_1192.png,1.720161963600
hv47_153.png,1.713787301580
hv47_208.png,1.589525407414
hv47_275.png,1.821143376050
hv47_322.png,1.761299526309
hv47_37.png,1.453828539117
hv47_408.png,1.728912481632
hv47_488.png,1.988940294232
hv47_547.png,2.021304829052
hv47_566.png,1.752881092612
hv47_588.png,1.890955805610
hv47_60.png,1.336607818579
hv47_624.png,1.302734788804
hv47_642.png,2.013161292886
hv47_661.png,1.810480861358
hv47_674.png,1.713256143486
hv47_699.png,1.195258018268
hv47_71.png,1.427680126387
hv47_727.png,1.386380396671
hv47_729.png,1.848913355388
hv47_76.png,1.556941910729
hv47_766.png,1.747740795480
hv47_786.png,1.711007221647
hv47_80.png,1.583463931426
hv47_844.png,1.418431584723
hv47_856.png,1.749603828841
hv47_858.png,1.032768062137
hv47_871.png,1.598958312287
hv47_887.png,1.717831168711
hv47_898.png,1.872478650122
hv47_92.png,1.476969513072
hv47_936.png,1.911177138214
hv47_95.png,1.424477581016
hv47_952.png,1.686485786251
hv48_.png,1.478418214988
hv48_104.png,1.938545199699
hv48_190.png,2.162013511005
hv48_196.png,2.615150523866
hv48_200.png,2.678230067854
hv48_255.png,2.335450736434
hv48_4.png,3.477158376569
hv48_63.png,3.497765196629
hv49_.png,1.733810596439
hv49_78.png,1.502659314406
hv49_82.png,1.305235914080
hv4_133.png,1.419184719356
hv4_162.png,1.536874973453
hv4_259.png,1.927349903311
hv4_267.png,0.852777984551
hv4_273.png,0.765640798738
hv4_289.png,1.768165445619
hv4_294.png,1.382155346578
hv4_304.png,1.690264275915
hv4_308.png,3.023869883131
hv4_34.png,2.172601321846
hv50_.png,1.526991546745
hv50_121.png,1.836048312486
hv50_186.png,1.549471235753
hv50_213.png,1.444655070183
hv50_223.png,1.524975755566
hv50_230.png,1.358530968000
hv50_241.png,1.843052147111
hv50_259.png,1.872670828691
hv50_26.png,1.341940385173
hv50_304.png,2.026483796454
hv50_319.png,1.680029037328
hv50_348.png,2.125165086050
hv50_366.png,2.499959719307
hv50_384.png,2.342318649147
hv50_392.png,2.266692788656
hv50_408.png,2.216727189492
hv50_416.png,2.055259755373
hv50_446.png,2.486246369078
hv50_465.png,2.594899236857
hv50_481.png,2.363535983760
hv50_493.png,1.978650451605
hv50_528.png,2.064268584416
hv50_57.png,1.423572982209
hv50_620.png,1.956420735668
hv50_639.png,2.374261095274
hv50_649.png,1.768433914335
hv50_696.png,1.776049374886
hv50_718.png,0.980031186904
hv50_736.png,0.974683912548
hv50_793.png,1.923880097645
hv50_81.png,1.524114775323
hv5_106.png,3.117170564842
hv5_136.png,3.100892161139
hv5_147.png,2.902334455421
hv5_22.png,6.865502936210
hv5_30.png,6.943906500527
hv5_34.png,7.129367278849
hv5_50.png,2.904846346931
hv5_56.png,2.802751910082
hv5_70.png,0.406756425401
hv5_75.png,0.400536409078
hv5_80.png,1.256394095660
hv5_86.png,0.958585617751
hv5_94.png,1.001316390482
hv6_100.png,2.312402726086
hv6_102.png,2.311570197052
hv6_106.png,3.106436637433
hv6_13.png,3.341157063875
hv6_133.png,3.443953731827
hv6_139.png,4.004876582483
hv6_142.png,3.832237147422
hv6_144.png,1.320985772330
hv6_147.png,1.220124967100
hv6_148.png,1.301882361167
hv6_152.png,1.294926923715
hv6_153.png,1.298964499150
hv6_154.png,3.762211409328
hv6_16.png,3.213302937567
hv6_166.png,0.616851484179
hv6_20.png,3.115734341653
hv6_204.png,1.113608848582
hv6_208.png,1.154840713266
hv6_217.png,2.396453328207
hv6_218.png,2.262537013846
hv6_223.png,2.154318824863
hv6_226.png,2.133589749107
hv6_24.png,3.130051938513
hv6_9.png,3.517716989351
hv6_96.png,0.585169006373
hv6_97.png,2.248091243948
hv7_126.png,2.688999615219
hv7_132.png,2.218681619351
hv7_138.png,4.551065977618
hv7_21.png,1.556523274613
hv7_22.png,1.717531017151
hv7_27.png,1.148547947044
hv8_120.png,2.868723548594
hv8_128.png,3.500623720298
hv8_147.png,3.067407255627
hv8_160.png,6.252634492314
hv8_169.png,3.792211691644
hv8_256.png,5.723696254593
hv8_262.png,4.529170701760
hv8_325.png,1.464445363792
hv8_367.png,2.763491324789
hv8_58.png,1.303689069071
hv8_88.png,2.989692411426
hv8_99.png,2.684521106448
hv9_1.png,7.537077712594
hv9_14.png,1.992339054659
hv9_182.png,7.554075618004
hv9_186.png,7.381601807716
hv9_188.png,7.384862806795
hv9_198.png,4.594101448796
hv9_202.png,4.756149400726
hv9_21.png,3.780210504306
hv9_215.png,7.658452825250
hv9_221.png,7.048062921060
hv9_223.png,6.101238020561
hv9_36.png,2.074066566290
hv9_47.png,3.199307080753
