image,fade
AM_Bing_211.png,0.390291774568
AM_Bing_217.png,0.305027004743
AM_Bing_222.png,0.412801500569
AM_Bing_229.png,0.577870855581
AM_Bing_232.png,0.152647909327
AM_Bing_242.png,0.563539183158
AM_Bing_243.png,0.872967069765
AM_Bing_274.png,0.649576126417
AM_Bing_318.png,0.349702898493
AM_Bing_422.png,0.465274986134
AM_Bing_464.png,0.509441054233
AM_Bing_536.png,0.745547407628
AM_Bing_640.png,0.264024196266
AM_Bing_727.png,0.666316174866
AM_Google_019.png,0.209998807387
AM_Google_035.png,0.909223817958
AM_Google_067.png,0.400465153928
AM_Google_10.png,0.198765820323
AM_Google_228.png,0.903170510840
AM_Google_244.png,0.774679535565
AM_Google_246.png,0.878338376766
AM_Google_250.png,1.052906058368
AM_Google_289.png,0.401405077840
AM_Google_309.png,0.959338226836
AM_Google_320.png,0.585633439563
AM_Google_359.png,0.835748583987
AM_Google_411.png,0.543973090570
AM_Google_494.png,0.991957548950
AM_Google_525.png,0.267664124977
AM_Google_617.png,1.077972900166
AM_Google_707.png,0.721764794218
AM_Google_711.png,1.332977855950
AM_Google_754.png,0.375146746220
AM_Google_768.png,0.158960101290
AM_Google_796.png,0.897106500071
AM_Google_869.png,0.369894547605
BD_Baidu_000.png,0.866448431737
BD_Baidu_007.png,1.204172988546
BD_Baidu_018.png,0.762708406442
BD_Baidu_022.png,0.399550960298
BD_Baidu_023.png,1.062964728830
BD_Baidu_031.png,0.876636180939
BD_Baidu_038.png,0.838050902689
BD_Baidu_039.png,1.165451867383
BD_Baidu_042.png,2.442538125181
BD_Baidu_045.png,0.575285679470
BD_Baidu_046.png,0.479186196809
BD_Baidu_050.png,0.485353192933
BD_Baidu_058.png,1.157253631645
BD_Baidu_059.png,1.035643853821
BD_Baidu_062.png,0.734499451535
BD_Baidu_065.png,0.624659300802
BD_Baidu_074.png,0.802111326351
BD_Baidu_076.png,0.560819878124
BD_Baidu_078.png,0.699829760866
BD_Baidu_08.png,0.610675976911
BD_Baidu_081.png,0.598105153998
BD_Baidu_084.png,0.496070330521
BD_Baidu_087.png,0.861434801883
BD_Baidu_088.png,0.643586643321
BD_Baidu_095.png,1.209380323454
BD_Baidu_097.png,1.260602432624
BD_Baidu_10.png,0.989687022529
BD_Baidu_102.png,0.779743132728
BD_Baidu_104.png,1.227563434956
BD_Baidu_105.png,0.904492859008
BD_Baidu_116.png,0.726234856588
BD_Baidu_117.png,0.706082311533
BD_Baidu_129.png,0.751088598149
BD_Baidu_133.png,0.485242130690
BD_Baidu_134.png,0.947062684289
BD_Baidu_137.png,1.104420980112
BD_Baidu_142.png,0.667731887369
BD_Baidu_143.png,0.692771652947
BD_Baidu_145.png,0.529809396832
BD_Baidu_166.png,0.888638283300
BD_Baidu_174.png,0.346030831334
BD_Baidu_18.png,0.700144805957
BD_Baidu_195.png,0.400103176394
BD_Baidu_196.png,0.618148375463
BD_Baidu_199.png,1.860988977951
BD_Baidu_200.png,0.479880226300
BD_Baidu_201.png,0.570593720516
BD_Baidu_208.png,0.930644330000
BD_Baidu_209.png,1.214837150299
BD_Baidu_211.png,0.972854741663
BD_Baidu_216.png,0.868200486376
BD_Baidu_222.png,0.632457659444
BD_Baidu_224.png,0.894924665509
BD_Baidu_247.png,0.714116225908
BD_Baidu_249.png,0.672678973591
BD_Baidu_250.png,1.107451025560
BD_Baidu_254.png,0.728757862570
BD_Baidu_256.png,0.874896151932
BD_Baidu_277.png,0.918216899331
BD_Baidu_281.png,0.716985220456
BD_Baidu_284.png,0.763804909722
BD_Baidu_285.png,0.476024027020
BD_Baidu_29.png,0.528314452237
BD_Baidu_291.png,0.991493415592
BD_Baidu_299.png,0.711073734348
BD_Baidu_306.png,0.822597274869
BD_Baidu_322.png,0.536171321244
BD_Baidu_332.png,0.972263481292
BD_Baidu_338.png,0.771440047950
BD_Baidu_347.png,0.625885516611
BD_Baidu_355.png,0.709071272035
BD_Baidu_375.png,0.459294941378
BD_Baidu_383.png,0.648997395327
BD_Baidu_385.png,0.436053803001
BD_Baidu_388.png,1.563428654334
BD_Baidu_389.png,0.424148153897
BD_Baidu_391.png,0.705898329990
BD_Baidu_397.png,1.284702549914
BD_Baidu_410.png,1.686588748872
BD_Baidu_424.png,0.656515239282
BD_Baidu_428.png,0.705855400078
BD_Baidu_451.png,0.501763795393
BD_Baidu_461.png,0.459574691629
BD_Baidu_464.png,0.764277906671
BD_Baidu_476.png,2.022895359798
BD_Baidu_481.png,0.579373482644
BD_Baidu_486.png,0.896866413817
BD_Bing_013.png,0.852849583043
BD_Bing_04.png,0.713235669725
BD_Bing_042.png,0.967776989548
BD_Bing_068.png,0.994551642568
BD_Bing_080.png,0.938462012670
BD_Bing_084.png,1.311163149374
BD_Bing_091.png,0.815665999167
BD_Bing_096.png,0.946538986052
BD_Bing_097.png,0.697855141638
BD_Bing_18.png,0.915481125160
BD_Bing_195.png,1.042768640105
BD_Bing_216.png,0.365293830390
BD_Bing_23.png,0.737377991977
BD_Bing_231.png,0.775726440995
BD_Bing_232.png,0.344121605048
BD_Bing_237.png,1.059735466603
BD_Bing_26.png,0.743864859374
BD_Bing_302.png,1.216946848395
BD_Bing_303.png,0.993494899024
BD_Bing_308.png,1.023889530370
BD_Bing_331.png,0.426373328592
BD_Bing_358.png,0.559315128791
BD_Bing_393.png,0.489939794592
BD_Bing_420.png,0.424453980209
BD_Bing_423.png,0.718594243947
BD_Bing_463.png,0.277795579172
BD_Bing_479.png,0.290251039694
BD_Bing_484.png,0.561967981602
BD_Bing_49.png,0.472425729781
BD_Bing_515.png,0.533561853478
BD_Bing_549.png,0.734022829685
BD_Bing_606.png,0.888233429326
BD_Bing_609.png,0.407717452858
BD_Bing_634.png,0.362706714311
BD_Bing_643.png,1.888514565463
BD_Bing_655.png,0.283812824728
BD_Bing_660.png,0.353382453425
BD_Bing_664.png,0.433859482791
BD_Bing_695.png,0.497363734456
BD_Bing_732.png,1.077083300240
BD_Bing_74.png,0.390017697095
BD_Bing_742.png,2.024733571263
BD_Bing_763.png,0.346818479119
BD_Bing_789.png,0.957439029811
BD_Bing_802.png,0.894428426706
BD_Google_00.png,0.307703771200
BD_Google_054.png,0.771125168453
BD_Google_098.png,1.140339727619
BD_Google_126.png,0.787842914359
BD_Google_129.png,1.888988034523
BD_Google_249.png,0.732016065576
BD_Google_253.png,0.425461555231
BD_Google_329.png,0.517306425183
BD_Google_343.png,0.369637172777
BD_Google_357.png,0.407470833892
BD_Google_360.png,0.467178820538
BD_Google_368.png,1.760607356531
BD_Google_372.png,0.442561975345
BD_Google_378.png,0.554964031549
BD_Google_380.png,0.205162986777
BD_Google_381.png,0.356069307514
BD_Google_396.png,0.787996728961
BD_Google_397.png,0.672049262335
BD_Google_421.png,0.429818004611
BD_Google_428.png,1.064506834655
BD_Google_435.png,0.642133445295
BD_Google_443.png,1.243735041751
BD_Google_466.png,0.690804090279
BD_Google_501.png,0.644945763675
BD_Google_569.png,0.804456962499
BD_Google_598.png,0.533077669549
BJ_Baidu_015.png,0.590578599172
BJ_Baidu_02.png,0.655256937714
BJ_Baidu_029.png,0.595942298569
BJ_Baidu_04.png,0.358138809720
BJ_Baidu_045.png,1.383773044463
BJ_Baidu_066.png,0.594703137868
BJ_Baidu_069.png,0.446312346712
BJ_Baidu_071.png,0.866415426511
BJ_Baidu_072.png,0.594712222652
BJ_Baidu_077.png,0.536081264210
BJ_Baidu_080.png,0.759627291168
BJ_Baidu_082.png,0.789286226534
BJ_Baidu_093.png,0.715740156276
BJ_Baidu_095.png,0.656076231616
BJ_Baidu_1023.png,0.517141541426
BJ_Baidu_1035.png,0.218553543954
BJ_Baidu_1039.png,0.429803457665
BJ_Baidu_1081.png,0.722589929189
BJ_Baidu_1086.png,0.315978725877
BJ_Baidu_1090.png,0.693706402367
BJ_Baidu_1099.png,0.263138450335
BJ_Baidu_1132.png,0.698038025000
BJ_Baidu_1153.png,0.648039349892
BJ_Baidu_1158.png,0.295398385859
BJ_Baidu_1167.png,0.609964487902
BJ_Baidu_1168.png,0.493967026234
BJ_Baidu_1170.png,0.552276498124
BJ_Baidu_118.png,1.154951603548
BJ_Baidu_1184.png,0.471397212840
BJ_Baidu_1191.png,0.519916373529
BJ_Baidu_1194.png,0.308832444114
BJ_Baidu_1202.png,0.791148034950
BJ_Baidu_1213.png,0.599413017419
BJ_Baidu_126.png,0.953782839774
BJ_Baidu_1269.png,1.016340904466
BJ_Baidu_132.png,0.778081508465
BJ_Baidu_138.png,0.612757560354
BJ_Baidu_144.png,0.616648601808
BJ_Baidu_153.png,1.062041951698
BJ_Baidu_156.png,0.643932135761
BJ_Baidu_157.png,0.534746059332
BJ_Baidu_164.png,1.812551948093
BJ_Baidu_165.png,0.593610136597
BJ_Baidu_168.png,1.326691540653
BJ_Baidu_171.png,0.847742777288
BJ_Baidu_173.png,0.460512811709
BJ_Baidu_181.png,0.495682694287
BJ_Baidu_183.png,0.544707694036
BJ_Baidu_192.png,1.172764765605
BJ_Baidu_199.png,0.942609079188
BJ_Baidu_202.png,0.557539076337
BJ_Baidu_207.png,0.955244652502
BJ_Baidu_21.png,1.173585051714
BJ_Baidu_212.png,1.016015756710
BJ_Baidu_217.png,0.680887741082
BJ_Baidu_220.png,0.293877661114
BJ_Baidu_221.png,0.811251860642
BJ_Baidu_232.png,0.732960896930
BJ_Baidu_248.png,1.722863427055
BJ_Baidu_260.png,0.604390198601
BJ_Baidu_275.png,0.274225468686
BJ_Baidu_279.png,1.500987132164
BJ_Baidu_284.png,0.785291917918
BJ_Baidu_287.png,0.551831684012
BJ_Baidu_290.png,1.075260001381
BJ_Baidu_309.png,0.379710434804
BJ_Baidu_320.png,0.980077195033
BJ_Baidu_333.png,0.997129120954
BJ_Baidu_363.png,0.980758335051
BJ_Baidu_384.png,1.099809330871
BJ_Baidu_40.png,0.634431335002
BJ_Baidu_41.png,0.407144708383
BJ_Baidu_421.png,0.426204224897
BJ_Baidu_427.png,1.332605996781
BJ_Baidu_443.png,0.437710768684
BJ_Baidu_447.png,0.821152281569
BJ_Baidu_450.png,0.605523306356
BJ_Baidu_459.png,1.135724237524
BJ_Baidu_474.png,0.439440854275
BJ_Baidu_476.png,0.783098942378
BJ_Baidu_478.png,0.432609922464
BJ_Baidu_485.png,0.295216255787
BJ_Baidu_487.png,0.542370030848
BJ_Baidu_491.png,0.454183898275
BJ_Baidu_512.png,0.325835175465
BJ_Baidu_528.png,0.689205929169
BJ_Baidu_535.png,0.954536574311
BJ_Baidu_536.png,0.597535120657
BJ_Baidu_559.png,0.674878088731
BJ_Baidu_571.png,0.708878623033
BJ_Baidu_575.png,0.783132471969
BJ_Baidu_576.png,0.708725181378
BJ_Baidu_589.png,0.874723870636
BJ_Baidu_590.png,0.649424013516
BJ_Baidu_597.png,0.614320275694
BJ_Baidu_613.png,0.470005905989
BJ_Baidu_633.png,0.463621851860
BJ_Baidu_653.png,0.821265743118
BJ_Baidu_657.png,0.388639260212
BJ_Baidu_672.png,0.445003992201
BJ_Baidu_683.png,1.335123213878
BJ_Baidu_684.png,0.426197189033
BJ_Baidu_698.png,0.953623048738
BJ_Baidu_704.png,0.875608897742
BJ_Baidu_719.png,0.417941700170
BJ_Baidu_720.png,0.486515765712
BJ_Baidu_748.png,0.283820472476
BJ_Baidu_754.png,0.456565788545
BJ_Baidu_773.png,0.630432333323
BJ_Baidu_78.png,0.509197045999
BJ_Baidu_800.png,0.523844377357
BJ_Baidu_831.png,0.809457592326
BJ_Baidu_832.png,0.760022447911
BJ_Baidu_842.png,0.854141899176
BJ_Baidu_873.png,0.502261548169
BJ_Baidu_891.png,0.475268858966
BJ_Baidu_903.png,0.560903656118
BJ_Baidu_904.png,1.777154793478
BJ_Baidu_909.png,0.438935519265
BJ_Baidu_917.png,0.250894538064
BJ_Baidu_960.png,0.393926345524
BJ_Baidu_966.png,0.378803006190
BJ_Baidu_972.png,0.274986135107
BJ_Baidu_996.png,0.279964899002
BJ_Bing_014.png,0.608820407396
BJ_Bing_031.png,1.067577578750
BJ_Bing_059.png,0.559765789203
BJ_Bing_060.png,0.318145841741
BJ_Bing_064.png,0.727018411224
BJ_Bing_066.png,1.811688973597
BJ_Bing_076.png,0.549760164412
BJ_Bing_082.png,0.765079188673
BJ_Bing_085.png,0.926146524111
BJ_Bing_087.png,0.391670100268
BJ_Bing_102.png,0.464414671252
BJ_Bing_104.png,0.539881197052
BJ_Bing_105.png,0.787375203543
BJ_Bing_116.png,0.467984440829
BJ_Bing_124.png,0.459694681156
BJ_Bing_131.png,0.361223143714
BJ_Bing_134.png,1.085788326758
BJ_Bing_137.png,0.568980595848
BJ_Bing_145.png,0.324447456203
BJ_Bing_150.png,1.000007770720
BJ_Bing_157.png,1.028491284353
BJ_Bing_164.png,0.739931935480
BJ_Bing_174.png,0.403865868115
BJ_Bing_185.png,0.426413038524
BJ_Bing_190.png,0.859303187852
BJ_Bing_192.png,1.506358488456
BJ_Bing_195.png,0.426536093138
BJ_Bing_206.png,0.753996177749
BJ_Bing_213.png,0.640947696836
BJ_Bing_214.png,1.904360738686
BJ_Bing_217.png,0.357195546522
BJ_Bing_224.png,0.523805115167
BJ_Bing_236.png,0.618224538253
BJ_Bing_261.png,0.451830123814
BJ_Bing_266.png,0.695690049995
BJ_Bing_271.png,0.699584522073
BJ_Bing_272.png,1.480406306107
BJ_Bing_284.png,0.289393004762
BJ_Bing_319.png,0.695605958225
BJ_Bing_337.png,0.568307089330
BJ_Bing_344.png,1.362820263279
BJ_Bing_381.png,0.560485494294
BJ_Bing_385.png,1.513386106225
BJ_Bing_392.png,0.628690649475
BJ_Bing_406.png,0.326107598948
BJ_Bing_418.png,0.266061820990
BJ_Bing_419.png,0.810350900710
BJ_Bing_427.png,0.438583843529
BJ_Bing_429.png,0.322732476299
BJ_Bing_433.png,0.323011294178
BJ_Bing_446.png,0.642092392957
BJ_Bing_455.png,1.100788684691
BJ_Bing_461.png,0.486749409815
BJ_Bing_471.png,0.455821878742
BJ_Bing_485.png,0.707102655579
BJ_Bing_494.png,0.827653520082
BJ_Bing_499.png,0.578933525624
BJ_Bing_504.png,0.772267608860
BJ_Bing_507.png,0.496876511306
BJ_Bing_523.png,0.651666277344
BJ_Bing_529.png,1.583624414619
BJ_Bing_544.png,1.028504680503
BJ_Bing_575.png,0.839697201340
BJ_Bing_576.png,0.728932896774
BJ_Bing_607.png,0.742699725780
BJ_Bing_613.png,0.546433598042
BJ_Bing_617.png,0.534845762935
BJ_Bing_630.png,0.701820274467
BJ_Bing_651.png,0.775963025675
BJ_Bing_660.png,1.060359411139
BJ_Bing_669.png,0.816145891853
BJ_Bing_672.png,1.212343817028
BJ_Bing_682.png,0.961238427045
BJ_Bing_696.png,0.465799574713
BJ_Bing_698.png,0.289027921162
BJ_Bing_699.png,0.501625510970
BJ_Bing_701.png,0.380835507646
BJ_Bing_706.png,0.767541734505
BJ_Bing_718.png,0.881424820545
BJ_Bing_719.png,1.239821385044
BJ_Bing_727.png,0.466172762426
BJ_Bing_738.png,0.619131453407
BJ_Bing_759.png,0.568777686853
BJ_Bing_760.png,0.605373164549
BJ_Google_002.png,0.744648402735
BJ_Google_014.png,0.662477194306
BJ_Google_022.png,0.603916506083
BJ_Google_024.png,0.918711004678
BJ_Google_038.png,0.748943251959
BJ_Google_053.png,0.742305746961
BJ_Google_087.png,0.429085540860
BJ_Google_088.png,0.750501975616
BJ_Google_093.png,0.540933873267
BJ_Google_098.png,0.471597782551
BJ_Google_116.png,0.664877518239
BJ_Google_132.png,0.659589100229
BJ_Google_144.png,0.892463833381
BJ_Google_15.png,0.729580298253
BJ_Google_162.png,0.919936521997
BJ_Google_165.png,0.955424742756
BJ_Google_166.png,0.394765169826
BJ_Google_172.png,0.570854769222
BJ_Google_178.png,0.815700185897
BJ_Google_19.png,0.865167642560
BJ_Google_203.png,0.469507078373
BJ_Google_211.png,0.648133245262
BJ_Google_216.png,0.365853838943
BJ_Google_22.png,0.346307300548
BJ_Google_222.png,1.607274534089
BJ_Google_24.png,0.708011526531
BJ_Google_254.png,1.247798834672
BJ_Google_261.png,0.678738716894
BJ_Google_269.png,1.476168575942
BJ_Google_274.png,0.807181480399
BJ_Google_282.png,0.580729342773
BJ_Google_287.png,1.296769602078
BJ_Google_288.png,1.561019293582
BJ_Google_293.png,1.358005657873
BJ_Google_296.png,1.472131774277
BJ_Google_303.png,0.467055483587
BJ_Google_309.png,0.395738820263
BJ_Google_310.png,0.460584002448
BJ_Google_326.png,1.262271706768
BJ_Google_33.png,1.692851273092
BJ_Google_331.png,1.756488453669
BJ_Google_334.png,0.702668067130
BJ_Google_342.png,0.917404895025
BJ_Google_347.png,0.751107108123
BJ_Google_357.png,1.402496442864
BJ_Google_359.png,0.838007613802
BJ_Google_374.png,0.513431087456
BJ_Google_389.png,0.690421924657
BJ_Google_400.png,0.490120896572
BJ_Google_401.png,0.887632084723
BJ_Google_408.png,0.265447165982
BJ_Google_409.png,0.959009027420
BJ_Google_412.png,1.064645916250
BJ_Google_418.png,0.535710840301
BJ_Google_429.png,0.714892699109
BJ_Google_436.png,0.834709181803
BJ_Google_44.png,1.308065871356
BJ_Google_446.png,0.645707554182
BJ_Google_447.png,0.386965529661
BJ_Google_454.png,0.344389486768
BJ_Google_455.png,1.383116269013
BJ_Google_457.png,0.463576422324
BJ_Google_460.png,0.773710999249
BJ_Google_471.png,0.406535434910
BJ_Google_472.png,0.677364739987
BJ_Google_478.png,0.707834380870
BJ_Google_49.png,0.930278913015
BJ_Google_500.png,1.032280120566
BJ_Google_508.png,0.242142769108
BJ_Google_515.png,0.956894078136
BJ_Google_522.png,0.436318911098
BJ_Google_525.png,1.115752551873
BJ_Google_535.png,0.603553974437
BJ_Google_551.png,0.624313929455
BJ_Google_560.png,0.458511809106
BJ_Google_567.png,1.246619521299
BJ_Google_571.png,1.307912718625
BJ_Google_576.png,0.760062958283
BJ_Google_579.png,0.802625300324
BJ_Google_593.png,0.602215719582
BJ_Google_595.png,0.467783324251
BJ_Google_603.png,0.741418308936
BJ_Google_605.png,0.929627247945
BJ_Google_608.png,0.696975600519
BJ_Google_613.png,0.856738267054
BJ_Google_620.png,0.683082277783
BJ_Google_631.png,0.768656190947
BJ_Google_635.png,0.713579632407
BJ_Google_637.png,0.681002873020
BL_Baidu_068.png,0.390805439167
BL_Baidu_069.png,1.212867668751
BL_Baidu_070.png,1.616661093969
BL_Baidu_074.png,0.742930045563
BL_Baidu_084.png,1.230585484564
BL_Baidu_087.png,0.647458259881
BL_Baidu_102.png,0.839893034118
BL_Baidu_103.png,0.229041634439
BL_Baidu_129.png,0.308007985789
BL_Baidu_134.png,0.584897869502
BL_Baidu_176.png,0.328972218574
BL_Baidu_213.png,0.789994386583
BL_Bing_020.png,0.928092339807
BL_Bing_075.png,0.723680883198
BL_Bing_092.png,1.034076308907
BL_Bing_122.png,0.434031671025
BL_Bing_126.png,0.562563632185
BL_Bing_128.png,0.513472039843
BL_Bing_134.png,0.783769471801
BL_Bing_186.png,0.320848655609
BL_Bing_193.png,0.472589346218
BL_Bing_273.png,0.982515703858
BL_Bing_314.png,0.680673167133
BL_Bing_350.png,0.717853216083
BL_Bing_430.png,0.644644289972
BL_Bing_446.png,0.608810621990
BL_Bing_591.png,0.472354943222
BL_Bing_627.png,0.445934602706
BL_Bing_743.png,0.769787447223
BL_Google_047.png,0.381231585980
BL_Google_065.png,0.270856935616
BL_Google_121.png,0.397182397463
BL_Google_127.png,1.087643516841
BL_Google_147.png,0.780651136697
BL_Google_173.png,0.673402553995
BL_Google_178.png,1.240345896447
BL_Google_199.png,0.452879310678
BL_Google_256.png,0.967900707661
BL_Google_339.png,1.445055400404
BL_Google_433.png,0.555849889291
BL_Google_440.png,0.273520899397
BL_Google_463.png,0.557339365056
BL_Google_528.png,0.616579375380
CC_Baidu_01.png,0.588576896826
CC_Baidu_011.png,0.464466844260
CC_Baidu_016.png,1.124731659152
CC_Baidu_017.png,1.080021194342
CC_Baidu_028.png,0.956938719521
CC_Baidu_039.png,1.042381536333
CC_Baidu_040.png,0.848178935450
CC_Baidu_042.png,1.518091235684
CC_Baidu_047.png,0.605099057559
CC_Baidu_055.png,1.700408203293
CC_Baidu_066.png,0.412312139244
CC_Baidu_075.png,0.824976880263
CC_Baidu_081.png,0.331132382547
CC_Baidu_083.png,0.581007306434
CC_Baidu_086.png,0.944475472535
CC_Baidu_091.png,1.121298106489
CC_Baidu_095.png,0.302526276645
CC_Baidu_102.png,0.830979167030
CC_Baidu_108.png,0.739237430692
CC_Baidu_11.png,0.528462532581
CC_Baidu_117.png,0.551179119600
CC_Baidu_12.png,0.480038826472
CC_Baidu_132.png,0.708871620784
CC_Baidu_137.png,0.678557887741
CC_Baidu_141.png,0.633188296829
CC_Baidu_142.png,0.644600836305
CC_Baidu_146.png,0.703724063688
CC_Baidu_147.png,1.335708371390
CC_Baidu_148.png,0.376127358500
CC_Baidu_150.png,0.543580409578
CC_Baidu_151.png,0.885825380027
CC_Baidu_153.png,0.387028915757
CC_Baidu_168.png,0.920250176567
CC_Baidu_169.png,0.590917528048
CC_Baidu_17.png,0.561837561980
CC_Baidu_174.png,0.726253500050
CC_Baidu_176.png,0.548638397174
CC_Baidu_179.png,0.330353271170
CC_Baidu_189.png,0.425693586173
CC_Baidu_19.png,1.011381696119
CC_Baidu_221.png,1.119953366708
CC_Baidu_226.png,1.084773621572
CC_Baidu_228.png,1.398657521334
CC_Baidu_229.png,1.357581291267
CC_Baidu_230.png,0.808134116865
CC_Baidu_233.png,0.767091890435
CC_Baidu_236.png,0.412067959414
CC_Baidu_237.png,0.758153779985
CC_Baidu_244.png,0.469084500373
CC_Baidu_254.png,0.436866675575
CC_Baidu_256.png,0.319783405611
CC_Baidu_286.png,0.638428528566
CC_Baidu_295.png,0.394940434382
CC_Baidu_296.png,0.812315913891
CC_Bing_001.png,1.919249892831
CC_Bing_003.png,0.365822831391
CC_Bing_004.png,0.916546311368
CC_Bing_020.png,0.361327121082
CC_Bing_022.png,0.291102811799
CC_Bing_027.png,0.705710777930
CC_Bing_046.png,0.978793978906
CC_Bing_052.png,0.936410260413
CC_Bing_062.png,0.553313535473
CC_Bing_070.png,0.160991563026
CC_Bing_081.png,1.052685667085
CC_Bing_11.png,0.482531066074
CC_Bing_112.png,0.573168944854
CC_Bing_125.png,0.395878958235
CC_Bing_134.png,0.668638303492
CC_Bing_195.png,0.573647837211
CC_Bing_204.png,0.737913095631
CC_Bing_218.png,1.033497338325
CC_Bing_223.png,0.675321002711
CC_Bing_242.png,1.055440460299
CC_Bing_26.png,0.365357739252
CC_Bing_275.png,1.455805798066
CC_Bing_283.png,1.081655956237
CC_Bing_290.png,0.398756536874
CC_Bing_309.png,0.802022443715
CC_Bing_327.png,0.456576331701
CC_Bing_336.png,0.871389768400
CC_Bing_356.png,0.548084706515
CC_Bing_357.png,0.356647116018
CC_Bing_371.png,0.658874892701
CC_Bing_375.png,0.424708316000
CC_Bing_384.png,0.574526482781
CC_Bing_390.png,0.629370852105
CC_Bing_409.png,0.507620029145
CC_Bing_434.png,0.692119406246
CC_Bing_436.png,1.050905820135
CC_Bing_441.png,1.166264575810
CC_Bing_452.png,0.398820292231
CC_Bing_486.png,1.163580301527
CC_Bing_510.png,1.147628911969
CC_Bing_512.png,1.176943477157
CC_Bing_523.png,0.372058428037
CC_Bing_524.png,0.966913160950
CC_Bing_547.png,0.580437539285
CC_Bing_548.png,1.148427922687
CC_Bing_572.png,0.690290441600
CC_Bing_573.png,0.720809186061
CC_Bing_587.png,0.396711848262
CC_Bing_633.png,0.858971872156
CC_Bing_637.png,0.456953645806
CC_Bing_653.png,0.491210226933
CC_Bing_666.png,0.346464956068
CC_Bing_668.png,0.612971296154
CC_Bing_683.png,0.623006955109
CC_Bing_689.png,0.444967340690
CC_Bing_694.png,0.768687380110
CC_Bing_725.png,1.536407848006
CC_Bing_731.png,0.605551635306
CC_Bing_750.png,0.674331341519
CC_Bing_758.png,0.598265473801
CC_Bing_836.png,1.222967616480
CC_Bing_837.png,0.487545514995
CC_Bing_875.png,0.948220869372
CC_Google_007.png,0.930725866375
CC_Google_015.png,1.056963472213
CC_Google_033.png,0.546439842832
CC_Google_038.png,0.510284124283
CC_Google_04.png,0.723403495861
CC_Google_041.png,1.641991906147
CC_Google_058.png,1.050812740187
CC_Google_07.png,0.339322507464
CC_Google_074.png,0.508641082798
CC_Google_089.png,0.653265978221
CD_Baidu_012.png,1.240835796628
CD_Baidu_013.png,0.621409736730
CD_Baidu_019.png,0.754380577161
CD_Baidu_025.png,1.163912710666
CD_Baidu_058.png,0.492385803946
CD_Baidu_077.png,1.251521084493
CD_Baidu_083.png,0.578495567676
CD_Baidu_095.png,0.548763343131
CD_Baidu_127.png,0.642091929447
CD_Baidu_137.png,1.113032842099
CD_Baidu_160.png,1.040446992319
CD_Baidu_169.png,0.600487191070
CD_Baidu_180.png,0.247307916085
CD_Baidu_183.png,0.761520826389
CD_Baidu_194.png,1.122830899951
CD_Baidu_195.png,0.927425073474
CD_Baidu_201.png,0.768093957957
CD_Baidu_214.png,0.605677680310
CD_Baidu_221.png,0.791021338229
CD_Baidu_225.png,1.069940232201
CD_Baidu_249.png,0.454225526995
CD_Baidu_255.png,1.320094940944
CD_Baidu_269.png,0.950891867251
CD_Baidu_308.png,0.886652164442
CD_Baidu_342.png,0.900691979856
CD_Baidu_352.png,1.051080732527
CD_Baidu_354.png,1.067351555835
CD_Baidu_422.png,0.422232085262
CD_Baidu_424.png,0.458040335162
CD_Baidu_427.png,0.454151598303
CD_Baidu_434.png,0.823867493934
CD_Baidu_450.png,0.791206171093
CD_Baidu_453.png,0.659034566492
CD_Baidu_47.png,0.972827868866
CD_Baidu_479.png,0.725705171499
CD_Baidu_489.png,1.162295329742
CD_Baidu_523.png,0.700262377195
CD_Bing_064.png,0.332332262795
CD_Bing_139.png,0.270270161796
CD_Bing_144.png,0.678615830255
CD_Bing_176.png,0.600995032570
CD_Bing_177.png,0.482361894054
CD_Bing_214.png,1.061493109370
CD_Bing_221.png,0.306199873445
CD_Bing_256.png,0.616699436432
CD_Bing_262.png,0.544596591049
CD_Bing_270.png,1.193097678728
CD_Bing_292.png,0.213989230758
CD_Bing_30.png,0.410617762732
CD_Bing_310.png,0.590707709972
CD_Bing_338.png,0.580591721886
CD_Bing_390.png,0.831742792362
CD_Bing_402.png,0.280653160181
CD_Bing_416.png,0.457172478397
CD_Bing_436.png,0.319370094853
CD_Bing_452.png,1.004576609164
CD_Bing_501.png,0.295312075728
CD_Bing_533.png,1.326765394195
CD_Bing_581.png,0.679039970347
CD_Bing_662.png,0.417800943804
CD_Bing_737.png,0.535260630055
CD_Bing_790.png,0.273404586279
CD_Bing_812.png,0.816094419854
CD_Google_04.png,0.495450705062
CD_Google_065.png,0.495612496050
CD_Google_078.png,1.069186467174
CD_Google_135.png,0.460108517702
CD_Google_158.png,1.086913264750
CD_Google_162.png,0.885824432604
CD_Google_180.png,0.540359437634
CD_Google_185.png,0.436303947416
CD_Google_199.png,0.319134517092
CD_Google_207.png,0.736398449392
CD_Google_239.png,0.769252157559
CD_Google_341.png,0.531842328718
CD_Google_367.png,0.880339538820
CD_Google_372.png,0.284948397427
CD_Google_518.png,0.488132341771
CD_Google_571.png,0.469704538080
CD_Google_609.png,1.187144475820
CD_Google_63.png,0.872515559689
CD_Google_630.png,0.687047243956
CD_Google_631.png,0.541809493189
CD_Google_643.png,0.654868399689
CQ_Baidu_062.png,0.540343280999
CQ_Baidu_147.png,0.566440723533
CQ_Baidu_190.png,0.487078645193
CQ_Baidu_199.png,1.428083793266
CQ_Baidu_273.png,0.618326203267
CQ_Baidu_286.png,0.346934707576
CQ_Baidu_291.png,0.673017965347
CQ_Baidu_316.png,0.322832258036
CQ_Baidu_327.png,0.261021720390
CQ_Baidu_345.png,1.197173048769
CQ_Baidu_373.png,1.426012018312
CQ_Bing_162.png,0.581166647246
CQ_Bing_190.png,0.671580095749
CQ_Bing_221.png,0.439477064427
CQ_Bing_318.png,0.285882463871
CQ_Bing_342.png,1.085610289475
CQ_Google_019.png,1.124427579802
CQ_Google_029.png,1.071260797980
CQ_Google_035.png,0.838454308255
CQ_Google_290.png,1.845543802196
CQ_Google_35.png,0.414458895552
CQ_Google_370.png,1.763500002370
CQ_Google_380.png,0.515767069708
CQ_Google_406.png,0.389642429863
CQ_Google_446.png,0.746454327696
CQ_Google_52.png,0.827972432168
CQ_Google_521.png,1.031572193515
CQ_Google_529.png,0.786408745116
CQ_Google_547.png,1.031525970615
CQ_Google_55.png,1.512983102523
CQ_Google_615.png,0.448584949829
CQ_Google_745.png,0.522014925540
CQ_Google_763.png,0.660287997276
DJ_Baidu_023.png,0.675802031645
DJ_Baidu_040.png,0.904296219006
DJ_Baidu_055.png,1.424236972024
DJ_Baidu_065.png,0.562392819878
DJ_Baidu_104.png,0.375600796765
DJ_Baidu_179.png,0.229407185262
DJ_Baidu_189.png,1.100877875003
DJ_Baidu_206.png,0.529688401364
DJ_Baidu_240.png,1.141814166073
DJ_Bing_007.png,0.913643127723
DJ_Bing_021.png,0.398550084087
DJ_Bing_121.png,0.490223176847
DJ_Bing_127.png,0.475245349130
DJ_Bing_148.png,0.526296860021
DJ_Bing_20.png,0.213001443959
DJ_Bing_259.png,0.454721107694
DJ_Bing_271.png,0.340951193320
DJ_Bing_283.png,1.130231720516
DJ_Bing_313.png,0.632778146756
DJ_Bing_321.png,0.445666765843
DJ_Bing_372.png,0.355430228903
DJ_Bing_555.png,0.375313903193
DJ_Bing_694.png,0.318369121253
DJ_Google_026.png,0.941203047583
DJ_Google_154.png,0.866080590461
DJ_Google_157.png,1.535189032434
DJ_Google_199.png,0.714930394113
DJ_Google_234.png,0.991960952811
DJ_Google_388.png,0.724723831558
DJ_Google_398.png,0.577742572639
DJ_Google_406.png,0.647748254637
DJ_Google_425.png,0.815936220875
DJ_Google_535.png,0.425643145197
DJ_Google_674.png,0.466077034118
FogDr_Bing_002.png,2.423177965961
FogDr_Bing_003.png,2.319401415943
FogDr_Bing_008.png,0.760740899692
FogDr_Bing_019.png,0.441670719808
FogDr_Bing_106.png,0.697369385178
FogDr_Bing_125.png,0.568379755257
FogDr_Bing_206.png,1.445355210207
FogDr_Bing_217.png,0.355238484490
FogDr_Bing_223.png,1.152472600049
FogDr_Bing_237.png,0.342280861796
FogDr_Bing_256.png,1.017811890279
FogDr_Bing_304.png,1.505017418615
FogDr_Bing_358.png,0.715329882973
FogDr_Bing_367.png,0.700362234473
FogDr_Bing_370.png,0.719677309902
FogDr_Bing_394.png,1.242394200921
FogDr_Bing_405.png,0.734583446669
FogDr_Bing_410.png,1.079292733474
FogDr_Bing_422.png,0.599466152402
FogDr_Bing_443.png,0.692550252953
FogDr_Bing_454.png,0.482950181633
FogDr_Bing_510.png,0.774569043542
FogDr_Bing_535.png,0.902888289319
FogDr_Bing_557.png,1.080630041094
FogDr_Bing_559.png,1.138722203783
FogDr_Bing_567.png,0.682297942962
FogDr_Bing_569.png,0.513770730181
FogDr_Bing_635.png,0.679516040680
FogDr_Bing_648.png,0.648106457032
FogDr_Bing_697.png,1.151374299418
FogDr_Google_003.png,0.617780527720
FogDr_Google_004.png,0.797727438637
FogDr_Google_013.png,0.438894547557
FogDr_Google_014.png,0.385491863332
FogDr_Google_018.png,0.954146367517
FogDr_Google_024.png,0.902164026734
FogDr_Google_025.png,0.805323811710
FogDr_Google_026.png,1.045068134257
FogDr_Google_031.png,1.849339339964
FogDr_Google_035.png,1.781880462850
FogDr_Google_036.png,0.664348088529
FogDr_Google_040.png,1.551818984769
FogDr_Google_045.png,1.912962321692
FogDr_Google_050.png,1.152497812317
FogDr_Google_054.png,0.592916494208
FogDr_Google_058.png,0.902901846129
FogDr_Google_062.png,1.662439248341
FogDr_Google_063.png,1.770556936026
FogDr_Google_066.png,0.872162203323
FogDr_Google_072.png,0.775405182047
FogDr_Google_073.png,0.642956920387
FogDr_Google_074.png,1.184050194752
FogDr_Google_076.png,0.348835617271
FogDr_Google_077.png,0.357753716001
FogDr_Google_080.png,0.502896125509
FogDr_Google_081.png,0.720957269299
FogDr_Google_085.png,0.423694229068
FogDr_Google_089.png,1.201504659326
FogDr_Google_096.png,1.411310204449
FogDr_Google_105.png,1.925628311333
FogDr_Google_116.png,0.452052800513
FogDr_Google_117.png,1.257028590792
FogDr_Google_118.png,0.605434106200
FogDr_Google_123.png,0.815329934603
FogDr_Google_128.png,0.954849980009
FogDr_Google_129.png,0.694268342157
FogDr_Google_133.png,1.536603015600
FogDr_Google_137.png,0.699792691452
FogDr_Google_139.png,1.021162807196
FogDr_Google_140.png,1.200077474100
FogDr_Google_141.png,1.209991994382
FogDr_Google_145.png,1.054896373580
FogDr_Google_150.png,1.112256413051
FogDr_Google_157.png,0.526083878598
FogDr_Google_160.png,1.485837584531
FogDr_Google_167.png,0.893405764015
FogDr_Google_170.png,0.545607798876
FogDr_Google_172.png,0.448534043298
FogDr_Google_175.png,0.266396110892
FogDr_Google_187.png,0.561372703517
FogDr_Google_189.png,0.935316697532
FogDr_Google_196.png,1.125785623096
FogDr_Google_214.png,0.590167744997
FogDr_Google_215.png,0.717121771925
FogDr_Google_222.png,0.798468806981
FogDr_Google_223.png,0.892466608511
FogDr_Google_238.png,0.666732247067
FogDr_Google_24.png,1.053078836149
FogDr_Google_246.png,0.945913108207
FogDr_Google_255.png,0.640157434003
FogDr_Google_257.png,1.032689947267
FogDr_Google_259.png,1.194862910386
FogDr_Google_261.png,1.401891294466
FogDr_Google_279.png,0.677831455147
FogDr_Google_293.png,0.975654827113
FogDr_Google_294.png,0.525894492210
FogDr_Google_306.png,0.593844780133
FogDr_Google_308.png,0.533084028376
FogDr_Google_311.png,1.217781201217
FogDr_Google_337.png,1.119288240235
FogDr_Google_348.png,0.838019712027
FogDr_Google_358.png,0.764037848219
FogDr_Google_362.png,2.203655664705
FogDr_Google_365.png,0.752456639911
FogDr_Google_367.png,0.622961407532
FogDr_Google_370.png,0.942389043577
FogDr_Google_375.png,1.449409580778
FogDr_Google_387.png,1.189292593165
FogDr_Google_392.png,0.362457795799
FogDr_Google_402.png,0.644679930940
FogDr_Google_405.png,0.596832854119
FogDr_Google_410.png,0.616744707085
FogDr_Google_415.png,0.575193673283
FogDr_Google_426.png,0.839064600710
FogDr_Google_429.png,0.739230449985
FogDr_Google_430.png,1.522898976928
FogDr_Google_431.png,1.597761536791
FogDr_Google_467.png,0.338162413413
FogDr_Google_470.png,0.611454598082
FogDr_Google_501.png,0.914618112670
FogDr_Google_509.png,0.712225055056
FogDr_Google_515.png,0.643068442425
FogDr_Google_519.png,0.608662409685
FogDr_Google_520.png,0.273950032992
FogDr_Google_538.png,0.515875267597
FogDr_Google_564.png,0.580104841318
FogDr_Google_569.png,0.465799237863
FogDr_Google_589.png,0.778483230055
FogDr_Google_590.png,0.590117410529
FogDr_Google_597.png,1.447727356249
FogDr_Google_599.png,0.845368593594
FogDr_Google_638.png,0.349292815343
FogDr_Google_651.png,0.451238940861
FogDr_Google_658.png,0.523981320764
FogDr_Google_669.png,0.513308857765
FogDr_Google_674.png,1.401099828699
FogDr_Google_678.png,1.439660150674
FogDr_Google_694.png,0.453177538313
FogDr_Google_700.png,0.589215886727
FogDr_Google_703.png,0.543830723063
FogDr_Google_706.png,1.809310119028
FogDr_Google_709.png,1.086578147914
FogDr_Google_713.png,0.342516491608
FogDr_Google_720.png,0.697049672980
FogDr_Google_721.png,1.004973831526
FogDr_Google_724.png,0.358217984221
FogDr_Google_744.png,0.905696483218
FogDr_Google_747.png,0.998860332135
FogDr_Google_756.png,0.482765811161
FogDr_Google_757.png,0.685925132728
FogDr_Google_765.png,0.837736437380
FogDr_Google_783.png,0.517590657358
FogDr_Google_785.png,1.105567398144
FogDr_Google_788.png,0.484118578990
FogDr_Google_791.png,1.147845642708
FogDr_Google_792.png,1.604006430016
FogDr_Google_794.png,0.846048832234
FogDr_Google_798.png,0.530207312839
FogDr_Google_799.png,1.631919739269
FogDr_Google_811.png,1.076979894528
GRCN_Google_098.png,0.765436715536
GRCN_Google_108.png,0.666662097866
GRCN_Google_152.png,0.533882633840
GRCN_Google_207.png,0.458774975362
GRCN_Google_297.png,0.563430998019
GRCN_Google_308.png,0.557728306118
GRCN_Google_330.png,0.563620507105
GRCN_Google_340.png,0.508301007305
GRCN_Google_346.png,0.294876043189
GRCN_Google_385.png,0.806883784858
GRCN_Google_482.png,0.481076574006
GRCN_Google_509.png,0.579484313471
GRCN_Google_517.png,1.720321719435
GRCN_Google_538.png,0.699319204849
GRCN_Google_601.png,0.946910077208
GRCN_Google_696.png,0.774082031702
GRCN_Google_698.png,0.313038320161
GRCN_Google_713.png,0.207052313418
GSGL_Baidu_003.png,0.564243374515
GSGL_Baidu_005.png,1.820121629964
GSGL_Baidu_006.png,1.193766030643
GSGL_Baidu_012.png,0.847559183547
GSGL_Baidu_016.png,1.312952774225
GSGL_Baidu_019.png,1.052175990042
GSGL_Baidu_020.png,0.816224350923
GSGL_Baidu_028.png,0.705818987330
GSGL_Baidu_029.png,0.676751410399
GSGL_Baidu_032.png,0.795845358351
GSGL_Baidu_035.png,0.256770840349
GSGL_Baidu_036.png,1.074028536351
GSGL_Baidu_037.png,1.183871598311
GSGL_Baidu_038.png,0.551940995231
GSGL_Baidu_045.png,0.697372919242
GSGL_Baidu_047.png,1.907788119153
GSGL_Baidu_048.png,1.295549414592
GSGL_Baidu_051.png,0.520693421775
GSGL_Baidu_052.png,0.620468929964
GSGL_Baidu_056.png,0.660865571090
GSGL_Baidu_058.png,0.322825792382
GSGL_Baidu_060.png,0.786171560520
GSGL_Baidu_065.png,0.293225766418
GSGL_Baidu_071.png,1.033509050209
GSGL_Baidu_072.png,1.321831207439
GSGL_Baidu_075.png,0.426198051671
GSGL_Baidu_076.png,1.054556498782
GSGL_Baidu_078.png,0.520179488488
GSGL_Baidu_079.png,0.395062520648
GSGL_Baidu_085.png,0.613159525116
GSGL_Baidu_09.png,0.355822504429
GSGL_Baidu_093.png,0.492596547593
GSGL_Baidu_094.png,0.570375401164
GSGL_Baidu_1002.png,0.731272154619
GSGL_Baidu_1011.png,0.538124628372
GSGL_Baidu_1016.png,0.275583238226
GSGL_Baidu_1021.png,0.403867081334
GSGL_Baidu_1027.png,0.580794285015
GSGL_Baidu_1028.png,1.238688875092
GSGL_Baidu_1029.png,0.739451435410
GSGL_Baidu_1034.png,0.863763916575
GSGL_Baidu_1035.png,0.256188273482
GSGL_Baidu_1038.png,1.071535929828
GSGL_Baidu_104.png,0.354527096020
GSGL_Baidu_1040.png,0.442089751879
GSGL_Baidu_1046.png,0.342243568610
GSGL_Baidu_1053.png,0.610886045594
GSGL_Baidu_1054.png,0.223783058298
GSGL_Baidu_1059.png,0.615043431138
GSGL_Baidu_1066.png,0.372890643748
GSGL_Baidu_1072.png,0.350887345873
GSGL_Baidu_1074.png,0.518797199706
GSGL_Baidu_1077.png,1.047466679949
GSGL_Baidu_1084.png,1.061138877852
GSGL_Baidu_1086.png,1.210935771246
GSGL_Baidu_1087.png,0.324482492014
GSGL_Baidu_1088.png,0.656723710001
GSGL_Baidu_1089.png,0.191338890606
GSGL_Baidu_1102.png,0.900955769060
GSGL_Baidu_1104.png,1.053363885450
GSGL_Baidu_1121.png,0.432050634813
GSGL_Baidu_1122.png,0.626359701245
GSGL_Baidu_113.png,0.757829884717
GSGL_Baidu_1135.png,0.286587063089
GSGL_Baidu_1136.png,0.186999667879
GSGL_Baidu_1138.png,1.065702062847
GSGL_Baidu_1139.png,0.683827634758
GSGL_Baidu_1142.png,1.003991406720
GSGL_Baidu_1145.png,0.305283233364
GSGL_Baidu_1149.png,0.833956790589
GSGL_Baidu_1155.png,0.555422188712
GSGL_Baidu_1156.png,0.655904721063
GSGL_Baidu_1158.png,0.298036295039
GSGL_Baidu_1163.png,0.337568743418
GSGL_Baidu_1167.png,0.493037734009
GSGL_Baidu_1170.png,0.362498982792
GSGL_Baidu_1171.png,0.652288292367
GSGL_Baidu_1176.png,0.982949398222
GSGL_Baidu_1177.png,0.365848923803
GSGL_Baidu_1190.png,1.464411770697
GSGL_Baidu_1191.png,1.542306206622
GSGL_Baidu_1210.png,0.874310003580
GSGL_Baidu_1216.png,1.011178156399
GSGL_Baidu_1220.png,0.335914902546
GSGL_Baidu_1232.png,1.894697384588
GSGL_Baidu_1241.png,0.594330326977
GSGL_Baidu_1249.png,0.331084027308
GSGL_Baidu_1251.png,0.769924712743
GSGL_Baidu_1257.png,0.954868741300
GSGL_Baidu_1259.png,0.442184219016
GSGL_Baidu_1263.png,0.463445733115
GSGL_Baidu_1270.png,0.701146031526
GSGL_Baidu_133.png,0.286282129539
GSGL_Baidu_144.png,0.559059461258
GSGL_Baidu_145.png,0.394318235680
GSGL_Baidu_147.png,0.973697000354
GSGL_Baidu_148.png,0.387125502192
GSGL_Baidu_149.png,0.454102200761
GSGL_Baidu_156.png,0.325057681230
GSGL_Baidu_163.png,0.341801415588
GSGL_Baidu_173.png,0.705356737071
GSGL_Baidu_175.png,0.979294290246
GSGL_Baidu_179.png,0.464008316416
GSGL_Baidu_187.png,0.224832101983
GSGL_Baidu_196.png,0.493597558024
GSGL_Baidu_198.png,0.818524636579
GSGL_Baidu_200.png,0.605517990502
GSGL_Baidu_207.png,1.010702637707
GSGL_Baidu_211.png,1.801066513981
GSGL_Baidu_217.png,0.993934802897
GSGL_Baidu_220.png,0.542911986976
GSGL_Baidu_226.png,1.030716777394
GSGL_Baidu_229.png,1.384573266901
GSGL_Baidu_23.png,0.685570468292
GSGL_Baidu_249.png,0.721463809467
GSGL_Baidu_253.png,0.349372171760
GSGL_Baidu_261.png,0.390663184615
GSGL_Baidu_266.png,0.579168118435
GSGL_Baidu_270.png,0.461342523764
GSGL_Baidu_273.png,1.183250541790
GSGL_Baidu_281.png,1.164829776649
GSGL_Baidu_282.png,1.193674519270
GSGL_Baidu_288.png,0.607008957562
GSGL_Baidu_296.png,0.985449111811
GSGL_Baidu_300.png,0.308977500619
GSGL_Baidu_304.png,1.268519404464
GSGL_Baidu_308.png,0.601225430124
GSGL_Baidu_329.png,0.967641352588
GSGL_Baidu_330.png,1.074440394206
GSGL_Baidu_335.png,0.730308746603
GSGL_Baidu_35.png,0.463962100316
GSGL_Baidu_360.png,0.546710008258
GSGL_Baidu_390.png,0.728412315482
GSGL_Baidu_394.png,0.298427489051
GSGL_Baidu_399.png,0.347828113713
GSGL_Baidu_407.png,1.151641214853
GSGL_Baidu_412.png,0.566733122960
GSGL_Baidu_418.png,0.900519080487
GSGL_Baidu_424.png,0.903023921262
GSGL_Baidu_427.png,0.670743303343
GSGL_Baidu_448.png,0.894997268339
GSGL_Baidu_456.png,0.499766261984
GSGL_Baidu_458.png,0.937214553825
GSGL_Baidu_464.png,1.146454652399
GSGL_Baidu_465.png,0.566115861368
GSGL_Baidu_474.png,0.703851641828
GSGL_Baidu_476.png,0.400654688582
GSGL_Baidu_478.png,0.303370570597
GSGL_Baidu_479.png,1.244430201490
GSGL_Baidu_484.png,0.302658646742
GSGL_Baidu_489.png,0.586035497278
GSGL_Baidu_490.png,0.375906339265
GSGL_Baidu_495.png,0.757139632398
GSGL_Baidu_501.png,0.609555699319
GSGL_Baidu_529.png,0.418118543861
GSGL_Baidu_537.png,0.401749635743
GSGL_Baidu_559.png,0.195707422412
GSGL_Baidu_567.png,1.451743914258
GSGL_Baidu_570.png,1.094852683599
GSGL_Baidu_587.png,0.930481116396
GSGL_Baidu_596.png,0.846333591987
GSGL_Baidu_602.png,0.528026762420
GSGL_Baidu_604.png,0.595037099637
GSGL_Baidu_607.png,0.367908305855
GSGL_Baidu_610.png,0.352331579167
GSGL_Baidu_616.png,0.491388467261
GSGL_Baidu_619.png,0.255269031603
GSGL_Baidu_622.png,0.505207326926
GSGL_Baidu_623.png,0.423962224858
GSGL_Baidu_625.png,0.379555652187
GSGL_Baidu_627.png,0.568755998877
GSGL_Baidu_636.png,0.887552779493
GSGL_Baidu_644.png,0.469327626088
GSGL_Baidu_653.png,0.311886363532
GSGL_Baidu_654.png,0.738769002485
GSGL_Baidu_656.png,2.425288482201
GSGL_Baidu_662.png,0.313702542215
GSGL_Baidu_663.png,0.713350693234
GSGL_Baidu_665.png,0.440918731111
GSGL_Baidu_669.png,0.405208204547
GSGL_Baidu_677.png,0.372550123744
GSGL_Baidu_683.png,0.631983851051
GSGL_Baidu_684.png,0.392274561337
GSGL_Baidu_687.png,1.707670311246
GSGL_Baidu_688.png,0.726422358717
GSGL_Baidu_713.png,0.328441875660
GSGL_Baidu_715.png,0.222615405919
GSGL_Baidu_719.png,1.774164451451
GSGL_Baidu_723.png,0.294496163720
GSGL_Baidu_726.png,0.582852676324
GSGL_Baidu_734.png,0.543246719553
GSGL_Baidu_743.png,1.274120283813
GSGL_Baidu_751.png,0.824896488527
GSGL_Baidu_768.png,0.828853246240
GSGL_Baidu_769.png,1.358565479976
GSGL_Baidu_780.png,1.000300273903
GSGL_Baidu_781.png,1.130591939057
GSGL_Baidu_788.png,0.331938530657
GSGL_Baidu_789.png,1.091161619069
GSGL_Baidu_799.png,1.891515347016
GSGL_Baidu_808.png,1.471078915610
GSGL_Baidu_816.png,0.684236703934
GSGL_Baidu_817.png,0.406144245446
GSGL_Baidu_825.png,0.897868645615
GSGL_Baidu_829.png,1.201464762930
GSGL_Baidu_830.png,0.828191962106
GSGL_Baidu_845.png,0.580829624327
GSGL_Baidu_848.png,0.724683616881
GSGL_Baidu_850.png,0.360925592403
GSGL_Baidu_852.png,1.095074810700
GSGL_Baidu_866.png,0.777756708149
GSGL_Baidu_870.png,0.506164756602
GSGL_Baidu_873.png,0.327793686495
GSGL_Baidu_879.png,0.609582403201
GSGL_Baidu_882.png,0.455600989831
GSGL_Baidu_886.png,0.284815966951
GSGL_Baidu_894.png,0.390681415722
GSGL_Baidu_896.png,0.467199678389
GSGL_Baidu_900.png,0.746786579052
GSGL_Baidu_905.png,1.077378254340
GSGL_Baidu_906.png,0.338659650734
GSGL_Baidu_955.png,0.769654191413
GSGL_Baidu_957.png,0.717451158927
GSGL_Baidu_976.png,1.628010168189
GSGL_Baidu_981.png,0.427938027064
GSGL_Bing_015.png,0.672014266883
GSGL_Bing_018.png,0.893185492724
GSGL_Bing_025.png,0.403166329596
GSGL_Bing_027.png,1.400556307959
GSGL_Bing_034.png,0.776658772065
GSGL_Bing_040.png,0.472448235759
GSGL_Bing_046.png,0.893699004198
GSGL_Bing_049.png,1.031819582560
GSGL_Bing_059.png,0.896070372474
GSGL_Bing_083.png,0.643760016576
GSGL_Bing_092.png,1.025983715590
GSGL_Bing_095.png,0.616024338772
GSGL_Bing_113.png,0.641695951059
GSGL_Bing_115.png,0.411152318993
GSGL_Bing_122.png,0.915054830444
GSGL_Bing_136.png,0.638560664263
GSGL_Bing_149.png,0.611023083951
GSGL_Bing_161.png,1.411557580305
GSGL_Bing_167.png,0.890450718416
GSGL_Bing_171.png,2.054247221265
GSGL_Bing_181.png,0.726473590555
GSGL_Bing_184.png,0.616038002625
GSGL_Bing_193.png,0.573107418842
GSGL_Bing_198.png,0.738072318333
GSGL_Bing_210.png,0.295431702822
GSGL_Bing_217.png,0.792699049333
GSGL_Bing_231.png,0.441834928150
GSGL_Bing_261.png,0.532009355928
GSGL_Bing_264.png,1.171886502631
GSGL_Bing_267.png,1.144839494831
GSGL_Bing_272.png,1.225950886595
GSGL_Bing_274.png,1.000310187040
GSGL_Bing_327.png,0.824380423530
GSGL_Bing_333.png,1.163165899545
GSGL_Bing_337.png,1.060822643897
GSGL_Bing_341.png,1.455144680355
GSGL_Bing_349.png,0.501222928806
GSGL_Bing_354.png,1.104322989058
GSGL_Bing_355.png,1.032350449159
GSGL_Bing_372.png,0.927836427106
GSGL_Bing_378.png,1.701494114562
GSGL_Bing_408.png,0.519071268991
GSGL_Bing_413.png,0.531245111330
GSGL_Bing_417.png,1.287355618110
GSGL_Bing_434.png,0.876465743703
GSGL_Bing_439.png,1.128015260871
GSGL_Bing_44.png,1.104632621162
GSGL_Bing_446.png,1.228863873002
GSGL_Bing_447.png,0.583395881551
GSGL_Bing_448.png,1.710964617221
GSGL_Bing_521.png,1.098840365713
GSGL_Bing_528.png,0.775550317210
GSGL_Bing_535.png,0.705023076840
GSGL_Bing_538.png,1.715088746063
GSGL_Bing_543.png,0.716271670258
GSGL_Bing_567.png,0.554696526401
GSGL_Bing_573.png,0.800103908789
GSGL_Bing_597.png,1.144098988300
GSGL_Bing_651.png,0.796729167559
GSGL_Bing_665.png,0.566591360144
GSGL_Bing_668.png,0.764318474528
GSGL_Bing_678.png,0.502737654936
GSGL_Bing_681.png,0.246800523952
GSGL_Bing_686.png,1.796585984883
GSGL_Bing_688.png,0.497411270975
GSGL_Bing_71.png,0.894687770991
GSGL_Bing_754.png,0.438988825630
GSGL_Bing_756.png,0.478956752702
GSGL_Bing_787.png,1.397294252246
GSGL_Bing_820.png,0.604795552239
GSGL_Google_004.png,0.966210454790
GSGL_Google_007.png,1.493019646347
GSGL_Google_009.png,1.482723497010
GSGL_Google_013.png,1.388968076875
GSGL_Google_05.png,0.858405335176
GSGL_Google_073.png,0.588291584113
GSGL_Google_095.png,0.880156823766
GSGL_Google_120.png,0.806946004761
GSGL_Google_121.png,0.731896288551
GSGL_Google_14.png,1.103019525490
GSGL_Google_149.png,0.711006675264
GSGL_Google_15.png,1.413713700481
GSGL_Google_152.png,0.586609006587
GSGL_Google_20.png,0.916823669501
GSGL_Google_218.png,0.417860479815
GSGL_Google_227.png,0.881536650731
GSGL_Google_263.png,0.730761477003
GSGL_Google_269.png,0.926968864779
GSGL_Google_328.png,0.694664266505
GSGL_Google_335.png,1.620455302962
GSGL_Google_347.png,0.801264898894
GSGL_Google_365.png,1.819865771129
GSGL_Google_366.png,0.917975003098
GSGL_Google_371.png,0.739039813797
GSGL_Google_382.png,0.893045426541
GSGL_Google_396.png,0.395314265136
GSGL_Google_402.png,0.633392938118
GSGL_Google_418.png,0.748835037920
GSGL_Google_427.png,1.187749912590
GSGL_Google_442.png,0.922613755007
GSGL_Google_461.png,0.859511789648
GSGL_Google_47.png,0.841689668377
GSGL_Google_474.png,0.697441910970
GSGL_Google_485.png,0.838505185209
GSGL_Google_49.png,1.024818985658
GSGL_Google_515.png,0.955416493001
GSGL_Google_587.png,0.620121755571
GSGL_Google_600.png,0.658892180199
GSGL_Google_605.png,1.308070743487
GSGL_Google_655.png,0.874055304449
GSGL_Google_663.png,0.833290473899
GSGL_Google_700.png,0.590456635145
GSGL_Google_708.png,0.990623185730
GSGL_Google_723.png,0.810850040647
HC_Bing_355.png,0.495875402921
HC_Bing_368.png,1.584888646910
HC_Bing_388.png,0.984370882899
HC_Bing_660.png,0.640651272893
HC_Google_339.png,0.622231229920
HC_Google_345.png,0.439629756511
HC_Google_361.png,0.487219403843
HC_Google_364.png,0.388351870551
HC_Google_432.png,0.426645037211
HC_Google_450.png,0.636159109788
HC_Google_465.png,0.473233608859
HC_Google_471.png,1.101094059478
HC_Google_524.png,0.399954661722
HC_Google_543.png,0.595698709027
HC_Google_613.png,0.216635607458
HC_Google_696.png,0.680141457380
HEB_Baidu_003.png,2.163328890950
HEB_Baidu_008.png,1.309005286937
HEB_Baidu_012.png,0.595764158548
HEB_Baidu_024.png,1.954829200277
HEB_Baidu_036.png,1.208281980143
HEB_Baidu_038.png,0.350872178303
HEB_Baidu_042.png,1.365817623147
HEB_Baidu_043.png,1.017381458434
HEB_Baidu_05.png,1.021679902384
HEB_Baidu_054.png,1.207756540875
HEB_Baidu_056.png,1.263406630407
HEB_Baidu_058.png,0.481645694059
HEB_Baidu_062.png,1.944552611878
HEB_Baidu_068.png,1.047879228465
HEB_Baidu_070.png,0.930640244098
HEB_Baidu_075.png,0.364177774710
HEB_Baidu_089.png,0.968196984077
HEB_Baidu_09.png,0.561111932030
HEB_Baidu_103.png,0.669314830819
HEB_Baidu_107.png,0.610524071701
HEB_Baidu_109.png,1.082927191326
HEB_Baidu_144.png,1.363663097628
HEB_Baidu_148.png,0.797484760783
HEB_Baidu_15.png,1.495918317371
HEB_Baidu_156.png,1.578384187399
HEB_Baidu_165.png,1.949884889760
HEB_Baidu_169.png,0.826280343283
HEB_Baidu_171.png,0.958752784437
HEB_Baidu_199.png,0.680333346829
HEB_Baidu_203.png,1.814198664707
HEB_Baidu_216.png,0.860091240752
HEB_Baidu_218.png,0.611375938450
HEB_Baidu_228.png,1.523998883929
HEB_Baidu_235.png,0.613201127614
HEB_Baidu_238.png,0.544971687067
HEB_Baidu_250.png,1.014575497504
HEB_Baidu_265.png,1.107651510008
HEB_Baidu_273.png,0.426887714845
HEB_Baidu_279.png,1.858226078853
HEB_Baidu_28.png,1.808946566271
HEB_Baidu_301.png,0.925545355480
HEB_Baidu_309.png,1.074315741171
HEB_Baidu_328.png,1.415150174039
HEB_Baidu_335.png,0.443934672716
HEB_Baidu_342.png,1.160232016156
HEB_Baidu_369.png,0.801095713467
HEB_Baidu_372.png,1.168025638719
HEB_Baidu_381.png,0.828444114048
HEB_Baidu_385.png,0.533759437137
HEB_Baidu_416.png,0.610246359570
HEB_Baidu_432.png,1.628264405481
HEB_Baidu_438.png,0.708545433321
HEB_Baidu_441.png,0.404685729611
HEB_Baidu_453.png,0.654372744507
HEB_Baidu_455.png,0.756921560605
HEB_Baidu_458.png,1.177854069545
HEB_Baidu_462.png,1.038583266367
HEB_Baidu_464.png,0.580767226791
HEB_Baidu_468.png,0.516686704724
HEB_Baidu_472.png,0.514757459098
HEB_Baidu_496.png,0.918548170282
HEB_Baidu_497.png,0.838037954075
HEB_Baidu_500.png,1.391245440338
HEB_Baidu_501.png,1.764287211723
HEB_Baidu_506.png,0.553109789891
HEB_Baidu_508.png,0.583488267286
HEB_Baidu_513.png,0.872632335271
HEB_Baidu_515.png,1.442985370927
HEB_Baidu_521.png,1.451095487562
HEB_Baidu_530.png,3.109566904504
HEB_Baidu_534.png,0.573652177878
HEB_Baidu_554.png,0.624555569957
HEB_Baidu_560.png,0.709774621584
HEB_Baidu_569.png,0.931647449315
HEB_Baidu_588.png,0.576210622670
HEB_Baidu_589.png,0.636088046719
HEB_Baidu_594.png,0.261844603898
HEB_Baidu_610.png,0.694995736749
HEB_Baidu_636.png,2.062633452617
HEB_Baidu_669.png,1.518044390456
HEB_Baidu_678.png,0.444199992755
HEB_Baidu_680.png,1.137827131379
HEB_Baidu_683.png,0.318154461232
HEB_Baidu_685.png,1.073816695583
HEB_Baidu_693.png,0.388764195621
HEB_Baidu_698.png,0.708064211993
HEB_Baidu_706.png,1.266931305053
HEB_Baidu_711.png,0.716756580301
HEB_Baidu_723.png,0.589705582553
HEB_Baidu_729.png,0.762995063416
HEB_Baidu_753.png,0.756679894999
HEB_Baidu_772.png,0.736296386939
HEB_Baidu_782.png,0.410795311516
HEB_Baidu_786.png,1.168281357081
HEB_Baidu_802.png,0.671826308441
HEB_Baidu_804.png,1.328354375744
HEB_Baidu_806.png,0.577161366248
HEB_Baidu_810.png,0.443827044645
HEB_Baidu_815.png,0.842656382481
HEB_Baidu_831.png,0.745787966424
HEB_Baidu_848.png,0.443499909982
HEB_Baidu_866.png,0.777269754678
HEB_Baidu_873.png,0.287518803535
HEB_Baidu_878.png,0.724562760035
HEB_Baidu_885.png,0.835812438010
HEB_Baidu_887.png,0.541196103764
HEB_Bing_005.png,1.687652296625
HEB_Bing_013.png,2.600751795438
HEB_Bing_027.png,0.434404781302
HEB_Bing_029.png,0.801469534806
HEB_Bing_034.png,2.181071513766
HEB_Bing_066.png,0.682714924790
HEB_Bing_094.png,0.430055923898
HEB_Bing_108.png,0.420093408698
HEB_Bing_110.png,0.634300996906
HEB_Bing_112.png,0.388278353884
HEB_Bing_120.png,0.786608093520
HEB_Bing_122.png,0.335015679828
HEB_Bing_129.png,1.371825526700
HEB_Bing_131.png,1.769858832313
HEB_Bing_135.png,0.632270221816
HEB_Bing_136.png,0.639189144474
HEB_Bing_137.png,0.866542268212
HEB_Bing_170.png,0.476897121531
HEB_Bing_181.png,0.651026167213
HEB_Bing_194.png,1.550269359972
HEB_Bing_205.png,1.880451189910
HEB_Bing_207.png,0.712522215842
HEB_Bing_217.png,0.758657493800
HEB_Bing_221.png,0.674115903844
HEB_Bing_232.png,0.547655960367
HEB_Bing_233.png,1.458734222927
HEB_Bing_237.png,2.005662682245
HEB_Bing_254.png,0.702537946463
HEB_Bing_269.png,0.510596802333
HEB_Bing_274.png,0.952955467490
HEB_Bing_303.png,0.848773018200
HEB_Bing_308.png,0.562832723073
HEB_Bing_320.png,0.923998993181
HEB_Bing_331.png,0.433183998305
HEB_Bing_340.png,0.278332982044
HEB_Bing_35.png,0.413359413114
HEB_Bing_365.png,0.471119137268
HEB_Bing_39.png,1.032276412067
HEB_Bing_396.png,0.380559191434
HEB_Bing_398.png,0.272863492674
HEB_Bing_403.png,0.444876270096
HEB_Bing_405.png,0.955041069556
HEB_Bing_414.png,1.212848974217
HEB_Bing_421.png,0.488100009605
HEB_Bing_437.png,0.791823187142
HEB_Bing_444.png,0.705704202570
HEB_Bing_452.png,0.890748990091
HEB_Bing_463.png,0.749810977668
HEB_Bing_465.png,0.496828671284
HEB_Bing_481.png,0.528036499997
HEB_Bing_490.png,0.577986830048
HEB_Bing_510.png,1.146580649573
HEB_Bing_511.png,0.266980328807
HEB_Bing_527.png,0.880938028216
HEB_Bing_532.png,0.981848983607
HEB_Bing_546.png,0.975268970824
HEB_Bing_548.png,1.106769522533
HEB_Bing_549.png,1.098210360579
HEB_Bing_550.png,0.667203868648
HEB_Bing_560.png,0.569133544571
HEB_Bing_587.png,0.482715484138
HEB_Bing_590.png,1.769316956641
HEB_Bing_599.png,0.557955767474
HEB_Bing_613.png,0.534806507917
HEB_Bing_653.png,0.348084171034
HEB_Bing_671.png,1.246382341375
HEB_Bing_688.png,1.246601373769
HEB_Google_014.png,0.672112991339
HEB_Google_030.png,1.633906960705
HEB_Google_043.png,0.491628628031
HEB_Google_056.png,0.449849929024
HEB_Google_057.png,0.284131875846
HEB_Google_102.png,0.742946525880
HEB_Google_125.png,0.368337341870
HEB_Google_128.png,1.192842458789
HEB_Google_137.png,0.481190664053
HEB_Google_139.png,0.963512240345
HEB_Google_154.png,0.822066416103
HEB_Google_16.png,0.656897729675
HEB_Google_171.png,0.930259702704
HEB_Google_189.png,0.732377828928
HEB_Google_193.png,0.799284143105
HEB_Google_197.png,0.774721078068
HEB_Google_200.png,0.889276864846
HEB_Google_202.png,0.445661362968
HEB_Google_22.png,0.489633816415
HEB_Google_257.png,0.524266565543
HEB_Google_258.png,0.408237490422
HEB_Google_262.png,0.439779551323
HEB_Google_272.png,0.859528111018
HEB_Google_282.png,0.428229712658
HEB_Google_305.png,1.100973696610
HEB_Google_315.png,0.369435928907
HEB_Google_334.png,1.495660342198
HEB_Google_351.png,0.564614368696
HEB_Google_376.png,1.251366665795
HEB_Google_378.png,1.105224310843
HEB_Google_391.png,0.425749102714
HEB_Google_398.png,0.378125692532
HEB_Google_399.png,0.305855222578
HEB_Google_425.png,0.609417888494
HEB_Google_442.png,0.784646200840
HEB_Google_471.png,1.834674335168
HEB_Google_477.png,0.961540567591
HEB_Google_483.png,0.705388183835
HEB_Google_518.png,1.097555689989
HEB_Google_547.png,0.572066915291
HEB_Google_550.png,0.312796168672
HEB_Google_556.png,0.386626640403
HEB_Google_558.png,1.001533279092
HEB_Google_563.png,0.458248492410
HEB_Google_564.png,0.508598146616
HEB_Google_573.png,0.247098248240
HEB_Google_582.png,1.507160128710
HEB_Google_591.png,0.241717616445
HEB_Google_593.png,0.481205975965
HEB_Google_599.png,0.473424159016
HEB_Google_609.png,0.857541951260
HEB_Google_615.png,0.779774354859
HEB_Google_618.png,0.589560949934
HEB_Google_640.png,0.681994771809
HEB_Google_644.png,1.856537046049
HEB_Google_651.png,0.560432513424
HEB_Google_657.png,0.418695215778
HEB_Google_664.png,1.049838747604
HF_Baidu_013.png,0.853638734538
HF_Baidu_017.png,1.515359976717
HF_Baidu_021.png,0.916912884335
HF_Baidu_043.png,0.761263697959
HF_Baidu_045.png,0.720300308719
HF_Baidu_053.png,0.722975187156
HF_Baidu_060.png,0.727342042649
HF_Baidu_081.png,1.391623882762
HF_Baidu_086.png,0.497914678553
HF_Baidu_102.png,0.531153457699
HF_Baidu_116.png,1.180656508057
HF_Baidu_121.png,0.763980733724
HF_Baidu_122.png,1.079686793304
HF_Baidu_124.png,0.782735481357
HF_Baidu_128.png,0.748640518090
HF_Baidu_130.png,1.965619216569
HF_Baidu_133.png,0.583024525816
HF_Baidu_136.png,0.348293270886
HF_Baidu_146.png,0.722060745795
HF_Baidu_147.png,0.706264883253
HF_Baidu_148.png,1.283141203355
HF_Baidu_15.png,0.959810727826
HF_Baidu_154.png,0.280037562663
HF_Baidu_155.png,0.500053910882
HF_Baidu_156.png,0.553240487092
HF_Baidu_158.png,0.667189775539
HF_Baidu_170.png,0.901993393464
HF_Baidu_18.png,0.940513810460
HF_Baidu_202.png,1.262970794996
HF_Baidu_208.png,0.921641276811
HF_Baidu_209.png,1.750610106112
HF_Baidu_214.png,0.684585364003
HF_Baidu_219.png,1.087325444120
HF_Baidu_220.png,0.732612583651
HF_Baidu_228.png,0.348223982108
HF_Baidu_229.png,0.829897839954
HF_Baidu_243.png,0.900047371493
HF_Baidu_247.png,0.586455659874
HF_Baidu_253.png,0.767019797167
HF_Baidu_266.png,0.715971042373
HF_Baidu_290.png,0.624408122972
HF_Baidu_291.png,1.450376078850
HF_Baidu_296.png,0.592265840011
HF_Baidu_30.png,0.521332350924
HF_Baidu_305.png,1.184295914726
HF_Baidu_321.png,1.178453421280
HF_Baidu_341.png,0.815791318881
HF_Baidu_358.png,1.630606529051
HF_Baidu_368.png,0.238239042033
HF_Baidu_386.png,0.911429337696
HF_Baidu_420.png,0.807111425581
HF_Baidu_421.png,0.397143490872
HF_Baidu_441.png,0.502607881542
HF_Baidu_446.png,0.732698892483
HF_Baidu_454.png,1.457926272478
HF_Baidu_461.png,0.610134863359
HF_Baidu_499.png,0.292762604608
HF_Baidu_510.png,0.991454276543
HF_Bing_028.png,0.911313924117
HF_Bing_033.png,0.552338096839
HF_Bing_037.png,0.653647470004
HF_Bing_038.png,0.679925550110
HF_Bing_055.png,0.583874749456
HF_Bing_100.png,0.811163711369
HF_Bing_11.png,1.779218977369
HF_Bing_114.png,1.159013833575
HF_Bing_137.png,0.685612025460
HF_Bing_14.png,0.733867925258
HF_Bing_141.png,0.437222586391
HF_Bing_172.png,1.504046359940
HF_Bing_214.png,0.891460014890
HF_Bing_227.png,0.331623106204
HF_Bing_250.png,0.761949260073
HF_Bing_256.png,1.151146947916
HF_Bing_269.png,0.498837133346
HF_Bing_283.png,0.491204613162
HF_Bing_311.png,0.487774407366
HF_Bing_365.png,0.666578763882
HF_Bing_366.png,1.718146921573
HF_Bing_367.png,0.512845085150
HF_Bing_401.png,0.960732871752
HF_Bing_420.png,0.324933961671
HF_Bing_451.png,0.670423235074
HF_Bing_585.png,0.452568546471
HF_Bing_589.png,0.598665739996
HF_Bing_591.png,1.007573870756
HF_Bing_599.png,0.242113324306
HF_Bing_60.png,0.346055523350
HF_Bing_601.png,0.394731335137
HF_Bing_610.png,0.402285036352
HF_Bing_627.png,0.407762997138
HF_Bing_656.png,1.099569500486
HF_Bing_669.png,0.548203275358
HF_Bing_674.png,0.822278521556
HF_Bing_679.png,0.510872684053
HF_Bing_685.png,0.946292928888
HF_Bing_709.png,0.676139099590
HF_Bing_718.png,0.799752476915
HF_Bing_732.png,0.431271445491
HF_Bing_733.png,0.351587651652
HF_Bing_735.png,1.221526006017
HF_Bing_737.png,0.521611080916
HF_Bing_777.png,0.415164395177
HF_Bing_826.png,0.984002931044
HF_Bing_836.png,0.891855320048
HF_Bing_890.png,0.840235946243
HF_Google_016.png,0.764216671336
HF_Google_025.png,0.862385297671
HF_Google_027.png,0.944573787196
HF_Google_045.png,0.421939537253
HF_Google_047.png,0.680523009346
HF_Google_057.png,0.619644028213
HF_Google_085.png,0.862064219579
HF_Google_091.png,0.635580634805
HF_Google_094.png,0.582098384359
HF_Google_102.png,1.451616735762
HF_Google_103.png,0.774492788388
HF_Google_116.png,1.001743339669
HF_Google_121.png,0.986788840721
HF_Google_122.png,0.511317530659
HF_Google_133.png,1.498937226152
HF_Google_136.png,0.328303603679
HF_Google_142.png,0.577906518572
HF_Google_153.png,0.494391185355
HF_Google_160.png,1.127540349929
HF_Google_161.png,0.739124118050
HF_Google_177.png,1.293764813132
HF_Google_179.png,0.533323997409
HF_Google_193.png,0.993046091440
HF_Google_194.png,0.965610645188
HF_Google_231.png,0.631411065104
HF_Google_246.png,0.886529624604
HF_Google_272.png,0.459385906205
HF_Google_283.png,0.241119719696
HF_Google_312.png,0.429305235476
HF_Google_313.png,0.840379698378
HF_Google_328.png,0.871283801003
HF_Google_331.png,0.735490800125
HF_Google_337.png,0.397554295674
HF_Google_339.png,1.068343600181
HF_Google_340.png,1.212361583992
HF_Google_381.png,0.728699565066
HF_Google_396.png,0.478037761491
HF_Google_406.png,0.399145952910
HF_Google_427.png,0.756700938442
HF_Google_443.png,0.782389709213
HF_Google_447.png,0.839659647093
HF_Google_472.png,1.291677645263
HF_Google_501.png,0.675026480296
HF_Google_504.png,1.143358062934
HF_Google_511.png,1.493915487004
HF_Google_527.png,0.798980262241
HF_Google_531.png,1.081995625607
HF_Google_533.png,0.847292450683
HF_Google_556.png,0.429478515021
HF_Google_559.png,0.483049995481
HF_Google_570.png,1.041785451570
HF_Google_571.png,1.075324040327
HF_Google_576.png,0.443948091391
HF_Google_610.png,0.880252282527
HF_Google_623.png,1.110674807877
HF_Google_649.png,0.440810569949
HF_Google_665.png,1.096241838687
HF_Google_668.png,2.097398522879
HF_Google_677.png,1.356930126692
HF_Google_702.png,0.630079887326
HF_Google_725.png,0.951295153583
HF_Google_747.png,0.603108117805
HF_Google_759.png,0.913547752006
HF_Google_807.png,0.634653731966
HF_Google_860.png,0.396931419653
HF_Google_861.png,0.525483234541
HazeDr_Bing_178.png,0.654032459145
HazeDr_Bing_233.png,1.867454314764
HazeDr_Bing_252.png,0.564468421368
HazeDr_Bing_330.png,0.937080243540
HazeDr_Bing_337.png,0.852573210379
HazeDr_Bing_418.png,0.478638936741
HazeDr_Bing_453.png,0.740376378689
HazeDr_Bing_460.png,0.670557743141
HazeDr_Bing_549.png,0.728738915651
HazeDr_Bing_647.png,1.864286279851
HazeDr_Bing_655.png,0.743038031785
HazeDr_Bing_763.png,0.681499168267
HazeDr_Google_123.png,0.677630004318
HazeDr_Google_125.png,0.645034568723
HazeDr_Google_130.png,0.787014342575
HazeDr_Google_146.png,0.917673439118
HazeDr_Google_183.png,1.129421788678
HazeDr_Google_192.png,0.674687040983
HazeDr_Google_212.png,0.932066136602
HazeDr_Google_213.png,0.504939347812
HazeDr_Google_241.png,1.134844639591
HazeDr_Google_273.png,0.606896093865
HazeDr_Google_293.png,0.578140364618
HazeDr_Google_328.png,0.843690986651
HazeDr_Google_355.png,1.745687272024
HazeDr_Google_365.png,1.384314249205
HazeDr_Google_375.png,1.194314857810
HazeDr_Google_381.png,1.551562416901
HazeDr_Google_402.png,1.562117340403
HazeDr_Google_404.png,0.463286634777
HazeDr_Google_415.png,0.994893037173
HazeDr_Google_421.png,0.668005193965
HazeDr_Google_432.png,0.609857651406
HazeDr_Google_433.png,1.426551621552
HazeDr_Google_434.png,1.588559823733
HazeDr_Google_450.png,2.402475567054
HazeDr_Google_510.png,1.137662830103
HazeDr_Google_512.png,0.693398793361
HazeDr_Google_551.png,1.305368302446
HazeDr_Google_554.png,1.650948522125
HazeDr_Google_560.png,0.886133118271
HazeDr_Google_568.png,0.696491763106
HazeDr_Google_569.png,0.404939514312
HazeDr_Google_582.png,0.437663713873
HazeDr_Google_584.png,0.886249393078
HazeDr_Google_590.png,1.031657467852
HazeDr_Google_593.png,0.895048565653
HazeDr_Google_594.png,1.996695317266
HazeDr_Google_597.png,0.445195644679
HazeDr_Google_603.png,0.657377338575
HazeDr_Google_614.png,0.962326959947
HazeDr_Google_625.png,1.643472682155
HazeDr_Google_63.png,1.207178910481
HazeDr_Google_630.png,0.531824445772
HazeDr_Google_633.png,0.581505621970
HazeDr_Google_636.png,0.897893207639
HazeDr_Google_637.png,0.487329108001
HazeDr_Google_640.png,0.978295887001
HazeDr_Google_646.png,0.776267008717
HazeDr_Google_648.png,0.694916332433
HazeDr_Google_649.png,0.685006009088
HazeDr_Google_651.png,1.045137121635
HazeDr_Google_657.png,2.589353012349
HazeDr_Google_667.png,0.598408567139
HazeDr_Google_673.png,0.820081950564
HazeDr_Google_692.png,0.806688482013
HazeDr_Google_693.png,0.655930538104
HazeDr_Google_703.png,0.346531199233
HazeDr_Google_704.png,1.213284365590
HazeDr_Google_709.png,0.807742782884
HazeDr_Google_719.png,0.596480722545
HazeDr_Google_724.png,1.255997068816
HazeDr_Google_726.png,0.813474188150
HazeDr_Google_740.png,0.568411169312
HazeDr_Google_75.png,0.703495466930
HazeDr_Google_760.png,1.100733710689
HazeDr_Google_766.png,0.712743544228
HazeDr_Google_767.png,0.800083800454
HazeDr_Google_772.png,0.646856012876
HazeDr_Google_787.png,0.763244994738
HazeDr_Google_802.png,0.440628555488
HazeDr_Google_809.png,0.559128865311
HazeDr_Google_813.png,0.795755649892
HazeDr_Google_838.png,0.706732889878
HazeDr_Google_845.png,0.534099485594
HazyDr_Bing_089.png,0.254326759128
HazyDr_Bing_126.png,0.522097347530
HazyDr_Bing_132.png,0.614686026104
HazyDr_Bing_158.png,0.649724528220
HazyDr_Bing_194.png,0.802521816687
HazyDr_Bing_228.png,0.398996753208
HazyDr_Bing_296.png,0.414266383643
HazyDr_Bing_300.png,0.410075456303
HazyDr_Bing_320.png,0.961849268619
HazyDr_Bing_376.png,1.068767542247
HazyDr_Bing_420.png,1.343772749511
HazyDr_Bing_543.png,0.537348600026
HazyDr_Bing_557.png,0.211233419942
HazyDr_Bing_569.png,1.080076811443
HazyDr_Bing_780.png,0.402352080261
HazyDr_Bing_800.png,0.411867871892
HazyDr_Bing_820.png,0.310864605641
HazyDr_Google_054.png,0.620641170814
HazyDr_Google_057.png,0.616953257308
HazyDr_Google_059.png,0.579082635301
HazyDr_Google_060.png,1.165264277513
HazyDr_Google_118.png,1.389118890216
HazyDr_Google_138.png,0.451363637046
HazyDr_Google_140.png,0.879415556674
HazyDr_Google_153.png,2.224087984373
HazyDr_Google_165.png,0.584438833082
HazyDr_Google_185.png,0.827470659983
HazyDr_Google_188.png,0.762081882187
HazyDr_Google_240.png,0.509531959061
HazyDr_Google_277.png,0.939224692525
HazyDr_Google_289.png,1.437341908913
HazyDr_Google_298.png,0.900888437646
HazyDr_Google_324.png,1.045808296722
HazyDr_Google_359.png,0.611859838035
HazyDr_Google_384.png,0.429142879385
HazyDr_Google_475.png,0.792883416285
HazyDr_Google_476.png,0.914621456922
HazyDr_Google_602.png,0.378139209605
HazyDr_Google_622.png,0.482778886831
HazyDr_Google_647.png,0.452419362635
HazyDr_Google_678.png,0.999195688583
HazyDr_Google_753.png,0.602644988067
HazyDr_Google_798.png,0.441601484414
IRQ_Bing_005.png,0.218710213796
IRQ_Bing_007.png,0.398285231994
IRQ_Bing_017.png,0.459933259616
IRQ_Bing_018.png,0.229381254374
IRQ_Bing_078.png,0.516483039510
IRQ_Bing_101.png,0.609977049051
IRQ_Bing_113.png,0.423432318117
IRQ_Bing_146.png,0.582690203638
IRQ_Bing_228.png,1.685718617138
IRQ_Bing_250.png,0.522177085443
IRQ_Bing_257.png,0.211996143020
IRQ_Bing_263.png,0.867730448113
IRQ_Bing_29.png,0.231302272758
IRQ_Bing_399.png,0.217851356379
IRQ_Bing_460.png,0.495477671142
IRQ_Bing_516.png,0.460042824263
IRQ_Bing_674.png,0.275205333118
IRQ_Bing_775.png,0.507166238016
IRQ_Google_010.png,0.567298533167
IRQ_Google_027.png,1.114431832176
IRQ_Google_030.png,0.434316538727
IRQ_Google_077.png,0.932527665044
IRQ_Google_084.png,1.426598667871
IRQ_Google_109.png,0.791997441359
IRQ_Google_115.png,0.533144827780
IRQ_Google_121.png,0.357393291849
IRQ_Google_136.png,0.379337309188
IRQ_Google_147.png,0.847229217321
IRQ_Google_148.png,0.697277794680
IRQ_Google_161.png,1.056973921829
IRQ_Google_210.png,0.695044874222
IRQ_Google_211.png,0.817930541343
IRQ_Google_243.png,1.098425037131
IRQ_Google_250.png,0.676393387558
IRQ_Google_260.png,0.752969121054
IRQ_Google_314.png,1.005915584233
IRQ_Google_323.png,0.864872393031
IRQ_Google_327.png,0.573523652820
IRQ_Google_422.png,0.790616862653
IRQ_Google_46.png,0.558702734192
IRQ_Google_464.png,0.337715611583
IRQ_Google_468.png,0.986339293272
IRQ_Google_470.png,0.524166058990
IRQ_Google_476.png,0.499373382709
IRQ_Google_484.png,0.484926674251
IRQ_Google_490.png,0.407339300356
IRQ_Google_494.png,0.476789810984
IRQ_Google_495.png,0.824547072630
IRQ_Google_508.png,0.983900726547
IRQ_Google_510.png,0.424359493141
IRQ_Google_523.png,0.554957346972
IRQ_Google_525.png,0.409066452232
IRQ_Google_533.png,2.275216568041
IRQ_Google_540.png,0.777033422891
IRQ_Google_658.png,0.671946446732
JL_Baidu_000.png,0.733538065274
JL_Baidu_014.png,0.887073014674
JL_Baidu_016.png,0.977592112928
JL_Baidu_057.png,1.288822759585
JL_Baidu_089.png,0.502478551550
JL_Baidu_093.png,1.110637223947
JL_Baidu_110.png,0.651148102545
JL_Baidu_138.png,0.402358296548
JL_Baidu_145.png,0.997122927117
JL_Baidu_146.png,1.195739712076
JL_Baidu_150.png,0.366218899722
JL_Baidu_153.png,0.640343366549
JL_Baidu_198.png,0.428862855011
JL_Baidu_230.png,0.670397496958
JL_Baidu_231.png,1.064173863126
JL_Baidu_232.png,0.895891312361
JL_Bing_002.png,0.921677419022
JL_Bing_014.png,1.496001676939
JL_Bing_05.png,0.635529297503
JL_Bing_055.png,0.448356204121
JL_Bing_064.png,0.918185971858
JL_Bing_081.png,1.553318722563
JL_Bing_169.png,0.987389915380
JL_Bing_196.png,0.416113362652
JL_Bing_224.png,0.685034082149
JL_Bing_225.png,0.688682835514
JL_Bing_238.png,1.761305828431
JL_Bing_257.png,0.454086782789
JL_Bing_282.png,0.499833324809
JL_Bing_429.png,0.438832020640
JL_Bing_431.png,0.580944301776
JL_Bing_568.png,0.766815798903
JL_Bing_61.png,1.639497912771
JL_Bing_627.png,0.559932893816
JL_Bing_674.png,0.430235447692
JL_Bing_683.png,0.271815257581
JL_Bing_684.png,0.864619189612
JL_Bing_708.png,0.708828190797
JL_Bing_730.png,0.769738379947
JL_Bing_751.png,0.828852133848
JL_Bing_767.png,1.749561790613
JL_Bing_786.png,1.068461579249
JL_Bing_804.png,0.622331813018
JL_Google_011.png,1.052931114733
JL_Google_038.png,0.429110454929
JL_Google_095.png,0.760206668032
JL_Google_104.png,0.438016899266
JL_Google_115.png,0.868872373312
JL_Google_116.png,0.934659900479
JL_Google_137.png,0.269918045596
JL_Google_143.png,0.590924900904
JL_Google_145.png,1.475026958672
JL_Google_152.png,0.326911951373
JL_Google_177.png,0.379800031447
JL_Google_179.png,1.696193950700
JL_Google_227.png,0.192466100348
JL_Google_237.png,1.924811525820
JL_Google_24.png,0.358477422186
JL_Google_254.png,0.603439358302
JL_Google_255.png,0.563391075748
JL_Google_263.png,0.959916015032
JL_Google_288.png,0.637369968270
JL_Google_289.png,0.819167312839
JL_Google_290.png,0.565725132087
JL_Google_299.png,1.126277307747
JL_Google_327.png,0.459744253722
JL_Google_354.png,0.672897137483
JL_Google_397.png,0.951543962652
JL_Google_407.png,0.910902434607
JL_Google_412.png,0.479092937862
JL_Google_413.png,1.422305332711
JL_Google_421.png,0.634083937639
JL_Google_423.png,0.547568749819
JL_Google_463.png,0.420279386400
JL_Google_464.png,0.432081037656
JL_Google_497.png,0.891170093793
JL_Google_498.png,1.308424950376
JL_Google_502.png,1.360087341238
JL_Google_505.png,0.658156571471
JL_Google_538.png,0.745299653153
JL_Google_588.png,0.654369059716
JL_Google_589.png,1.283712314960
JL_Google_592.png,0.482578267758
JL_Google_595.png,0.884313670876
JL_Google_614.png,0.919702880024
JL_Google_620.png,0.930860213395
JL_Google_621.png,0.705868193011
JL_Google_627.png,1.343159254481
JL_Google_641.png,0.300419036412
JL_Google_66.png,0.873552918088
JL_Google_674.png,1.074649019548
JL_Google_713.png,0.487459307328
JL_Google_752.png,0.289529464435
JL_Google_753.png,0.229866503107
JL_Google_781.png,0.581631112891
KRO_Google_003.png,0.499187131654
KRO_Google_014.png,0.631736623237
KRO_Google_015.png,0.997300572021
KRO_Google_017.png,0.486844823367
KRO_Google_034.png,1.663611654306
KRO_Google_036.png,0.431609967785
KRO_Google_060.png,0.374462550660
KRO_Google_079.png,1.444073172360
KRO_Google_113.png,0.563646935910
KRO_Google_142.png,0.952592847888
KRO_Google_162.png,0.542659321190
KRO_Google_20.png,0.555858990032
KRO_Google_293.png,0.663445766187
KRO_Google_307.png,0.717799258246
KRO_Google_311.png,0.929783457428
KRO_Google_317.png,1.447287112750
KRO_Google_344.png,0.503406220927
KRO_Google_348.png,0.835357148550
KRO_Google_371.png,0.665970449432
KRO_Google_375.png,0.449170927317
KRO_Google_380.png,0.919743682750
KRO_Google_419.png,1.421222007628
KRO_Google_452.png,0.687328412783
KRO_Google_461.png,0.624639257208
KRO_Google_465.png,0.589314253600
KRO_Google_480.png,1.709199821589
KRO_Google_490.png,1.048311674690
KRO_Google_495.png,0.687851753154
KRO_Google_499.png,0.852059479339
KRO_Google_523.png,0.932712639758
KRO_Google_539.png,0.859673790021
KRO_Google_546.png,0.303312944670
KRO_Google_554.png,0.463411666520
KRO_Google_571.png,0.319230732575
KRO_Google_576.png,1.245185564732
KRO_Google_58.png,0.969761277436
KRO_Google_616.png,0.634011977918
LSJ_Baidu_065.png,0.748079220022
LSJ_Baidu_1078.png,0.677402055478
LSJ_Baidu_110.png,1.913447076671
LSJ_Baidu_1140.png,0.883010286427
LSJ_Baidu_1141.png,0.943886725594
LSJ_Baidu_1193.png,0.582669753677
LSJ_Baidu_1218.png,0.419901129665
LSJ_Baidu_1263.png,0.267108842957
LSJ_Baidu_165.png,1.205207741554
LSJ_Baidu_206.png,1.362835074876
LSJ_Baidu_240.png,1.458962696513
LSJ_Baidu_351.png,0.207411536997
LSJ_Baidu_518.png,1.509321803258
LSJ_Baidu_596.png,0.361881343006
LSJ_Baidu_670.png,0.166260681717
LSJ_Baidu_736.png,0.872081684617
LSJ_Baidu_810.png,1.645990765440
LSJ_Baidu_830.png,1.054330012561
LSJ_Baidu_869.png,0.854249555964
LSJ_Baidu_879.png,0.588465760815
LSJ_Baidu_882.png,0.521625945955
LSJ_Baidu_890.png,0.469355192091
LSJ_Baidu_900.png,0.975684927813
LSJ_Baidu_905.png,0.406053420003
LSJ_Baidu_946.png,0.502483456083
LSJ_Baidu_954.png,0.491642653654
LSJ_Baidu_975.png,0.690084016989
LSJ_Baidu_990.png,0.871254890514
LSJ_Baidu_999.png,0.853489602395
LSJ_Bing_095.png,0.785072631414
LSJ_Bing_130.png,0.514325951611
LSJ_Bing_150.png,0.874519911222
LSJ_Bing_197.png,0.383916278548
LSJ_Bing_226.png,0.403404497607
LSJ_Bing_234.png,0.762485126784
LSJ_Bing_267.png,0.976888342454
LSJ_Bing_313.png,0.905023616296
LSJ_Bing_381.png,0.561557460988
LSJ_Bing_453.png,0.377304755044
LSJ_Bing_523.png,0.519670743525
LSJ_Bing_552.png,2.115174273505
LSJ_Google_03.png,0.471175472545
LSJ_Google_232.png,0.385393666832
LSJ_Google_233.png,0.602732007315
LSJ_Google_260.png,0.323671557095
LZ_Baidu_059.png,0.510619031578
LZ_Baidu_094.png,0.941853860820
LZ_Baidu_121.png,0.832651792596
LZ_Baidu_130.png,0.701286140974
LZ_Baidu_159.png,0.429505931756
LZ_Baidu_173.png,0.469616718887
LZ_Baidu_175.png,0.491958471433
LZ_Baidu_182.png,0.287704340955
LZ_Baidu_194.png,0.949411775198
LZ_Baidu_204.png,0.437855426176
LZ_Baidu_221.png,0.347007244229
LZ_Baidu_230.png,1.107033064090
LZ_Bing_019.png,0.239405420226
LZ_Bing_030.png,0.493743186868
LZ_Bing_044.png,0.456006043068
LZ_Bing_060.png,0.409371420216
LZ_Bing_070.png,0.469474338390
LZ_Bing_081.png,0.426728533120
LZ_Bing_085.png,0.774610842945
LZ_Bing_088.png,0.268706170017
LZ_Bing_111.png,0.675112917663
LZ_Bing_15.png,0.799928937305
LZ_Bing_279.png,1.190604223439
LZ_Bing_287.png,0.586842015186
LZ_Bing_291.png,0.412768258460
LZ_Bing_313.png,1.738026779212
LZ_Bing_323.png,0.800553902011
LZ_Bing_332.png,0.924370258639
LZ_Bing_34.png,1.262285669071
LZ_Bing_349.png,1.107717322862
LZ_Bing_454.png,0.511939019928
LZ_Bing_573.png,0.732219955224
LZ_Bing_658.png,0.579494714809
LZ_Bing_813.png,0.607696670062
LZ_Bing_871.png,0.402438202263
LZ_Google_014.png,0.985809848972
LZ_Google_352.png,0.401276576436
LZ_Google_355.png,1.201113298073
LZ_Google_411.png,0.403438829087
LZ_Google_416.png,0.272458092899
LZ_Google_438.png,1.191644393702
MLS_Bing_019.png,0.333172004910
MLS_Bing_034.png,0.476147559317
MLS_Bing_036.png,1.627838751438
MLS_Bing_046.png,0.514708932171
MLS_Bing_068.png,0.505024811033
MLS_Bing_085.png,2.083632337439
MLS_Bing_095.png,0.671181185116
MLS_Bing_108.png,0.529190047810
MLS_Bing_115.png,0.334581699886
MLS_Bing_118.png,1.447618496104
MLS_Bing_123.png,0.363372431098
MLS_Bing_130.png,0.745972836805
MLS_Bing_132.png,0.430751750581
MLS_Bing_141.png,0.849555101108
MLS_Bing_168.png,0.576154781091
MLS_Bing_174.png,0.974319752033
MLS_Bing_176.png,0.487995725575
MLS_Bing_194.png,0.632074262840
MLS_Bing_200.png,0.535891130160
MLS_Bing_215.png,1.165602502033
MLS_Bing_242.png,0.488140861716
MLS_Bing_265.png,0.360818122793
MLS_Bing_326.png,0.895246544660
MLS_Bing_335.png,0.601019554700
MLS_Bing_343.png,0.487591412271
MLS_Bing_386.png,0.788369709784
MLS_Bing_388.png,0.353633578646
MLS_Bing_395.png,0.323845318799
MLS_Bing_432.png,1.022429003793
MLS_Bing_435.png,0.689596029213
MLS_Bing_456.png,0.440390735281
MLS_Bing_507.png,0.508184876408
MLS_Bing_517.png,0.779458289044
MLS_Bing_518.png,1.079734421845
MLS_Bing_550.png,0.621676036543
MLS_Bing_552.png,0.500378524715
MLS_Bing_594.png,0.359019086615
MLS_Bing_600.png,0.517115205719
MLS_Bing_637.png,1.158464927191
MLS_Bing_667.png,0.530191700807
MLS_Bing_686.png,0.647644717637
MLS_Bing_688.png,0.404228511381
MLS_Bing_711.png,0.976028535544
MLS_Bing_737.png,0.237044375566
MLS_Bing_747.png,0.557661555143
MLS_Bing_770.png,0.302335802541
MLS_Google_001.png,0.599614604334
MLS_Google_010.png,1.236368965548
MLS_Google_022.png,1.152225718898
MLS_Google_033.png,0.791359210281
MLS_Google_036.png,2.376674085991
MLS_Google_037.png,0.572635606806
MLS_Google_042.png,0.731198983794
MLS_Google_059.png,0.833711184714
MLS_Google_06.png,0.555598524179
MLS_Google_060.png,0.346100757603
MLS_Google_068.png,0.281135426902
MLS_Google_069.png,1.043547799464
MLS_Google_076.png,0.715166414016
MLS_Google_078.png,0.543573714322
MLS_Google_081.png,0.563717982398
MLS_Google_091.png,0.668622698710
MLS_Google_105.png,0.455545673724
MLS_Google_124.png,0.672250480184
MLS_Google_139.png,0.379309465094
MLS_Google_142.png,0.334657184142
MLS_Google_143.png,1.182483165118
MLS_Google_162.png,0.242951277166
MLS_Google_163.png,0.786554740572
MLS_Google_171.png,1.009907464437
MLS_Google_200.png,0.850474664438
MLS_Google_201.png,0.515492482327
MLS_Google_203.png,1.821650210143
MLS_Google_24.png,0.549089298682
MLS_Google_253.png,0.309597205127
MLS_Google_254.png,1.180741276131
MLS_Google_267.png,0.825840611971
MLS_Google_271.png,0.241706763835
MLS_Google_303.png,0.501853322343
MLS_Google_308.png,0.204370160950
MLS_Google_314.png,0.375242228527
MLS_Google_322.png,0.981631924203
MLS_Google_356.png,0.888420952428
MLS_Google_387.png,0.301502091375
MLS_Google_392.png,0.876750693401
MLS_Google_401.png,0.371043574903
MLS_Google_406.png,0.583619709376
MLS_Google_419.png,0.487213798421
MLS_Google_443.png,0.508410583266
MLS_Google_468.png,0.404893841371
MLS_Google_489.png,0.774204257709
MLS_Google_499.png,0.388963258318
MLS_Google_516.png,0.253614244517
MLS_Google_573.png,1.505143693330
MLS_Google_595.png,0.389817546537
MLS_Google_596.png,1.031445659516
MLS_Google_633.png,0.319812395323
MLS_Google_634.png,0.797782090339
MLS_Google_637.png,0.180852472598
MLS_Google_653.png,0.298888364794
MLS_Google_706.png,0.989186507894
MSK_Baidu_036.png,0.415662203718
MSK_Baidu_196.png,0.298261686136
MSK_Bing_035.png,1.028986134075
MSK_Bing_04.png,0.791898131435
MSK_Bing_044.png,1.185902088548
MSK_Bing_045.png,0.664236063627
MSK_Bing_047.png,0.835745752633
MSK_Bing_098.png,1.262916399784
MSK_Bing_100.png,0.510388435423
MSK_Bing_104.png,0.320801511376
MSK_Bing_119.png,0.811143391658
MSK_Bing_120.png,0.434675960380
MSK_Bing_128.png,0.988617126928
MSK_Bing_136.png,0.788818217560
MSK_Bing_160.png,0.284167652574
MSK_Bing_168.png,1.742778232500
MSK_Bing_191.png,0.405609408936
MSK_Bing_212.png,0.742116944181
MSK_Bing_227.png,0.549309921112
MSK_Bing_231.png,0.505332640289
MSK_Bing_255.png,0.448289978890
MSK_Bing_267.png,1.281016103642
MSK_Bing_293.png,0.603545007850
MSK_Bing_305.png,0.581463559447
MSK_Bing_314.png,0.326918934918
MSK_Bing_321.png,0.257907653290
MSK_Bing_327.png,0.548485761912
MSK_Bing_338.png,0.826529801681
MSK_Bing_352.png,0.404803304748
MSK_Bing_384.png,0.434310468168
MSK_Bing_422.png,0.990367891432
MSK_Bing_423.png,0.893052257102
MSK_Bing_442.png,1.110596858091
MSK_Bing_445.png,0.743834415830
MSK_Bing_556.png,0.261410726724
MSK_Bing_610.png,0.660529036384
MSK_Bing_612.png,0.406336442162
MSK_Bing_616.png,0.851201284575
NW_Bing_142.png,0.275879955639
NW_Bing_407.png,0.333497803121
NW_Google_035.png,1.014052171583
NW_Google_046.png,1.800156260602
NW_Google_055.png,0.679290733679
NW_Google_061.png,0.632742115162
NW_Google_110.png,0.340309100479
NW_Google_117.png,0.720829582876
NW_Google_125.png,0.685565537556
NW_Google_136.png,0.459518430813
NW_Google_142.png,0.597098008551
NW_Google_198.png,0.257270773266
NW_Google_204.png,0.862862400930
NW_Google_219.png,1.504478778693
NW_Google_221.png,1.214636717041
NW_Google_224.png,3.241752390452
NW_Google_242.png,0.613336406785
NW_Google_247.png,0.766512453456
NW_Google_397.png,0.748093603821
NW_Google_405.png,0.733583229483
NW_Google_603.png,0.907119644255
NW_Google_708.png,0.554149233259
NW_Google_722.png,1.256214692981
NW_Google_734.png,1.000821688824
NY_Baidu_073.png,0.567244116509
NY_Baidu_1036.png,0.381449876454
NY_Baidu_1051.png,0.327554409829
NY_Baidu_112.png,0.361107897299
NY_Baidu_138.png,0.473725331686
NY_Baidu_253.png,0.676249880498
NY_Baidu_316.png,0.808873940785
NY_Baidu_383.png,0.578404454860
NY_Baidu_486.png,0.570028347395
NY_Baidu_505.png,0.810997340356
NY_Baidu_538.png,0.559076261050
NY_Baidu_558.png,1.173995950681
NY_Baidu_562.png,0.820361626619
NY_Baidu_594.png,0.969539969764
NY_Baidu_649.png,0.587091995227
NY_Baidu_653.png,1.472241945763
NY_Baidu_657.png,0.828424968962
NY_Baidu_700.png,1.016888099475
NY_Baidu_726.png,0.510236075686
NY_Baidu_828.png,0.694138458448
NY_Bing_048.png,2.384125421808
NY_Bing_077.png,0.839142154373
NY_Bing_110.png,1.273122196558
NY_Bing_129.png,0.551242386509
NY_Bing_192.png,0.760104933800
NY_Bing_29.png,0.167237811638
NY_Bing_311.png,0.602249466794
NY_Bing_339.png,0.665329992718
NY_Bing_407.png,0.300751061234
NY_Bing_444.png,0.566433885778
NY_Google_023.png,0.665534379800
NY_Google_027.png,0.339688631422
NY_Google_111.png,0.708560826091
NY_Google_283.png,0.880824769942
NY_Google_450.png,1.102293542837
NZL_Bing_017.png,0.905351852681
NZL_Bing_053.png,0.451849450282
NZL_Bing_054.png,0.459623669183
NZL_Bing_157.png,0.399494081547
NZL_Bing_230.png,0.277251316603
NZL_Bing_359.png,0.303449618283
NZL_Bing_617.png,0.539229021660
NZL_Bing_707.png,0.430357165762
NZL_Google_003.png,0.433553717384
NZL_Google_012.png,0.553182281107
NZL_Google_032.png,0.903785878812
NZL_Google_064.png,1.050322686005
NZL_Google_121.png,0.554383822250
NZL_Google_164.png,0.891703485192
NZL_Google_179.png,0.479289303467
NZL_Google_196.png,1.032689203763
NZL_Google_209.png,0.291434968293
NZL_Google_240.png,0.786382687380
NZL_Google_247.png,0.449585799036
NZL_Google_275.png,0.446052175156
NZL_Google_277.png,0.977779503424
NZL_Google_280.png,1.139161764520
NZL_Google_294.png,1.636569660044
NZL_Google_327.png,0.866253175229
NZL_Google_357.png,0.439000567674
NZL_Google_371.png,1.387568771459
NZL_Google_394.png,2.348479880506
NZL_Google_416.png,0.652840128928
NZL_Google_425.png,0.552903692768
NZL_Google_446.png,1.124429381142
NZL_Google_447.png,0.918768052098
NZL_Google_458.png,0.522055825014
NZL_Google_459.png,1.476892244446
NZL_Google_463.png,1.029034060075
NZL_Google_464.png,0.478215565457
NZL_Google_473.png,0.570641875464
NZL_Google_474.png,0.945527663127
NZL_Google_512.png,0.516186743483
NZL_Google_565.png,0.370996902746
NZL_Google_576.png,0.705283745874
NZL_Google_609.png,0.639895389195
NZL_Google_635.png,0.933787021525
NZL_Google_676.png,0.344473901741
NZL_Google_711.png,0.632333140358
NZL_Google_735.png,0.627264231170
NZL_Google_768.png,0.753335648120
NZL_Google_791.png,0.888468663189
NZL_Google_831.png,1.088651347648
OLD_Google_021.png,0.724532769416
OLD_Google_038.png,0.918349251658
OLD_Google_049.png,1.343538287671
OLD_Google_071.png,2.355764823104
OLD_Google_157.png,0.379914622113
OLD_Google_158.png,0.828359035862
OLD_Google_192.png,0.275445780866
OLD_Google_216.png,0.634152087594
OLD_Google_244.png,0.527635046424
OLD_Google_317.png,1.035610311711
OLD_Google_344.png,0.640450493061
OLD_Google_417.png,1.129315595128
OLD_Google_452.png,0.831339858249
OLD_Google_474.png,0.800914344640
OLD_Google_605.png,0.717144647934
PL_Bing_046.png,0.402346354557
PL_Bing_114.png,0.685281521503
PL_Bing_244.png,0.461784097979
PL_Google_124.png,0.857929954687
PL_Google_148.png,0.532888185535
PL_Google_202.png,0.596865957721
PL_Google_225.png,0.440684657153
PL_Google_227.png,0.579097547559
PL_Google_313.png,1.142891901173
PL_Google_350.png,0.612148585432
PL_Google_368.png,0.978076375647
PL_Google_394.png,0.632207906172
PL_Google_467.png,0.328901529156
PL_Google_512.png,0.402892608868
PL_Google_527.png,0.791252694936
PL_Google_569.png,1.282659905326
PL_Google_635.png,0.187629209794
PL_Google_665.png,0.552215165096
PL_Google_753.png,0.503331816149
PL_Google_756.png,1.627953393735
PL_Google_839.png,0.515803493012
PL_Google_849.png,0.462316080407
PL_Google_913.png,0.687033728873
QC_Baidu_00.png,1.380408956612
QC_Baidu_002.png,0.921407884292
QC_Baidu_003.png,0.980043870280
QC_Baidu_004.png,0.626663376265
QC_Baidu_01.png,0.979977420103
QC_Baidu_012.png,0.696417682046
QC_Baidu_014.png,1.030375369571
QC_Baidu_017.png,0.725461003736
QC_Baidu_024.png,0.401816519984
QC_Baidu_028.png,0.925823999931
QC_Baidu_030.png,0.638746660103
QC_Baidu_031.png,0.770205241840
QC_Baidu_035.png,0.966624417281
QC_Baidu_043.png,1.156325256508
QC_Baidu_049.png,1.008411030301
QC_Baidu_050.png,0.341626595134
QC_Baidu_080.png,0.719525319693
QC_Baidu_092.png,0.715966906248
QC_Baidu_233.png,0.677226638447
QC_Baidu_242.png,2.597481352890
QC_Baidu_289.png,0.494528918094
QC_Baidu_313.png,1.389076586589
QC_Baidu_33.png,1.439025871149
QC_Baidu_334.png,0.665829390799
QC_Baidu_345.png,0.948270305052
QC_Baidu_348.png,1.041735846225
QC_Baidu_350.png,0.540253348245
QC_Baidu_367.png,0.722632680235
QC_Baidu_368.png,0.935675624397
QC_Baidu_375.png,0.443012720460
QC_Baidu_421.png,0.485787410824
QC_Baidu_525.png,0.727629026121
QC_Baidu_526.png,0.808455938750
QC_Baidu_536.png,0.530161454614
QC_Baidu_544.png,0.554070925540
QC_Baidu_565.png,0.313458887047
QC_Baidu_572.png,0.398572625169
QC_Bing_003.png,0.434271188220
QC_Bing_209.png,0.567767676559
QC_Bing_235.png,0.571985233118
QC_Bing_236.png,0.261696399621
QC_Bing_247.png,0.729797446571
QC_Bing_251.png,0.963546342906
QC_Bing_266.png,0.687282276536
QC_Bing_304.png,1.046422104127
QC_Bing_312.png,1.469680368460
QC_Bing_34.png,1.456558152399
QC_Bing_380.png,0.916692490861
QC_Bing_445.png,0.420796345755
QC_Bing_454.png,0.658621490089
QC_Bing_502.png,0.697717580110
QC_Bing_515.png,0.382273973796
QC_Bing_528.png,0.715388844870
QC_Bing_555.png,0.802563691643
QC_Bing_564.png,0.332407196779
QC_Bing_589.png,0.900575112201
QC_Bing_602.png,0.786931617475
QC_Bing_618.png,0.870605930246
QC_Bing_794.png,0.828982162009
QC_Bing_812.png,0.910630716190
QC_Bing_857.png,0.585587804933
QC_Bing_867.png,0.251262407325
QC_Bing_938.png,1.002121539195
QC_Google_002.png,0.645581015309
QC_Google_004.png,0.651883199500
QC_Google_168.png,0.733754760074
QC_Google_223.png,0.576741459807
QC_Google_257.png,0.618978941771
QC_Google_314.png,0.671544280067
QC_Google_324.png,0.284987830452
QC_Google_372.png,0.995195088930
QC_Google_432.png,1.139478834319
QC_Google_474.png,0.434736156923
QC_Google_520.png,1.062960461409
QC_Google_541.png,0.506193502409
QC_Google_644.png,0.808827156723
QC_Google_650.png,0.668250286443
QC_Google_802.png,0.968866917231
QD_Baidu_017.png,0.730699858811
QD_Baidu_021.png,0.964028795653
QD_Baidu_036.png,1.063179462400
QD_Baidu_065.png,1.780276357905
QD_Baidu_071.png,1.137892628651
QD_Baidu_087.png,1.000313069933
QD_Baidu_088.png,0.877046077935
QD_Baidu_091.png,0.653013978081
QD_Baidu_098.png,0.767939858900
QD_Baidu_111.png,0.472451311041
QD_Baidu_118.png,0.798591482644
QD_Baidu_13.png,0.722803925424
QD_Baidu_131.png,1.199377885200
QD_Baidu_133.png,1.597291166842
QD_Baidu_134.png,0.554229285122
QD_Baidu_139.png,0.532820668506
QD_Baidu_146.png,0.418915392223
QD_Baidu_149.png,0.556414911695
QD_Baidu_169.png,0.543904375196
QD_Baidu_181.png,0.597129451569
QD_Baidu_182.png,0.789189240329
QD_Baidu_192.png,0.698147175026
QD_Baidu_245.png,2.034254697875
QD_Baidu_249.png,0.614911861619
QD_Baidu_260.png,0.357917420925
QD_Baidu_274.png,0.495709521316
QD_Baidu_280.png,0.710169601666
QD_Baidu_282.png,1.009742482575
QD_Baidu_291.png,1.022655898088
QD_Baidu_294.png,0.413908305541
QD_Baidu_302.png,2.031632971729
QD_Bing_051.png,0.764694970568
QD_Bing_075.png,0.328577188732
QD_Bing_101.png,0.653140209836
QD_Bing_109.png,0.866204121404
QD_Bing_110.png,0.584336667847
QD_Bing_112.png,0.601495775518
QD_Bing_114.png,0.395691531345
QD_Bing_119.png,0.516402447595
QD_Bing_120.png,0.831677241184
QD_Bing_124.png,0.717578435386
QD_Bing_143.png,0.675049715725
QD_Bing_144.png,0.859288169046
QD_Bing_165.png,0.482030360254
QD_Bing_174.png,0.878629612195
QD_Bing_179.png,0.322091677519
QD_Bing_192.png,1.916341376064
QD_Bing_200.png,1.107022515792
QD_Bing_271.png,1.970301094728
QD_Bing_313.png,0.504877747432
QD_Bing_351.png,0.417625663010
QD_Bing_416.png,0.390775645387
QD_Bing_439.png,0.202656520805
QD_Bing_500.png,0.592023642302
QD_Bing_516.png,0.715766611611
QD_Bing_525.png,0.463449600432
QD_Bing_533.png,0.341716158697
QD_Bing_635.png,0.835986468027
QD_Bing_742.png,0.594999542127
QD_Bing_824.png,0.279834950692
QD_Bing_849.png,0.340497160440
QD_Bing_850.png,0.438080599203
QD_Bing_851.png,0.174660584299
QD_Bing_857.png,0.530392126342
QD_Bing_860.png,0.728693412744
QD_Bing_870.png,0.645043775394
QD_Bing_871.png,0.932972736899
QD_Bing_873.png,0.329436606992
QD_Bing_878.png,0.401353276321
QD_Google_019.png,0.783775274975
QD_Google_043.png,0.654306446926
QD_Google_045.png,0.781590454527
QD_Google_073.png,0.547894719127
QD_Google_080.png,0.285548317964
QD_Google_095.png,0.284209888366
SFC_Bing_300.png,0.858759558115
SFC_Bing_448.png,0.211209706511
SFC_Google_069.png,0.253694839104
SFC_Google_165.png,0.962424469665
SFC_Google_178.png,0.632411903655
SFC_Google_182.png,1.245566948072
SFC_Google_197.png,0.754600777919
SFC_Google_20.png,0.446656699830
SFC_Google_206.png,0.523091042652
SFC_Google_209.png,0.729954823583
SFC_Google_225.png,0.515156511134
SFC_Google_285.png,0.546105031700
SFC_Google_305.png,0.632666631854
SFC_Google_332.png,1.149678231101
SFC_Google_409.png,1.159545963749
SFC_Google_426.png,0.461334714227
SFC_Google_462.png,1.183236819316
SFC_Google_473.png,0.844965820046
SFC_Google_474.png,1.030860652865
SFC_Google_481.png,0.893781923773
SFC_Google_486.png,2.034353177665
SFC_Google_531.png,0.656040649042
SFC_Google_668.png,0.755065227947
SFC_Google_672.png,1.271457985097
SFC_Google_679.png,0.400619896461
SFC_Google_703.png,0.939485768322
SGP_Bing_018.png,0.657727210898
SGP_Bing_019.png,0.499046374025
SGP_Bing_027.png,0.343331778086
SGP_Bing_035.png,0.666090904684
SGP_Bing_041.png,0.564797668889
SGP_Bing_052.png,0.667758894260
SGP_Bing_072.png,0.705170348781
SGP_Bing_078.png,0.482814731802
SGP_Bing_080.png,0.431933816450
SGP_Bing_082.png,0.550337443478
SGP_Bing_083.png,0.433011116535
SGP_Bing_090.png,0.732210332231
SGP_Bing_092.png,0.374536890570
SGP_Bing_097.png,0.521291680678
SGP_Bing_103.png,0.328646002713
SGP_Bing_109.png,0.310959181323
SGP_Bing_116.png,0.538087078494
SGP_Bing_120.png,0.799609348167
SGP_Bing_125.png,0.347163187539
SGP_Bing_141.png,0.909953928204
SGP_Bing_148.png,0.273571174146
SGP_Bing_167.png,0.532132470432
SGP_Bing_171.png,0.657245700296
SGP_Bing_179.png,0.461705636837
SGP_Bing_181.png,0.674286594584
SGP_Bing_191.png,0.841579044293
SGP_Bing_192.png,0.532343763247
SGP_Bing_196.png,0.880028268147
SGP_Bing_209.png,0.367111428015
SGP_Bing_225.png,2.731328757683
SGP_Bing_231.png,0.417022588158
SGP_Bing_264.png,1.013678667971
SGP_Bing_286.png,0.580459609508
SGP_Bing_295.png,0.949499191599
SGP_Bing_309.png,0.278517291050
SGP_Bing_414.png,0.478932211680
SGP_Bing_421.png,0.830634796243
SGP_Bing_445.png,0.368628942955
SGP_Bing_538.png,0.727292304262
SGP_Bing_551.png,1.468143181013
SGP_Bing_557.png,0.589426266323
SGP_Bing_562.png,0.836114208458
SGP_Bing_566.png,0.699241973158
SGP_Bing_572.png,0.497304455644
SGP_Bing_58.png,0.387241644383
SGP_Bing_583.png,0.596970857226
SGP_Bing_623.png,0.291477529060
SGP_Bing_628.png,0.361720994313
SGP_Bing_684.png,0.908513238284
SGP_Bing_695.png,0.339564389373
SGP_Bing_723.png,0.691555889778
SGP_Bing_727.png,0.420551840293
SGP_Google_002.png,1.421546686710
SGP_Google_015.png,0.897692578787
SGP_Google_024.png,1.330664248691
SGP_Google_067.png,0.744704357467
SGP_Google_073.png,0.631307466548
SGP_Google_075.png,0.603855895144
SGP_Google_080.png,0.446330269452
SGP_Google_092.png,0.487916820231
SGP_Google_109.png,0.958458927177
SGP_Google_117.png,0.556399897278
SGP_Google_119.png,1.183832229908
SGP_Google_127.png,0.757179630649
SGP_Google_161.png,1.195550146405
SGP_Google_170.png,0.677542165616
SGP_Google_21.png,0.418513974296
SGP_Google_213.png,0.698047673219
SGP_Google_214.png,0.293643262264
SGP_Google_223.png,0.874353934489
SGP_Google_244.png,0.720291899256
SGP_Google_263.png,0.534383061565
SGP_Google_329.png,0.490223390640
SGP_Google_345.png,0.749658296728
SGP_Google_389.png,0.330383544941
SGP_Google_414.png,0.582197928403
SGP_Google_419.png,0.493093625864
SGP_Google_421.png,0.702113758156
SGP_Google_429.png,0.661512367160
SGP_Google_433.png,0.762188772121
SGP_Google_441.png,0.372638792010
SGP_Google_450.png,0.261835145745
SGP_Google_451.png,0.764467589399
SGP_Google_460.png,0.685830983376
SGP_Google_461.png,0.660834658273
SGP_Google_518.png,0.627706309154
SGP_Google_558.png,0.951575602656
SGP_Google_564.png,0.868721217478
SH_Baidu_01.png,1.559644012652
SH_Baidu_011.png,2.339648156283
SH_Baidu_032.png,2.149704746583
SH_Baidu_040.png,1.556463028870
SH_Baidu_059.png,1.424356854159
SH_Baidu_086.png,0.739763791969
SH_Baidu_088.png,0.637119226419
SH_Baidu_099.png,0.812972730074
SH_Baidu_112.png,1.364014861912
SH_Baidu_126.png,1.716803418628
SH_Baidu_146.png,0.341736081429
SH_Baidu_150.png,0.785976409264
SH_Baidu_161.png,1.430817961370
SH_Baidu_169.png,0.695952059443
SH_Baidu_179.png,0.408208602406
SH_Baidu_188.png,0.905163288530
SH_Baidu_226.png,1.044666558081
SH_Baidu_251.png,0.753967829211
SH_Baidu_252.png,0.807815626390
SH_Bing_121.png,0.821835151425
SH_Bing_123.png,0.510223221441
SH_Bing_139.png,0.401650435293
SH_Bing_156.png,0.975242853687
SH_Bing_203.png,0.219983753407
SH_Bing_228.png,0.689980450319
SH_Bing_252.png,0.869049523958
SH_Bing_274.png,2.319559494286
SH_Bing_279.png,0.497499328363
SH_Bing_297.png,0.616891526700
SH_Bing_352.png,1.400382365804
SH_Bing_353.png,0.332774892804
SH_Bing_44.png,0.349907345995
SH_Bing_453.png,0.505117240045
SH_Bing_455.png,0.439641123486
SH_Bing_465.png,0.374641485732
SH_Bing_503.png,0.368135369698
SH_Bing_523.png,1.027925659448
SH_Bing_548.png,0.571860851835
SH_Bing_554.png,0.923419127266
SH_Bing_721.png,0.523010806294
SH_Bing_765.png,0.758239396639
SH_Google_075.png,1.629247045512
SH_Google_130.png,0.869596166376
SH_Google_139.png,0.425155212477
SH_Google_161.png,1.553947354636
SH_Google_267.png,1.519664374993
SH_Google_298.png,1.543338327650
SH_Google_302.png,0.959620355795
SH_Google_353.png,0.265692291868
SH_Google_383.png,0.452558680612
SH_Google_411.png,0.650274562235
SH_Google_413.png,1.548255192169
SH_Google_418.png,1.152248052636
SH_Google_470.png,0.415819435932
SH_Google_477.png,0.809458612632
SH_Google_516.png,0.756775840842
SH_Google_53.png,0.236535571031
SJZ_Baidu_003.png,0.684008685083
SJZ_Baidu_011.png,0.924669273112
SJZ_Baidu_017.png,0.773812014279
SJZ_Baidu_023.png,0.515269814803
SJZ_Baidu_024.png,0.589614407290
SJZ_Baidu_029.png,0.511076764859
SJZ_Baidu_040.png,2.023479741971
SJZ_Baidu_042.png,0.860801422755
SJZ_Baidu_068.png,0.725018181119
SJZ_Baidu_075.png,0.759081044148
SJZ_Baidu_088.png,1.219952881396
SJZ_Baidu_097.png,0.847777997162
SJZ_Baidu_099.png,1.148957370692
SJZ_Baidu_1074.png,0.277657950164
SJZ_Baidu_1110.png,0.470657518104
SJZ_Baidu_1114.png,0.381296932426
SJZ_Baidu_114.png,0.266841420997
SJZ_Baidu_116.png,0.777587394364
SJZ_Baidu_118.png,0.543064174571
SJZ_Baidu_1195.png,0.286433054145
SJZ_Baidu_120.png,0.572780110839
SJZ_Baidu_1218.png,0.578702192914
SJZ_Baidu_1231.png,0.429883645136
SJZ_Baidu_125.png,0.181385319575
SJZ_Baidu_127.png,1.160011959111
SJZ_Baidu_133.png,0.420732121368
SJZ_Baidu_134.png,0.620540753487
SJZ_Baidu_137.png,1.683387235740
SJZ_Baidu_147.png,0.405675751461
SJZ_Baidu_151.png,0.850212162381
SJZ_Baidu_159.png,0.787360546051
SJZ_Baidu_164.png,0.382276430196
SJZ_Baidu_172.png,0.381136500577
SJZ_Baidu_177.png,0.766377730516
SJZ_Baidu_184.png,0.955970068890
SJZ_Baidu_203.png,1.501765473357
SJZ_Baidu_209.png,0.882403088862
SJZ_Baidu_223.png,0.833503179659
SJZ_Baidu_224.png,0.842964765483
SJZ_Baidu_225.png,0.415739649490
SJZ_Baidu_240.png,0.562780350402
SJZ_Baidu_243.png,0.730285870001
SJZ_Baidu_244.png,0.869438187387
SJZ_Baidu_249.png,1.248430111546
SJZ_Baidu_267.png,1.095035256579
SJZ_Baidu_286.png,1.200154173626
SJZ_Baidu_305.png,0.812001730330
SJZ_Baidu_332.png,0.455418420736
SJZ_Baidu_333.png,0.588012594865
SJZ_Baidu_381.png,1.227047729659
SJZ_Baidu_397.png,0.424734468589
SJZ_Baidu_406.png,1.048808009991
SJZ_Baidu_418.png,0.696832352840
SJZ_Baidu_420.png,0.711340887263
SJZ_Baidu_421.png,0.884714988119
SJZ_Baidu_451.png,0.734982581241
SJZ_Baidu_475.png,0.897450297404
SJZ_Baidu_491.png,0.508840826826
SJZ_Baidu_550.png,0.583652560837
SJZ_Baidu_570.png,0.391465152156
SJZ_Baidu_575.png,0.907957523700
SJZ_Baidu_593.png,0.738177349138
SJZ_Baidu_620.png,0.734185434383
SJZ_Baidu_688.png,0.723503697367
SJZ_Baidu_716.png,0.237710283613
SJZ_Baidu_730.png,0.620933741835
SJZ_Baidu_771.png,0.716689522657
SJZ_Baidu_772.png,0.488191996788
SJZ_Baidu_774.png,0.483210759068
SJZ_Baidu_787.png,0.262061248604
SJZ_Baidu_790.png,0.261496368561
SJZ_Baidu_84.png,0.715275897753
SJZ_Baidu_870.png,0.471676449221
SJZ_Baidu_891.png,0.310434546055
SJZ_Baidu_892.png,0.370220697609
SJZ_Baidu_897.png,1.239204206658
SJZ_Baidu_910.png,0.401716394366
SJZ_Baidu_924.png,0.287465328913
SJZ_Baidu_935.png,0.476922307332
SJZ_Baidu_956.png,0.297313480236
SJZ_Baidu_994.png,0.481841745157
SJZ_Bing_009.png,1.183123288702
SJZ_Bing_025.png,1.058421985306
SJZ_Bing_036.png,0.642498604680
SJZ_Bing_061.png,0.689797148250
SJZ_Bing_062.png,0.931607539521
SJZ_Bing_082.png,0.396691660690
SJZ_Bing_085.png,0.863119645896
SJZ_Bing_125.png,0.544307126253
SJZ_Bing_146.png,1.289377705896
SJZ_Bing_181.png,0.376331676722
SJZ_Bing_189.png,0.560365952473
SJZ_Bing_196.png,0.427611730455
SJZ_Bing_202.png,0.335827771189
SJZ_Bing_236.png,0.391721259167
SJZ_Bing_246.png,0.442328141355
SJZ_Bing_297.png,0.450593499075
SJZ_Bing_301.png,1.059065137933
SJZ_Bing_377.png,0.353493560575
SJZ_Bing_387.png,2.261482940836
SJZ_Bing_397.png,1.355514625540
SJZ_Bing_410.png,0.893734013823
SJZ_Bing_412.png,0.942159450863
SJZ_Bing_461.png,0.916773477480
SJZ_Bing_492.png,0.555331059518
SJZ_Bing_499.png,0.454102384666
SJZ_Bing_556.png,0.716242344445
SJZ_Bing_570.png,0.303635615135
SJZ_Bing_587.png,0.648931799208
SJZ_Bing_593.png,0.868904179677
SJZ_Bing_623.png,0.682175673763
SJZ_Bing_666.png,0.219431135651
SJZ_Bing_673.png,0.318562795453
SJZ_Bing_683.png,0.488058969066
SJZ_Bing_686.png,0.737511848908
SJZ_Bing_695.png,1.020222677077
SJZ_Bing_703.png,0.747601642481
SJZ_Bing_704.png,0.522770417688
SJZ_Bing_716.png,0.553571335369
SJZ_Bing_752.png,0.405833040397
SJZ_Bing_764.png,0.999064843332
SJZ_Bing_794.png,0.422961621219
SJZ_Bing_812.png,0.396496133037
SJZ_Bing_819.png,0.622838428281
SJZ_Bing_824.png,0.370678028477
SJZ_Google_069.png,0.482409342781
SJZ_Google_123.png,0.972539603951
SJZ_Google_247.png,0.427466724172
SJZ_Google_271.png,0.468136337167
SJZ_Google_282.png,0.645206969796
SJZ_Google_293.png,0.587488898704
SJZ_Google_338.png,1.485090438345
SJZ_Google_339.png,0.908668561707
SJZ_Google_352.png,1.072917095781
SJZ_Google_361.png,0.648989962428
SJZ_Google_382.png,0.314481719309
SJZ_Google_400.png,0.390174634098
SJZ_Google_404.png,0.240642501411
SJZ_Google_407.png,1.038363163547
SJZ_Google_412.png,0.473310650859
SJZ_Google_435.png,0.673655201379
SJZ_Google_452.png,0.734040161740
SJZ_Google_455.png,0.607270691910
SJZ_Google_501.png,0.723475433080
SJZ_Google_505.png,0.389332464421
SJZ_Google_514.png,0.488109550917
SJZ_Google_525.png,0.678510092551
SJZ_Google_534.png,0.619663091450
SJZ_Google_553.png,0.594797391911
SJZ_Google_56.png,0.253913767100
SY_Baidu_035.png,0.491108763690
SY_Baidu_044.png,1.420168114408
SY_Baidu_046.png,1.072492563717
SY_Baidu_048.png,0.465700286716
SY_Baidu_055.png,1.125015536425
SY_Baidu_056.png,0.572743068373
SY_Baidu_069.png,0.471303953329
SY_Baidu_073.png,1.000602793691
SY_Baidu_110.png,0.730652436045
SY_Baidu_111.png,0.694989968752
SY_Baidu_118.png,0.407087758315
SY_Baidu_12.png,0.469612580906
SY_Baidu_128.png,0.591949400565
SY_Baidu_132.png,0.717769576433
SY_Baidu_137.png,0.396327958735
SY_Baidu_140.png,1.815290920230
SY_Baidu_141.png,0.770587457895
SY_Baidu_148.png,1.107320908284
SY_Baidu_156.png,1.015569759944
SY_Baidu_158.png,1.808098446751
SY_Baidu_160.png,0.480593767469
SY_Baidu_184.png,1.663369256599
SY_Baidu_186.png,1.761015601753
SY_Baidu_190.png,0.584957349257
SY_Baidu_196.png,0.597142014438
SY_Baidu_208.png,0.864148267539
SY_Baidu_227.png,0.493797607986
SY_Baidu_25.png,0.939924427078
SY_Baidu_262.png,0.549449825463
SY_Baidu_292.png,1.406006139033
SY_Baidu_295.png,1.015239101198
SY_Baidu_337.png,0.949183499859
SY_Baidu_346.png,0.598588200653
SY_Baidu_367.png,0.970759670222
SY_Baidu_371.png,1.406864959881
SY_Baidu_374.png,0.737427050430
SY_Baidu_385.png,0.883345926538
SY_Baidu_386.png,1.099030084966
SY_Baidu_398.png,0.338141438128
SY_Baidu_405.png,1.370321707950
SY_Baidu_412.png,0.400128056218
SY_Baidu_415.png,0.403032561595
SY_Bing_026.png,0.690526513102
SY_Bing_049.png,0.486393425976
SY_Bing_062.png,0.651325251957
SY_Bing_105.png,0.661708991428
SY_Bing_122.png,0.881991894624
SY_Bing_123.png,0.305517557356
SY_Bing_135.png,0.349200153101
SY_Bing_154.png,0.314013323996
SY_Bing_181.png,0.592547703859
SY_Bing_221.png,0.423786370175
SY_Bing_23.png,0.402436395665
SY_Bing_336.png,0.730226846330
SY_Bing_424.png,0.336325161006
SY_Bing_477.png,0.736688304339
SY_Bing_501.png,0.708438673769
SY_Bing_536.png,0.391307027568
SY_Bing_541.png,0.351589399944
SY_Bing_582.png,0.646707484467
SY_Bing_648.png,1.202515603713
SY_Bing_688.png,0.395298163848
SY_Bing_696.png,0.425275748880
SY_Google_120.png,0.561505806985
SY_Google_125.png,0.970335077006
SY_Google_151.png,1.036040152906
SY_Google_177.png,0.901506958458
SY_Google_189.png,0.837259846573
SY_Google_259.png,0.874781232649
SY_Google_260.png,0.595976843692
SY_Google_299.png,0.541779600788
SY_Google_314.png,0.458845125103
SY_Google_321.png,1.138558338376
SY_Google_338.png,0.302657507800
SY_Google_363.png,0.475934750940
SY_Google_368.png,0.471650764995
SY_Google_387.png,0.911825152586
SY_Google_391.png,0.801314619366
SY_Google_398.png,0.770566859127
SY_Google_428.png,0.410881719763
SY_Google_44.png,0.558612202377
SY_Google_444.png,1.167612739518
SY_Google_475.png,0.695983549796
SY_Google_51.png,0.735089681773
SY_Google_514.png,0.617804618789
SY_Google_525.png,0.328043170736
SY_Google_532.png,0.561958527145
TJ_Baidu_034.png,1.072854619164
TJ_Baidu_037.png,0.742045288001
TJ_Baidu_074.png,1.437551243862
TJ_Baidu_077.png,0.760753854296
TJ_Baidu_1012.png,0.645964837891
TJ_Baidu_1032.png,0.310138340730
TJ_Baidu_108.png,0.844088501768
TJ_Baidu_1116.png,0.829626775135
TJ_Baidu_1152.png,0.660715782191
TJ_Baidu_1200.png,0.367215435881
TJ_Baidu_128.png,0.278441683572
TJ_Baidu_13.png,0.540264506953
TJ_Baidu_132.png,0.356226504054
TJ_Baidu_150.png,0.991708775174
TJ_Baidu_175.png,0.837870634018
TJ_Baidu_19.png,0.263921893430
TJ_Baidu_202.png,0.873476246779
TJ_Baidu_225.png,0.758705676214
TJ_Baidu_227.png,0.558123529313
TJ_Baidu_232.png,0.837386424222
TJ_Baidu_254.png,0.633266758026
TJ_Baidu_297.png,1.828782425936
TJ_Baidu_302.png,0.602027534957
TJ_Baidu_315.png,0.562600972922
TJ_Baidu_320.png,0.422177238513
TJ_Baidu_362.png,0.809881302914
TJ_Baidu_368.png,1.016684526852
TJ_Baidu_372.png,1.146662070729
TJ_Baidu_387.png,0.887928607232
TJ_Baidu_398.png,1.294984938411
TJ_Baidu_408.png,0.616802943517
TJ_Baidu_419.png,0.374255704376
TJ_Baidu_464.png,0.638851437373
TJ_Baidu_487.png,0.620983343654
TJ_Baidu_488.png,0.808804016263
TJ_Baidu_505.png,0.676477049689
TJ_Baidu_519.png,0.705508321534
TJ_Baidu_522.png,0.668137936618
TJ_Baidu_523.png,0.646930181517
TJ_Baidu_524.png,0.562212327810
TJ_Baidu_525.png,0.554484030757
TJ_Baidu_526.png,0.804870959233
TJ_Baidu_534.png,0.756966050722
TJ_Baidu_547.png,0.973419231021
TJ_Baidu_559.png,0.315738781308
TJ_Baidu_567.png,0.296810601159
TJ_Baidu_583.png,0.522252858135
TJ_Baidu_711.png,0.644553644090
TJ_Baidu_811.png,0.995786324269
TJ_Baidu_813.png,0.345488420215
TJ_Baidu_843.png,0.349954762801
TJ_Baidu_900.png,0.375224795046
TJ_Baidu_944.png,0.568998544290
TJ_Bing_005.png,0.613734614365
TJ_Bing_066.png,1.035462606004
TJ_Bing_166.png,0.633258881259
TJ_Bing_326.png,0.755522644310
TJ_Bing_338.png,1.133325413729
TJ_Bing_339.png,0.774273780235
TJ_Bing_343.png,1.019170599719
TJ_Bing_349.png,0.726054746563
TJ_Bing_495.png,1.870181457933
TJ_Bing_563.png,0.525231639056
TJ_Bing_659.png,0.913204817422
TJ_Bing_697.png,0.467409888106
TJ_Google_034.png,1.012647924983
TJ_Google_272.png,0.708393430643
TJ_Google_321.png,0.549748091892
TJ_Google_333.png,0.700872898333
TJ_Google_336.png,1.010230999006
TJ_Google_390.png,0.622415976517
TJ_Google_395.png,0.689035240609
TJ_Google_411.png,0.457497456964
TJ_Google_505.png,0.394767406705
TJ_Google_511.png,0.606967796297
TJ_Google_649.png,0.867410048522
TJ_Google_688.png,0.719721847606
TJ_Google_707.png,0.415634464317
TJ_Google_708.png,0.678766362961
TKO_Bing_479.png,0.484208406636
TKO_Bing_519.png,0.965902320910
TKO_Bing_657.png,0.150058544276
TKO_Google_183.png,0.562069194873
TKO_Google_474.png,0.843801978934
TKO_Google_600.png,0.551889389401
TKO_Google_628.png,1.176850491967
TKO_Google_693.png,0.693151063071
TKO_Google_734.png,0.815525280116
TKO_Google_805.png,0.369042201473
TKO_Google_824.png,0.434298625849
TS_Baidu_006.png,0.594588423934
TS_Baidu_025.png,1.508034381568
TS_Baidu_026.png,1.146267915787
TS_Baidu_039.png,1.306824589731
TS_Baidu_046.png,0.671919038513
TS_Baidu_1111.png,0.832874266176
TS_Baidu_1134.png,0.799962391517
TS_Baidu_114.png,1.537782826530
TS_Baidu_1258.png,0.360060040049
TS_Baidu_160.png,0.572874087356
TS_Baidu_188.png,0.386892160506
TS_Baidu_195.png,0.359461595302
TS_Baidu_226.png,0.668097189355
TS_Baidu_351.png,0.791898317415
TS_Baidu_355.png,0.729199654854
TS_Baidu_374.png,1.100333085676
TS_Baidu_422.png,1.270881426168
TS_Baidu_440.png,1.291154907144
TS_Baidu_463.png,0.993801306695
TS_Baidu_480.png,0.469973604312
TS_Baidu_486.png,0.847171265925
TS_Baidu_504.png,0.905280917388
TS_Baidu_506.png,0.562337408234
TS_Baidu_514.png,1.143150513652
TS_Baidu_550.png,0.630316285593
TS_Baidu_625.png,0.541790586018
TS_Baidu_669.png,0.266400646924
TS_Baidu_816.png,0.294740611317
TS_Baidu_848.png,0.577916017265
TS_Baidu_906.png,0.371297768550
TS_Bing_022.png,0.405103036830
TS_Bing_262.png,0.478718612182
TS_Bing_300.png,1.346515073702
TS_Bing_304.png,0.442128910361
TS_Bing_318.png,0.320718473264
TS_Bing_355.png,0.530798733266
TS_Bing_541.png,0.758126624605
TS_Bing_57.png,0.428345387656
TS_Bing_62.png,0.334322448866
TS_Bing_622.png,0.934800911996
TS_Bing_632.png,0.411960285043
TS_Bing_643.png,0.184186516730
TS_Bing_686.png,0.721830268383
TS_Bing_697.png,0.553170233720
TS_Bing_702.png,0.921855056975
TS_Google_013.png,0.719293570962
TS_Google_039.png,0.713276832267
TS_Google_153.png,0.842556113655
TS_Google_191.png,0.673089435110
TS_Google_198.png,0.521370130238
TS_Google_400.png,0.774526263232
TS_Google_409.png,0.984014976809
TS_Google_429.png,0.280822586389
TS_Google_463.png,0.654010945113
TS_Google_519.png,0.564634287934
TS_Google_527.png,0.907013960139
TS_Google_529.png,0.217391619325
TS_Google_549.png,0.652702068734
TS_Google_579.png,0.278615624425
TS_Google_623.png,0.404222791205
WST_Bing_521.png,0.477441479420
WST_Google_074.png,0.535063888722
WST_Google_167.png,0.528206309875
WST_Google_197.png,0.884887228112
WST_Google_203.png,0.646816936759
WST_Google_276.png,0.578267291864
WST_Google_354.png,0.524865992391
WST_Google_405.png,0.526849375469
WST_Google_452.png,0.560664700446
WST_Google_455.png,0.443827299502
WST_Google_504.png,0.382166017392
WST_Google_54.png,0.906774587020
WST_Google_547.png,1.146678559022
WST_Google_599.png,1.296418655093
WST_Google_710.png,0.381928794129
WST_Google_741.png,1.401660056687
WST_Google_759.png,0.644100791986
WST_Google_836.png,0.757911136895
XA_Baidu_014.png,0.585425394278
XA_Baidu_021.png,0.947115650935
XA_Baidu_034.png,0.561061267404
XA_Baidu_037.png,1.007106073666
XA_Baidu_038.png,0.966096122188
XA_Baidu_043.png,1.955520032763
XA_Baidu_05.png,1.475540785840
XA_Baidu_069.png,0.698231911273
XA_Baidu_127.png,0.725551566167
XA_Baidu_152.png,0.394902623476
XA_Baidu_180.png,0.369756692156
XA_Baidu_208.png,0.367755285661
XA_Baidu_209.png,1.179270309690
XA_Baidu_251.png,0.590022477733
XA_Baidu_270.png,0.524203675844
XA_Baidu_342.png,0.491502064685
XA_Baidu_359.png,0.461595633656
XA_Bing_070.png,1.231747287222
XA_Bing_087.png,0.769909298129
XA_Bing_090.png,0.470644854064
XA_Bing_104.png,0.419838775954
XA_Bing_120.png,0.462782265593
XA_Bing_170.png,0.225050245397
XA_Bing_178.png,0.432092088731
XA_Bing_194.png,0.395512790957
XA_Bing_204.png,0.262553971976
XA_Bing_257.png,0.454050219298
XA_Bing_260.png,0.913859988340
XA_Bing_264.png,0.932494095532
XA_Bing_282.png,0.364958447576
XA_Bing_288.png,0.778876403739
XA_Bing_298.png,0.886227927850
XA_Bing_304.png,0.439344837511
XA_Bing_321.png,0.437677065787
XA_Bing_387.png,0.301262660635
XA_Bing_394.png,0.820713615910
XA_Bing_471.png,0.271206089413
XA_Bing_733.png,0.409147341506
XA_Bing_734.png,0.346237990062
XA_Bing_767.png,0.400478773114
XA_Bing_800.png,0.371439806306
XA_Google_033.png,0.532140700190
XA_Google_040.png,0.763851987996
XA_Google_082.png,1.024957270638
XA_Google_121.png,0.775155177160
XA_Google_125.png,0.815493971308
XA_Google_147.png,1.006554483820
XA_Google_163.png,0.610231600401
XA_Google_173.png,0.397895839629
XA_Google_378.png,0.732114782081
XA_Google_381.png,0.200459578167
XA_Google_391.png,0.801601060172
XA_Google_431.png,0.616123885988
XA_Google_475.png,1.385166004361
XA_Google_481.png,0.863474707259
XA_Google_586.png,0.243325899960
XA_Google_619.png,0.462102181867
XA_Google_625.png,0.308862502550
XG_Baidu_017.png,0.897665427275
XG_Baidu_018.png,0.345112071277
XG_Baidu_050.png,1.535122705810
XG_Baidu_053.png,1.803853515831
XG_Baidu_1116.png,0.651529594792
XG_Baidu_1228.png,1.011182148842
XG_Baidu_175.png,0.582837818403
XG_Baidu_248.png,1.056609163780
XG_Baidu_328.png,0.349738620170
XG_Baidu_409.png,0.871470799418
XG_Baidu_511.png,1.051370833307
XG_Baidu_548.png,0.681057204735
XG_Baidu_575.png,0.524174248411
XG_Baidu_627.png,0.489276673770
XG_Baidu_634.png,0.684696184390
XG_Baidu_829.png,0.268532544672
XG_Baidu_981.png,0.734528564580
XG_Bing_106.png,0.374422743318
XG_Bing_135.png,0.554912754402
XG_Bing_140.png,0.798928326903
XG_Bing_176.png,1.220793615724
XG_Bing_198.png,0.743654334115
XG_Bing_346.png,0.893783901057
XG_Bing_412.png,0.811177047975
XG_Bing_419.png,0.758015359170
XG_Bing_497.png,0.409383159730
XG_Bing_529.png,0.631772148917
XG_Bing_582.png,0.793071909078
XG_Bing_679.png,0.781791756595
XG_Google_308.png,0.628054134492
XG_Google_528.png,0.687965064853
XG_Google_591.png,0.738485453359
XG_Google_633.png,0.504551457948
XG_Google_646.png,0.782916369534
XG_Google_648.png,0.400412616358
XG_Google_687.png,0.525674672021
XG_Google_688.png,0.808479967927
XR_Baidu_001.png,0.497448324410
XR_Baidu_002.png,0.823083267552
XR_Baidu_006.png,1.056449481267
XR_Baidu_007.png,0.675175517263
XR_Baidu_012.png,1.315469496131
XR_Baidu_014.png,0.555736450235
XR_Baidu_015.png,0.670713988033
XR_Baidu_016.png,1.357229097884
XR_Baidu_017.png,1.724980945849
XR_Baidu_019.png,0.636340658168
XR_Baidu_020.png,1.167094760785
XR_Baidu_023.png,0.712400884122
XR_Baidu_024.png,1.169318034045
XR_Baidu_027.png,1.165315515901
XR_Baidu_030.png,1.502003635838
XR_Baidu_037.png,0.855210384213
XR_Baidu_040.png,0.934060314561
XR_Baidu_043.png,0.302300376992
XR_Baidu_047.png,1.552233638736
XR_Baidu_057.png,1.267005520642
XR_Baidu_058.png,0.239270610692
XR_Baidu_061.png,1.167427292499
XR_Baidu_062.png,1.086534539327
XR_Baidu_067.png,0.733724516158
XR_Baidu_068.png,0.571799765314
XR_Baidu_069.png,1.032215842993
XR_Baidu_071.png,0.561061805555
XR_Baidu_073.png,0.730796926741
XR_Baidu_081.png,0.587780473765
XR_Baidu_086.png,0.409719816314
XR_Baidu_096.png,0.329497016772
XR_Baidu_103.png,0.271462944239
XR_Baidu_104.png,1.586203469584
XR_Baidu_109.png,0.278833459888
XR_Baidu_113.png,0.606371110867
XR_Baidu_120.png,0.345964895370
XR_Baidu_122.png,0.208237773886
XR_Baidu_127.png,0.428365384804
XR_Baidu_131.png,0.191179042855
XR_Baidu_132.png,0.378240436048
XR_Baidu_134.png,0.285757754102
XR_Baidu_157.png,0.611463557313
XR_Baidu_164.png,0.654722354611
XR_Baidu_182.png,0.740429010123
XR_Baidu_189.png,0.650393892863
XR_Baidu_193.png,1.511364266136
XR_Baidu_219.png,0.804535983562
XR_Baidu_221.png,1.032474333950
XR_Baidu_229.png,0.507006909381
XR_Baidu_236.png,0.587452365996
XR_Baidu_238.png,0.702736313929
XR_Baidu_245.png,1.165526980126
XR_Baidu_247.png,0.673274133503
XR_Baidu_255.png,1.060371747921
XR_Baidu_262.png,0.374030795168
XR_Baidu_263.png,0.647633500453
XR_Baidu_264.png,0.444487188670
XR_Baidu_269.png,1.538491067243
XR_Baidu_270.png,0.657771896239
XR_Baidu_272.png,0.832277033876
XR_Baidu_276.png,0.572379261659
XR_Baidu_278.png,0.839893832761
XR_Baidu_279.png,0.572340792795
XR_Baidu_294.png,0.950788758103
XR_Baidu_295.png,0.929613029162
XR_Baidu_299.png,1.487920998851
XR_Baidu_301.png,0.856343887307
XR_Baidu_315.png,0.485682400717
XR_Baidu_358.png,0.751978324787
XR_Baidu_365.png,1.152664468462
XR_Baidu_375.png,0.747230603955
XR_Baidu_377.png,1.175144974301
XR_Baidu_378.png,0.779405891285
XR_Baidu_380.png,0.557239623762
XR_Baidu_395.png,0.518455523758
XR_Baidu_398.png,0.978732925896
XR_Baidu_402.png,1.150323481824
XR_Baidu_404.png,0.470923613456
XR_Baidu_406.png,0.427113841148
XR_Baidu_415.png,0.602208165376
XR_Baidu_431.png,1.041818720939
XR_Baidu_45.png,1.886307359298
XR_Baidu_460.png,0.735057553010
XR_Baidu_462.png,1.393744187874
XR_Baidu_466.png,0.533464675112
XR_Baidu_471.png,1.101692121701
XR_Baidu_479.png,0.969025985103
XR_Baidu_482.png,0.523108911476
XR_Baidu_499.png,0.891062238882
XR_Bing_010.png,0.849775283843
XR_Bing_024.png,0.329805068735
XR_Bing_025.png,0.426956869648
XR_Bing_033.png,0.635758058766
XR_Bing_058.png,0.696979668625
XR_Bing_126.png,0.299915408936
XR_Bing_138.png,1.687635624948
XR_Bing_146.png,1.670172206993
XR_Bing_164.png,0.427926513501
XR_Bing_174.png,0.354745255316
XR_Bing_182.png,0.241848424845
XR_Bing_198.png,1.271294048023
XR_Bing_211.png,0.358446781511
XR_Bing_216.png,0.398043902311
XR_Bing_221.png,0.513312517324
XR_Bing_228.png,0.366579992130
XR_Bing_240.png,0.270687963249
XR_Bing_254.png,0.586826100239
XR_Bing_257.png,0.541197020317
XR_Bing_261.png,0.312504928338
XR_Bing_264.png,1.990998350068
XR_Bing_289.png,0.526177854809
XR_Bing_346.png,1.957661794724
XR_Bing_347.png,1.020296359876
XR_Bing_348.png,0.307415785960
XR_Bing_362.png,0.335724205158
XR_Bing_381.png,0.290340361579
XR_Bing_385.png,0.378923958530
XR_Bing_40.png,0.238722503496
XR_Bing_444.png,0.256462397253
XR_Bing_45.png,0.292039287574
XR_Bing_463.png,0.722682046936
XR_Bing_475.png,0.285855365414
XR_Bing_495.png,0.304171566651
XR_Bing_497.png,0.409452418139
XR_Bing_499.png,0.864339717857
XR_Bing_500.png,1.294540541025
XR_Bing_590.png,0.644381589447
XR_Bing_593.png,0.516947993920
XR_Bing_604.png,0.225541198780
XR_Bing_632.png,0.904451087163
XR_Bing_637.png,0.295142383857
XR_Bing_638.png,0.321307557977
XR_Bing_640.png,0.328085791831
XR_Bing_682.png,0.440926212431
XR_Bing_698.png,1.913225133565
XR_Bing_731.png,0.370490572166
XR_Bing_740.png,0.761550438428
XR_Bing_756.png,0.787295246375
XR_Bing_760.png,1.237791064368
XR_Bing_768.png,0.397980713848
XR_Bing_774.png,0.572705052467
XR_Bing_775.png,0.330770880091
XR_Bing_790.png,0.825855530336
XR_Bing_802.png,0.160682044342
XR_Bing_804.png,0.574022756544
XR_Bing_818.png,0.594822155931
XR_Bing_820.png,0.660218814289
XR_Google_000.png,0.309204405098
XR_Google_022.png,0.628347099371
XR_Google_064.png,0.455633452024
XR_Google_067.png,1.042328898734
XR_Google_088.png,0.537291631155
XR_Google_095.png,0.446588708504
XR_Google_102.png,0.371196252270
XR_Google_105.png,0.531879139498
XR_Google_110.png,1.280876459656
XR_Google_124.png,0.410738008452
XR_Google_127.png,0.483706299291
XR_Google_137.png,1.117172081746
XR_Google_142.png,0.259074670511
XR_Google_143.png,0.545793519015
XR_Google_146.png,0.494039425609
XR_Google_180.png,0.736977160014
XR_Google_183.png,2.012618225856
XR_Google_187.png,0.582496962232
XR_Google_228.png,0.483470965505
XR_Google_243.png,0.705033015412
XR_Google_252.png,1.027074915871
XR_Google_263.png,0.512060336824
XR_Google_275.png,0.272290977813
XR_Google_276.png,0.354993282163
XR_Google_284.png,0.854366344740
XR_Google_293.png,0.919162996309
XR_Google_311.png,0.794928807601
XR_Google_313.png,0.495030789793
XR_Google_331.png,0.404827293943
XR_Google_338.png,0.267234894179
XR_Google_34.png,0.236461536826
XR_Google_341.png,0.380043252811
XR_Google_355.png,0.732400404087
XR_Google_371.png,0.415712289934
XR_Google_377.png,0.346733636862
XR_Google_403.png,0.292051243286
XR_Google_404.png,0.917427182369
XR_Google_411.png,0.360403251335
XR_Google_416.png,1.155426731095
XR_Google_427.png,0.347382603359
XR_Google_436.png,0.497897466061
XR_Google_494.png,1.203188369584
XR_Google_502.png,0.605942477464
XR_Google_504.png,1.119377187737
XR_Google_515.png,0.379608449525
XR_Google_529.png,0.247693936930
XR_Google_537.png,0.563315771711
XR_Google_538.png,0.659185637564
XR_Google_573.png,0.799288751552
XR_Google_581.png,0.417262626467
XR_Google_583.png,1.023859937595
XR_Google_626.png,0.604012247257
XR_Google_633.png,0.433112579279
XR_Google_638.png,0.309385692156
XR_Google_659.png,0.267427572012
XR_Google_689.png,0.846333640032
XR_Google_691.png,0.896977117973
XR_Google_721.png,0.402045348779
XYT_Baidu_073.png,0.556583058030
XYT_Baidu_074.png,0.970052702321
XYT_Baidu_104.png,0.335639822029
XYT_Baidu_309.png,0.374329835847
XYT_Google_569.png,0.586592304558
XYT_Google_617.png,1.473748965077
YC_Baidu_027.png,0.432284621947
YC_Baidu_042.png,1.085362662394
YC_Baidu_052.png,0.612525217223
YC_Baidu_084.png,0.497022505554
YC_Baidu_108.png,0.536037954767
YC_Baidu_137.png,0.935739226557
YC_Baidu_140.png,0.306599605671
YC_Baidu_201.png,0.253404523954
YC_Bing_000.png,0.463403906330
YC_Bing_237.png,0.565583424335
YC_Bing_246.png,0.419357580707
YC_Bing_311.png,0.533115799794
YC_Bing_317.png,0.681597428842
YC_Bing_721.png,1.035467696489
YC_Bing_731.png,0.325020802112
YC_Google_062.png,0.457472464315
YC_Google_063.png,0.350892537687
YC_Google_594.png,0.483991522890
YC_Google_633.png,0.675132947444
YC_Google_758.png,0.422486670167
YD_Baidu_00.png,0.575039393563
YD_Baidu_015.png,1.204256812059
YD_Baidu_026.png,1.128047154313
YD_Baidu_029.png,0.620121932142
YD_Baidu_030.png,0.584971602446
YD_Baidu_037.png,0.948686249002
YD_Baidu_039.png,1.184678245139
YD_Baidu_040.png,0.882890473292
YD_Baidu_051.png,0.468668227850
YD_Baidu_053.png,1.532313609090
YD_Baidu_055.png,0.510155802773
YD_Baidu_058.png,0.642382899158
YD_Baidu_059.png,0.293359102622
YD_Baidu_068.png,0.786512486031
YD_Baidu_069.png,0.379397047981
YD_Baidu_070.png,0.537238787787
YD_Baidu_073.png,0.630735407467
YD_Baidu_074.png,1.047204746495
YD_Baidu_082.png,1.128719745820
YD_Baidu_087.png,0.325986740252
YD_Baidu_099.png,0.269962571301
YD_Baidu_171.png,0.361200053519
YD_Baidu_183.png,0.784097663019
YD_Baidu_201.png,1.140559307121
YD_Baidu_214.png,1.440937703546
YD_Baidu_300.png,0.450190506425
YD_Bing_022.png,0.521219283795
YD_Bing_038.png,1.186295849312
YD_Bing_086.png,0.250053345197
YD_Bing_11.png,1.769783752250
YD_Bing_212.png,1.341804450335
YD_Bing_213.png,0.376260665089
YD_Bing_243.png,0.511462239398
YD_Bing_258.png,0.216638033452
YD_Bing_290.png,0.531813558550
YD_Bing_351.png,0.475809136148
YD_Bing_428.png,0.746978203874
YD_Bing_429.png,0.258701660417
YD_Bing_547.png,0.920323291450
YD_Bing_568.png,1.007382900701
YD_Bing_580.png,1.114044371899
YD_Bing_688.png,0.487525274601
YD_Bing_694.png,0.785185587698
YD_Google_015.png,0.826540823256
YD_Google_017.png,0.804076879748
YD_Google_020.png,1.794935405964
YD_Google_032.png,0.980315517127
YD_Google_056.png,0.658668480349
YD_Google_09.png,0.407133139545
YD_Google_108.png,1.012756634781
YD_Google_133.png,0.698660176589
YD_Google_136.png,1.806209277490
YD_Google_140.png,1.624348884467
YD_Google_255.png,0.376002212217
YD_Google_281.png,0.474734134850
YD_Google_297.png,0.673548912122
YD_Google_322.png,0.948483192347
YD_Google_376.png,0.545722448481
YD_Google_447.png,1.353022750137
YSM_Bing_204.png,0.762944635253
YSM_Bing_239.png,0.969428198294
YSM_Bing_478.png,0.302083127496
YSM_Google_146.png,0.482121343337
YSM_Google_149.png,0.803553011502
YSM_Google_405.png,0.803474660502
YSM_Google_515.png,0.203966394938
YSM_Google_54.png,1.116077639930
YSM_Google_543.png,0.151391552389
YSM_Google_553.png,0.372145934753
YSM_Google_602.png,0.800295186670
YSM_Google_639.png,0.395644632170
YSM_Google_665.png,0.219485200573
YSM_Google_743.png,0.735689428075
YST_Bing_105.png,0.233646298141
YST_Bing_667.png,0.506428817185
YST_Bing_753.png,0.314491067305
YST_Bing_775.png,0.772159054726
YST_Google_245.png,1.946366953492
YST_Google_810.png,0.522356987186
YST_Google_891.png,0.263599700177
YT_Baidu_062.png,0.541428687582
YT_Baidu_135.png,0.320247924964
YT_Bing_014.png,1.508145712901
YT_Bing_065.png,0.687327445282
YT_Bing_097.png,0.494515767444
YT_Bing_115.png,1.858803519051
YT_Bing_194.png,1.298824536223
YT_Bing_195.png,0.402420267376
YT_Bing_43.png,0.451448851724
YT_Bing_547.png,0.667183976716
YT_Bing_586.png,0.684556118245
YT_Bing_665.png,0.401338882862
YT_Bing_691.png,0.712317318637
YT_Bing_726.png,0.646519129478
YT_Bing_739.png,0.474710778509
YT_Google_043.png,1.506929667715
YT_Google_057.png,1.269168218368
YT_Google_101.png,0.536065085137
YT_Google_296.png,0.301440226942
YT_Google_298.png,1.229369049326
YT_Google_881.png,0.825054970605
YT_Google_917.png,0.289698761207
hv10_1.png,0.440923660353
hv10_122.png,0.550359110095
hv10_193.png,0.502193056267
hv10_34.png,0.536889669040
hv10_526.png,0.605060812352
hv10_718.png,0.791435235389
hv10_9.png,0.483297597559
hv11_1.png,0.481841517349
hv11_114.png,1.665203755447
hv11_193.png,1.857288042714
hv11_204.png,1.420367198453
hv11_206.png,1.486191657706
hv11_266.png,1.304535304176
hv11_270.png,1.303555671256
hv11_286.png,1.223558232873
hv11_315.png,0.978068104079
hv11_354.png,0.639516464241
hv11_397.png,0.500973977132
hv11_406.png,0.497768495129
hv11_42.png,1.175846161776
hv11_435.png,0.443505545817
hv11_442.png,0.438684747417
hv11_475.png,0.418507121110
hv11_498.png,1.090366840370
hv11_528.png,0.454396633971
hv11_529.png,0.505680172042
hv11_542.png,0.555784241665
hv11_549.png,0.452157680983
hv11_558.png,0.507550780116
hv11_562.png,0.489251877734
hv11_643.png,1.096878382976
hv11_655.png,0.832646447219
hv11_674.png,0.565161865478
hv11_78.png,1.743102826564
hv11_86.png,1.420047746713
hv11_97.png,1.591356080768
hv12_1042.png,0.794353747198
hv12_1213.png,0.633577799060
hv12_1329.png,0.792217727799
hv12_1357.png,0.655493649003
hv12_1434.png,0.680642951865
hv12_1482.png,0.699050851543
hv12_171.png,0.694501741508
hv12_1774.png,0.546445905457
hv12_1848.png,0.662031061998
hv12_1862.png,0.646547340268
hv12_188.png,0.708950566159
hv12_1884.png,0.673024136089
hv12_189.png,0.721079694421
hv12_1897.png,0.678476415389
hv12_2022.png,0.682639116670
hv12_2043.png,0.644258918134
hv12_2077.png,0.606572105999
hv12_2152.png,0.496289121509
hv12_2202.png,0.452477512541
hv12_2247.png,0.563941574900
hv12_237.png,0.696036094252
hv12_267.png,0.721078566323
hv12_27.png,0.463629822840
hv12_286.png,0.708847551166
hv12_344.png,0.765642785381
hv12_382.png,0.774192236292
hv12_404.png,0.793168597460
hv12_426.png,0.790828878301
hv12_549.png,0.766725996746
hv12_678.png,0.802449230834
hv12_68.png,0.492108917551
hv12_693.png,0.912361339527
hv12_721.png,0.701440676083
hv12_759.png,0.642756706602
hv14_105.png,1.194633790346
hv14_129.png,0.694503258913
hv14_133.png,0.644663883633
hv14_136.png,0.618230232882
hv14_139.png,1.017198717623
hv14_140.png,0.900778489349
hv14_148.png,1.001261387328
hv14_169.png,0.779356786297
hv14_170.png,0.916349298099
hv14_21.png,1.683351844168
hv14_22.png,1.681651001121
hv14_30.png,1.214206337917
hv14_42.png,0.851577133376
hv14_43.png,0.710232594178
hv14_49.png,0.758511501448
hv14_55.png,1.060328654940
hv14_56.png,0.801206336079
hv14_64.png,0.973570178292
hv15_.png,0.856433666293
hv15_1.png,0.907118224309
hv15_11.png,0.681318278358
hv15_111.png,1.167083588059
hv15_117.png,1.201237428554
hv15_15.png,1.094296874148
hv15_17.png,0.721011511423
hv15_2.png,0.823837701959
hv15_21.png,1.088324064403
hv15_23.png,1.234309593833
hv15_28.png,1.467078385867
hv15_29.png,1.002629405387
hv15_3.png,0.866884608909
hv15_41.png,1.151538419288
hv15_47.png,0.920211746404
hv15_49.png,1.137557890604
hv15_54.png,1.204665045656
hv15_6.png,0.766196617360
hv15_60.png,1.290909115883
hv15_69.png,1.084161947989
hv15_73.png,1.314100780953
hv15_81.png,1.310784086861
hv15_86.png,0.866343020290
hv15_90.png,1.017476211518
hv16_108.png,0.363400542845
hv16_117.png,0.513994094105
hv16_127.png,0.558587186178
hv16_241.png,0.941344747934
hv16_411.png,0.769211291183
hv16_416.png,0.595668976388
hv16_75.png,0.592005506892
hv17_1.png,0.998672484295
hv17_10.png,0.934115539306
hv17_11.png,0.944255924258
hv17_12.png,0.790410029915
hv17_22.png,0.724894205242
hv17_24.png,0.751376499527
hv17_29.png,0.724001632691
hv17_31.png,0.637720021873
hv17_32.png,0.847739069262
hv17_33.png,0.940127916917
hv17_38.png,1.099141657448
hv17_40.png,0.951755983475
hv17_42.png,0.968674446231
hv17_44.png,0.949100437327
hv17_48.png,0.431387184203
hv17_59.png,0.690492673676
hv17_6.png,1.189625107108
hv17_7.png,1.117337696346
hv17_70.png,0.820459248868
hv17_71.png,0.919589202817
hv17_72.png,0.854998682547
hv18_9.png,1.645161925607
hv19_175.png,1.250188003601
hv19_225.png,1.036862618692
hv1_120.png,0.652523758727
hv1_158.png,0.653014504066
hv1_54.png,0.842152060598
hv1_61.png,0.454164379491
hv1_72.png,0.623140810611
hv1_78.png,0.647959774078
hv1_86.png,0.416851205142
hv1_9.png,0.715402740950
hv1_93.png,0.550027907438
hv20_231.png,1.650534918015
hv20_234.png,1.680167038210
hv20_369.png,1.365185126865
hv20_440.png,1.283044112490
hv20_572.png,0.768341605640
hv20_64.png,1.003184354108
hv21_171.png,1.112031863494
hv21_252.png,0.986932325660
hv21_258.png,1.054142239912
hv21_266.png,1.338521761686
hv21_292.png,1.046292296626
hv21_46.png,1.100376020276
hv21_87.png,1.240637147884
hv22_.png,0.850602594462
hv22_127.png,0.751755395274
hv22_28.png,0.709243864688
hv22_31.png,0.798975913350
hv22_43.png,0.880702861941
hv22_92.png,1.021731793300
hv23_160.png,1.057017492978
hv23_20.png,1.855327233436
hv23_222.png,1.261442827536
hv23_34.png,1.875655380661
hv23_36.png,1.662946392045
hv23_92.png,1.303927626286
hv24_.png,0.984688734712
hv24_116.png,0.926714285776
hv24_139.png,0.838161962162
hv24_21.png,1.087151195571
hv24_28.png,1.194902888344
hv24_4.png,1.206987154344
hv24_93.png,0.727222210322
hv25_108.png,1.174135342983
hv25_116.png,0.981701835348
hv25_117.png,1.197410120981
hv25_12.png,1.150678333363
hv25_121.png,1.213542378435
hv25_156.png,1.322904361013
hv25_162.png,1.153813851398
hv25_176.png,0.945008235071
hv25_4.png,1.186239912275
hv25_6.png,1.235565269223
hv26_133.png,1.634483895524
hv26_224.png,1.112853758626
hv26_291.png,1.296378227818
hv26_466.png,1.140848825202
hv27_237.png,1.006811172320
hv27_339.png,0.602745119795
hv27_386.png,0.957124634287
hv27_387.png,0.867839632182
hv27_75.png,1.039503182899
hv27_88.png,1.400206377721
hv28_.png,1.178408017616
hv28_133.png,1.332089848598
hv28_135.png,1.231412434232
hv28_157.png,1.723640835428
hv28_195.png,1.062036886682
hv28_198.png,1.342746861273
hv28_294.png,1.705667210364
hv28_3.png,1.475409314319
hv28_96.png,1.285808822866
hv29_.png,0.966087663650
hv29_103.png,1.524826126560
hv29_115.png,1.558753585972
hv29_128.png,1.725386624593
hv29_142.png,1.459049492539
hv29_210.png,1.850906373124
hv29_219.png,1.852453626181
hv29_22.png,1.464488279419
hv29_243.png,1.501352149865
hv29_70.png,1.474020312428
hv29_82.png,1.549065133026
hv2_.png,0.855455127427
hv2_10.png,0.796607102092
hv2_16.png,0.676790598448
hv2_28.png,0.987840247705
hv2_45.png,0.790935768725
hv2_49.png,0.723532838792
hv2_56.png,0.766424117106
hv30_110.png,0.898095542907
hv30_128.png,0.526177284817
hv30_138.png,0.839837305825
hv30_145.png,0.866808264874
hv30_148.png,0.823098812806
hv30_169.png,0.538659171248
hv30_42.png,0.888649350811
hv30_76.png,0.955965559829
hv32_108.png,1.400620150477
hv32_126.png,1.301184878100
hv33_124.png,0.786837957321
hv33_183.png,0.780183903969
hv34_1033.png,0.750690359729
hv34_1270.png,1.056401829246
hv34_1778.png,1.129369934367
hv34_589.png,0.843390135314
hv35_121.png,1.040268499848
hv35_133.png,0.832462560319
hv35_157.png,0.758785768224
hv35_181.png,1.078139272510
hv35_24.png,1.053718107810
hv35_282.png,1.026248230164
hv35_290.png,0.896310474037
hv35_292.png,0.802783400809
hv35_327.png,1.414371756465
hv35_340.png,1.029078093722
hv35_345.png,1.077659433353
hv35_352.png,1.003617988106
hv35_38.png,0.934190063211
hv35_433.png,0.980847112415
hv35_436.png,1.051775225496
hv35_474.png,1.427424404619
hv35_496.png,1.471520631980
hv35_51.png,0.921534847184
hv35_519.png,1.118027897397
hv35_560.png,1.426690325331
hv35_60.png,1.362681246780
hv35_849.png,1.056407557869
hv36_216.png,1.193935503237
hv36_219.png,1.285800319306
hv36_304.png,1.098235932668
hv36_306.png,1.134882771775
hv36_379.png,0.778515729266
hv36_510.png,1.145610498537
hv36_601.png,0.610409165210
hv36_615.png,0.562489806917
hv36_630.png,0.372205127554
hv36_639.png,0.389787736707
hv36_652.png,0.292062605919
hv36_670.png,0.501735941670
hv36_675.png,0.364097068007
hv36_68.png,0.618041302660
hv36_87.png,0.915771580457
hv36_92.png,0.758544059795
hv37_1022.png,1.026737208997
hv37_1076.png,0.927251374144
hv37_1088.png,0.969509474358
hv37_1095.png,0.987034631086
hv37_1107.png,0.977689560705
hv37_1136.png,1.022056190592
hv37_115.png,1.029855046002
hv37_1165.png,0.989704723804
hv37_1200.png,0.894877469820
hv37_1222.png,0.983613393836
hv37_1246.png,0.905123886468
hv37_1260.png,0.829829880229
hv37_1275.png,1.003388072521
hv37_1294.png,0.963290114298
hv37_1300.png,1.077567246537
hv37_1317.png,1.061765249739
hv37_1386.png,0.913767520610
hv37_1452.png,0.941830196467
hv37_1465.png,0.928526476407
hv37_1479.png,0.855789392481
hv37_1626.png,0.598207925525
hv37_1642.png,0.831240024384
hv37_1735.png,0.807892942131
hv37_1812.png,0.902595016369
hv37_1862.png,0.456681540929
hv37_1969.png,0.373370601642
hv37_2042.png,0.470645111067
hv37_2055.png,0.363730203633
hv37_2128.png,0.546887461042
hv37_2158.png,0.515008454358
hv37_26.png,0.660949901228
hv37_291.png,1.114699939455
hv37_309.png,1.020484543427
hv37_322.png,1.123495780645
hv37_34.png,0.604573856279
hv37_358.png,1.144772862530
hv37_38.png,0.609075830218
hv37_381.png,1.192909133119
hv37_436.png,1.240940954442
hv37_446.png,1.226450644977
hv37_459.png,1.226992413361
hv37_465.png,1.197178367368
hv37_523.png,1.190762873678
hv37_56.png,0.548173062749
hv37_564.png,1.142106309102
hv37_571.png,1.047080285891
hv37_577.png,1.185264341419
hv37_636.png,0.966673812959
hv37_64.png,0.629439719711
hv37_650.png,1.008097695772
hv37_738.png,0.938991053552
hv37_774.png,0.925527909779
hv37_78.png,0.726232027668
hv37_781.png,1.060400145849
hv37_840.png,0.949154896370
hv37_870.png,0.984072256586
hv37_888.png,1.003845806225
hv37_921.png,1.066254085179
hv38_127.png,0.824188191609
hv38_210.png,0.849833938489
hv38_72.png,1.245562767735
hv38_86.png,0.907572241407
hv38_87.png,0.940807260962
hv38_91.png,1.146984238364
hv39_.png,0.611751120488
hv39_10.png,0.577647956773
hv39_115.png,0.505893480752
hv39_156.png,0.407931498895
hv39_182.png,0.803092528606
hv39_21.png,0.516145867703
hv39_243.png,0.477336486366
hv39_253.png,0.506976786874
hv39_26.png,0.713758341964
hv39_264.png,0.724087684784
hv39_273.png,0.669933424669
hv39_28.png,0.709865045919
hv39_306.png,0.503898354961
hv39_312.png,0.682067459483
hv39_333.png,0.672478520140
hv39_351.png,0.535384322496
hv39_358.png,0.663293841180
hv39_368.png,0.754640689596
hv39_369.png,0.764981650571
hv39_384.png,0.896017568444
hv39_422.png,0.411803612642
hv39_426.png,0.463614230094
hv39_49.png,0.408697611428
hv39_529.png,0.696948827734
hv39_609.png,0.606499749798
hv39_614.png,0.539813858890
hv39_620.png,0.582319559615
hv39_656.png,0.557631323088
hv39_679.png,0.574152179718
hv39_684.png,0.583353510227
hv39_692.png,0.582045566113
hv39_759.png,0.649602356803
hv39_786.png,0.527643851240
hv39_834.png,0.290887067066
hv39_838.png,0.323079491612
hv39_907.png,0.456054115864
hv39_91.png,0.548480225802
hv39_931.png,0.350649465324
hv39_936.png,0.319442538849
hv3_106.png,0.778105971368
hv3_117.png,0.862769103562
hv3_118.png,0.815628261702
hv3_14.png,1.001719613916
hv3_2.png,0.461677803210
hv3_33.png,0.365111486010
hv3_63.png,0.718940495665
hv3_7.png,0.462978398873
hv3_76.png,0.783954854377
hv3_79.png,0.605696769182
hv3_82.png,0.623290558874
hv3_91.png,1.326491312367
hv40_10.png,0.746370704815
hv40_109.png,1.674225296647
hv40_110.png,1.573022034924
hv40_120.png,1.659090849729
hv40_127.png,1.493393561037
hv40_13.png,0.513473089903
hv40_150.png,1.709064779423
hv40_155.png,1.561520251371
hv40_160.png,1.488072958769
hv40_165.png,1.667492418281
hv40_172.png,0.879313792063
hv40_176.png,0.950804842372
hv40_188.png,1.075986697699
hv40_193.png,0.892007099147
hv40_217.png,1.007478809589
hv40_225.png,1.203860623086
hv40_243.png,1.570262909713
hv40_255.png,1.355355483896
hv40_266.png,1.202670606840
hv40_275.png,1.245854310558
hv40_277.png,1.451801227113
hv40_28.png,0.890730577923
hv40_290.png,0.439990206004
hv40_307.png,1.262762643499
hv40_309.png,0.358368312836
hv40_311.png,0.364056988446
hv40_315.png,0.392569620860
hv40_337.png,1.100877955275
hv40_340.png,1.039673041369
hv40_342.png,0.581314867712
hv40_357.png,1.163135359524
hv40_37.png,0.813839084557
hv40_39.png,1.034594775261
hv40_404.png,0.917494860029
hv40_405.png,0.751332198587
hv40_411.png,0.790614119137
hv40_412.png,1.071657323364
hv40_42.png,0.942165073424
hv40_423.png,0.998663786709
hv40_49.png,1.047777737202
hv40_5.png,0.380844141795
hv40_51.png,1.113634127712
hv40_57.png,1.030307216495
hv40_61.png,0.989602060294
hv40_64.png,1.176579123633
hv40_67.png,0.857967545733
hv40_72.png,0.913584639330
hv40_78.png,1.025357388002
hv40_84.png,0.555801771508
hv40_87.png,0.533472096231
hv41_39.png,0.989424285237
hv41_46.png,0.930868357795
hv42_1005.png,0.650031487692
hv42_1012.png,0.599129996805
hv42_1021.png,0.781656385230
hv42_1024.png,0.702477449152
hv42_1028.png,0.590061876953
hv42_1048.png,0.421656226411
hv42_1054.png,0.504137590526
hv42_1071.png,0.579059341394
hv42_1077.png,0.759686152058
hv42_13.png,0.564614664372
hv42_175.png,1.022052315540
hv42_20.png,0.386640561605
hv42_236.png,0.411576881256
hv42_256.png,0.618007762725
hv42_261.png,0.734202806068
hv42_283.png,0.519290486315
hv42_297.png,0.593365199220
hv42_304.png,0.451838288131
hv42_326.png,0.778761667603
hv42_336.png,0.923374909895
hv42_350.png,0.421495012427
hv42_361.png,0.577242829967
hv42_37.png,0.521256523735
hv42_379.png,0.568648752707
hv42_394.png,0.661427578493
hv42_420.png,0.390608514404
hv42_433.png,0.451402334202
hv42_440.png,0.610699811515
hv42_450.png,0.974271786007
hv42_487.png,0.599489487114
hv42_496.png,0.746984766653
hv42_505.png,0.709666987692
hv42_525.png,0.830997819659
hv42_535.png,0.906606111705
hv42_543.png,0.589907852001
hv42_550.png,0.529186399341
hv42_555.png,0.593378359865
hv42_562.png,0.539748180169
hv42_570.png,0.722899749339
hv42_576.png,0.628579343731
hv42_582.png,0.462021174678
hv42_586.png,0.649944751756
hv42_594.png,0.526393767146
hv42_6.png,0.636101806934
hv42_60.png,0.426482882100
hv42_601.png,0.492851705088
hv42_620.png,0.686201988459
hv42_651.png,0.405238432555
hv42_658.png,0.462026209588
hv42_664.png,0.611600967218
hv42_675.png,0.617113147373
hv42_686.png,1.053819578393
hv42_716.png,1.102737484737
hv42_736.png,1.139797360475
hv42_752.png,0.941344869772
hv42_774.png,1.053634330199
hv42_796.png,0.485566253691
hv42_837.png,0.622307286749
hv42_846.png,0.617272407015
hv42_855.png,0.780866309235
hv42_861.png,1.052373559442
hv42_885.png,0.610776351925
hv42_895.png,0.736029096810
hv42_906.png,0.480373772688
hv42_916.png,0.505509520997
hv42_925.png,0.672196271548
hv42_933.png,0.416237910117
hv42_937.png,0.622963974988
hv42_943.png,0.664230888270
hv42_970.png,0.421869470617
hv42_976.png,0.448219245779
hv42_981.png,0.517232709402
hv42_986.png,0.712144392640
hv42_99.png,0.654219931823
hv42_999.png,0.605096418546
hv43_1038.png,0.799116465644
hv43_1095.png,0.930488278771
hv43_1212.png,0.468681046340
hv43_1273.png,0.537735925329
hv43_1298.png,0.618610680204
hv43_1306.png,0.451184523646
hv43_1364.png,0.588010147869
hv43_324.png,1.032457407286
hv43_336.png,1.302615042758
hv43_451.png,0.902875798222
hv43_482.png,1.200521395418
hv43_644.png,1.280425098256
hv43_672.png,1.083158886660
hv43_685.png,1.188282449507
hv43_724.png,0.710543685101
hv43_931.png,0.499638534348
hv44_1.png,0.723787467421
hv44_2.png,0.717057544289
hv44_20.png,1.041698988007
hv44_25.png,0.808431411410
hv44_29.png,0.751212424268
hv44_3.png,0.843855209722
hv44_31.png,0.601518953262
hv44_34.png,0.776619987212
hv44_35.png,0.842009654974
hv44_38.png,0.768410898614
hv44_39.png,0.879893504002
hv44_4.png,0.785363460000
hv44_41.png,0.904622982674
hv44_43.png,0.782486154247
hv44_44.png,0.633574034447
hv44_47.png,0.626991191866
hv44_49.png,0.929685458811
hv45_159.png,0.803572754739
hv45_31.png,1.036536330908
hv45_315.png,0.907078849212
hv45_82.png,1.050224455478
hv46_124.png,1.015436737805
hv46_433.png,1.067691366564
hv47_1003.png,0.949139401644
hv47_1009.png,0.929289288490
hv47_1065.png,0.818447861099
hv47_1069.png,0.891687480096
hv47_1086.png,0.902531856188
hv47_1096.png,0.976927495459
hv47_1115.png,0.990418736799
hv47_1167.png,0.876235300311
hv47_118.png,0.871961523640
hv47_1187.png,0.923757347999
hv47_1192.png,0.877393730884
hv47_153.png,0.935476599920
hv47_208.png,0.917524785289
hv47_275.png,0.995180483091
hv47_322.png,1.018223366237
hv47_37.png,0.807270521337
hv47_408.png,1.019627399087
hv47_488.png,1.002830095695
hv47_547.png,1.102561884488
hv47_566.png,0.908511419772
hv47_588.png,0.896196318363
hv47_60.png,0.796731273066
hv47_624.png,0.670614841619
hv47_642.png,1.045319495552
hv47_661.png,0.847252315354
hv47_674.png,0.854401552210
hv47_699.png,0.632203796342
hv47_71.png,0.866950101505
hv47_727.png,0.708808957811
hv47_729.png,0.870001837742
hv47_76.png,0.920600848496
hv47_766.png,0.839672064560
hv47_786.png,0.830456276279
hv47_80.png,0.880490381446
hv47_844.png,0.724795923334
hv47_856.png,0.893248362768
hv47_858.png,0.563250140690
hv47_871.png,0.790203045487
hv47_887.png,0.823042084753
hv47_898.png,0.917594166706
hv47_92.png,0.828202332532
hv47_936.png,0.967627890250
hv47_95.png,0.773576881720
hv47_952.png,0.867383329559
hv48_.png,0.565426100498
hv48_104.png,0.835897086247
hv48_190.png,0.763278119405
hv48_196.png,1.082144065178
hv48_200.png,1.101655423190
hv48_255.png,0.802513133410
hv48_4.png,1.246471811547
hv48_63.png,1.353314125528
hv49_.png,0.945832563833
hv49_78.png,0.835062345771
hv49_82.png,0.734868607704
hv4_133.png,0.510639341615
hv4_162.png,0.641530771524
hv4_259.png,0.666820735297
hv4_267.png,0.440276841095
hv4_273.png,0.363597205262
hv4_289.png,0.685202799544
hv4_294.png,0.635034465609
hv4_304.png,0.707817324989
hv4_308.png,1.076429911083
hv4_34.png,0.785213454728
hv50_.png,0.514977128620
hv50_121.png,0.538379852505
hv50_186.png,0.456254174912
hv50_213.png,0.444426003830
hv50_223.png,0.434279825309
hv50_230.png,0.443098335180
hv50_241.png,0.623165079511
hv50_259.png,0.632213455694
hv50_26.png,0.531233298642
hv50_304.png,0.647082791689
hv50_319.png,0.586120058735
hv50_348.png,0.897330266409
hv50_366.png,0.958556258785
hv50_384.png,0.890636559916
hv50_392.png,0.810888196624
hv50_408.png,0.777333780459
hv50_416.png,0.843470170432
hv50_446.png,1.023019143228
hv50_465.png,1.107766485766
hv50_481.png,0.888724283840
hv50_493.png,0.850492282058
hv50_528.png,0.698695370519
hv50_57.png,0.548677894168
hv50_620.png,0.622504780385
hv50_639.png,0.661361574159
hv50_649.png,0.532951949279
hv50_696.png,0.530268295434
hv50_718.png,0.330081069276
hv50_736.png,0.348663153832
hv50_793.png,0.592907718993
hv50_81.png,0.491931625585
hv5_106.png,0.843130723915
hv5_136.png,0.539875640314
hv5_147.png,0.462654120470
hv5_22.png,0.808980065396
hv5_30.png,0.715996054577
hv5_34.png,0.721406221549
hv5_50.png,1.299839400902
hv5_56.png,1.082286392703
hv5_70.png,0.249236209277
hv5_75.png,0.247300113523
hv5_80.png,0.363641122682
hv5_86.png,0.408788624076
hv5_94.png,0.529037897828
hv6_100.png,0.937261861385
hv6_102.png,0.932556916565
hv6_106.png,1.103331829778
hv6_13.png,0.992622215780
hv6_133.png,1.203774465073
hv6_139.png,1.209690649592
hv6_142.png,1.271553398163
hv6_144.png,0.464757583573
hv6_147.png,0.470264716385
hv6_148.png,0.433319461243
hv6_152.png,0.484380923136
hv6_153.png,0.464177553371
hv6_154.png,0.704295905259
hv6_16.png,0.975367846144
hv6_166.png,0.299918872532
hv6_20.png,0.955655933282
hv6_204.png,0.353148215438
hv6_208.png,0.440123446138
hv6_217.png,0.602454809900
hv6_218.png,0.559362945346
hv6_223.png,0.524022823180
hv6_226.png,0.506648818508
hv6_24.png,0.951731031801
hv6_9.png,1.152969286296
hv6_96.png,0.290845450898
hv6_97.png,1.064993205528
hv7_126.png,0.557869169115
hv7_132.png,0.507363725975
hv7_138.png,1.242726909076
hv7_21.png,0.637701071072
hv7_22.png,0.581727270415
hv7_27.png,0.533103538069
hv8_120.png,0.980278363568
hv8_128.png,0.777537464229
hv8_147.png,0.519478066254
hv8_160.png,1.833137848815
hv8_169.png,0.576039508281
hv8_256.png,0.974711935133
hv8_262.png,0.922902248910
hv8_325.png,0.296869254016
hv8_367.png,1.129674452611
hv8_58.png,0.542218747097
hv8_88.png,1.002925131173
hv8_99.png,0.713745026073
hv9_1.png,1.710899179630
hv9_14.png,0.671628948903
hv9_182.png,1.016757059413
hv9_186.png,0.991256998847
hv9_188.png,0.958336666748
hv9_198.png,1.759089709305
hv9_202.png,1.686043956489
hv9_21.png,0.767993111778
hv9_215.png,2.122885911697
hv9_221.png,1.810638410885
hv9_223.png,1.330150993039
hv9_36.png,0.701572200104
hv9_47.png,0.816255956772
