image,fade
AM_Bing_211.png,0.390511900299
AM_Bing_217.png,0.308064389698
AM_Bing_222.png,0.391310445783
AM_Bing_229.png,0.614224033647
AM_Bing_232.png,0.166105214501
AM_Bing_242.png,0.581508786399
AM_Bing_243.png,0.927325229464
AM_Bing_274.png,0.664868767987
AM_Bing_318.png,0.374513493830
AM_Bing_422.png,0.482252520277
AM_Bing_464.png,0.482377272718
AM_Bing_536.png,0.786035556085
AM_Bing_640.png,0.255035806968
AM_Bing_727.png,0.716003619183
AM_Google_019.png,0.491112323008
AM_Google_035.png,0.972962216982
AM_Google_067.png,0.493234542023
AM_Google_10.png,0.196515628980
AM_Google_228.png,0.899391568001
AM_Google_244.png,0.816133976643
AM_Google_246.png,0.957969189911
AM_Google_250.png,1.212291913748
AM_Google_289.png,0.385337251798
AM_Google_309.png,1.067301454360
AM_Google_320.png,0.578134060509
AM_Google_359.png,0.941535774320
AM_Google_411.png,0.541108205585
AM_Google_494.png,1.239539415938
AM_Google_525.png,0.273385268158
AM_Google_617.png,1.090918070212
AM_Google_707.png,1.326968385426
AM_Google_711.png,1.320005747705
AM_Google_754.png,0.399232607150
AM_Google_768.png,0.168505269595
AM_Google_796.png,0.930038190367
AM_Google_869.png,0.334009172860
BD_Baidu_000.png,0.881330525170
BD_Baidu_007.png,1.203551767396
BD_Baidu_018.png,0.842224117803
BD_Baidu_022.png,0.420855252768
BD_Baidu_023.png,1.364555367417
BD_Baidu_031.png,0.751883747372
BD_Baidu_038.png,0.892421296735
BD_Baidu_039.png,1.144233058513
BD_Baidu_042.png,2.239516125139
BD_Baidu_045.png,0.559440244724
BD_Baidu_046.png,0.539611090931
BD_Baidu_050.png,0.478505976334
BD_Baidu_058.png,1.281143469372
BD_Baidu_059.png,1.238025107877
BD_Baidu_062.png,0.799292881307
BD_Baidu_065.png,0.610568877002
BD_Baidu_074.png,0.844113169708
BD_Baidu_076.png,0.587941046034
BD_Baidu_078.png,0.687372776681
BD_Baidu_08.png,0.540218923313
BD_Baidu_081.png,0.654256591836
BD_Baidu_084.png,0.529743802283
BD_Baidu_087.png,0.858736087534
BD_Baidu_088.png,0.637423363890
BD_Baidu_095.png,1.256864711475
BD_Baidu_097.png,1.319211734421
BD_Baidu_10.png,0.757374164572
BD_Baidu_102.png,0.872447950077
BD_Baidu_104.png,1.334399032669
BD_Baidu_105.png,0.811936859116
BD_Baidu_116.png,0.683638616506
BD_Baidu_117.png,0.688237463343
BD_Baidu_129.png,0.732550262382
BD_Baidu_133.png,0.473942121610
BD_Baidu_134.png,1.160883232530
BD_Baidu_137.png,1.028865768564
BD_Baidu_142.png,0.629095017566
BD_Baidu_143.png,0.740844123986
BD_Baidu_145.png,0.543939674235
BD_Baidu_166.png,0.920204124724
BD_Baidu_174.png,0.341268682399
BD_Baidu_18.png,0.660892490227
BD_Baidu_195.png,0.407024547102
BD_Baidu_196.png,0.620515106757
BD_Baidu_199.png,2.207207763392
BD_Baidu_200.png,0.462611886028
BD_Baidu_201.png,0.561307775542
BD_Baidu_208.png,0.898507663919
BD_Baidu_209.png,1.315856138081
BD_Baidu_211.png,1.041666998629
BD_Baidu_216.png,0.921804066177
BD_Baidu_222.png,0.621341159540
BD_Baidu_224.png,1.576170488635
BD_Baidu_247.png,0.729269717334
BD_Baidu_249.png,0.608073718457
BD_Baidu_250.png,1.317823950835
BD_Baidu_254.png,0.730883652140
BD_Baidu_256.png,0.948392022893
BD_Baidu_277.png,0.980141040454
BD_Baidu_281.png,0.818295913056
BD_Baidu_284.png,0.789870639731
BD_Baidu_285.png,0.466956624400
BD_Baidu_29.png,0.524527335324
BD_Baidu_291.png,1.021228343268
BD_Baidu_299.png,0.697377371997
BD_Baidu_306.png,0.902751290404
BD_Baidu_322.png,0.545219611693
BD_Baidu_332.png,1.011595244588
BD_Baidu_338.png,0.845358142903
BD_Baidu_347.png,0.620681971321
BD_Baidu_355.png,0.730867097546
BD_Baidu_375.png,0.489825732342
BD_Baidu_383.png,0.603985999999
BD_Baidu_385.png,0.439728865622
BD_Baidu_388.png,1.666237288741
BD_Baidu_389.png,0.408090449160
BD_Baidu_391.png,0.763007252988
BD_Baidu_397.png,1.410072828257
BD_Baidu_410.png,1.885043294878
BD_Baidu_424.png,0.748034130480
BD_Baidu_428.png,0.801784510935
BD_Baidu_451.png,0.496867557261
BD_Baidu_461.png,0.445509393344
BD_Baidu_464.png,0.856361410259
BD_Baidu_476.png,2.512911666927
BD_Baidu_481.png,0.531290561738
BD_Baidu_486.png,0.892037692588
BD_Bing_013.png,0.861026375887
BD_Bing_04.png,0.721670844203
BD_Bing_042.png,1.011477302034
BD_Bing_068.png,0.933681916225
BD_Bing_080.png,1.150588502754
BD_Bing_084.png,1.381902262418
BD_Bing_091.png,0.876225461384
BD_Bing_096.png,0.909200943432
BD_Bing_097.png,0.682580917484
BD_Bing_18.png,1.062852069728
BD_Bing_195.png,1.044514277136
BD_Bing_216.png,0.358362476287
BD_Bing_23.png,0.700921718528
BD_Bing_231.png,0.775781480620
BD_Bing_232.png,0.325702073551
BD_Bing_237.png,1.155943669619
BD_Bing_26.png,0.749506623705
BD_Bing_302.png,1.367209573284
BD_Bing_303.png,1.191373389935
BD_Bing_308.png,1.061665995122
BD_Bing_331.png,0.375257585437
BD_Bing_358.png,0.573973427962
BD_Bing_393.png,0.522334650297
BD_Bing_420.png,0.441510839055
BD_Bing_423.png,0.737857839255
BD_Bing_463.png,0.279783996429
BD_Bing_479.png,0.288390579201
BD_Bing_484.png,0.580495623077
BD_Bing_49.png,0.456656336990
BD_Bing_515.png,0.608453500748
BD_Bing_549.png,0.852405971148
BD_Bing_606.png,0.856607173346
BD_Bing_609.png,0.367907590486
BD_Bing_634.png,0.331640210284
BD_Bing_643.png,1.973180479214
BD_Bing_655.png,0.273244006904
BD_Bing_660.png,0.355560665095
BD_Bing_664.png,0.399068482519
BD_Bing_695.png,0.449092603633
BD_Bing_732.png,0.849074201618
BD_Bing_74.png,0.359959534258
BD_Bing_742.png,2.120413418062
BD_Bing_763.png,0.311579945425
BD_Bing_789.png,0.902684622062
BD_Bing_802.png,1.017574470018
BD_Google_00.png,0.304466633811
BD_Google_054.png,0.859604008644
BD_Google_098.png,1.122180523725
BD_Google_126.png,0.734737265686
BD_Google_129.png,2.835569501547
BD_Google_249.png,0.735133548118
BD_Google_253.png,0.402286483849
BD_Google_329.png,0.506998387782
BD_Google_343.png,0.371215892898
BD_Google_357.png,0.363905380365
BD_Google_360.png,0.409590787885
BD_Google_368.png,1.786688320594
BD_Google_372.png,0.424916834138
BD_Google_378.png,0.500784744682
BD_Google_380.png,0.216258105185
BD_Google_381.png,0.329766730977
BD_Google_396.png,0.820554523349
BD_Google_397.png,0.682041114231
BD_Google_421.png,0.426702065804
BD_Google_428.png,1.081958913268
BD_Google_435.png,0.670163189057
BD_Google_443.png,1.337394403686
BD_Google_466.png,0.691174909223
BD_Google_501.png,0.662090229707
BD_Google_569.png,0.717047941661
BD_Google_598.png,0.515550223749
BJ_Baidu_015.png,0.578851979220
BJ_Baidu_02.png,0.650799178660
BJ_Baidu_029.png,0.584424068700
BJ_Baidu_04.png,0.319683951918
BJ_Baidu_045.png,1.333376025989
BJ_Baidu_066.png,0.646736560113
BJ_Baidu_069.png,0.419246074658
BJ_Baidu_071.png,0.891179432849
BJ_Baidu_072.png,0.572523045124
BJ_Baidu_077.png,0.521377185005
BJ_Baidu_080.png,0.825787278605
BJ_Baidu_082.png,0.751949088627
BJ_Baidu_093.png,0.689861476938
BJ_Baidu_095.png,0.718126084415
BJ_Baidu_1023.png,0.503787838242
BJ_Baidu_1035.png,0.306165969082
BJ_Baidu_1039.png,0.410993517039
BJ_Baidu_1081.png,0.726262623569
BJ_Baidu_1086.png,0.299433254066
BJ_Baidu_1090.png,0.675719324824
BJ_Baidu_1099.png,0.248290061555
BJ_Baidu_1132.png,0.676369519861
BJ_Baidu_1153.png,0.633060748455
BJ_Baidu_1158.png,0.274968072975
BJ_Baidu_1167.png,0.589192637930
BJ_Baidu_1168.png,0.493175183008
BJ_Baidu_1170.png,0.549291543562
BJ_Baidu_118.png,1.126305561789
BJ_Baidu_1184.png,0.518065734467
BJ_Baidu_1191.png,0.570340399546
BJ_Baidu_1194.png,0.262586677152
BJ_Baidu_1202.png,0.827635496226
BJ_Baidu_1213.png,0.639579313145
BJ_Baidu_126.png,0.971574433052
BJ_Baidu_1269.png,1.001935141650
BJ_Baidu_132.png,1.455386900270
BJ_Baidu_138.png,0.581202307758
BJ_Baidu_144.png,0.632595957138
BJ_Baidu_153.png,1.449098764573
BJ_Baidu_156.png,0.603083650212
BJ_Baidu_157.png,0.545597576335
BJ_Baidu_164.png,1.380455806543
BJ_Baidu_165.png,0.681843585533
BJ_Baidu_168.png,1.328319927889
BJ_Baidu_171.png,0.898199792175
BJ_Baidu_173.png,0.398461948817
BJ_Baidu_181.png,0.514709858409
BJ_Baidu_183.png,0.592525619878
BJ_Baidu_192.png,1.168894586836
BJ_Baidu_199.png,0.885737871663
BJ_Baidu_202.png,0.525045631682
BJ_Baidu_207.png,1.050694358520
BJ_Baidu_21.png,1.269526425913
BJ_Baidu_212.png,1.022249828481
BJ_Baidu_217.png,0.667213312430
BJ_Baidu_220.png,0.282495198128
BJ_Baidu_221.png,0.862176090874
BJ_Baidu_232.png,0.674297415829
BJ_Baidu_248.png,1.897522741766
BJ_Baidu_260.png,0.587805917770
BJ_Baidu_275.png,0.343826990568
BJ_Baidu_279.png,1.248875461945
BJ_Baidu_284.png,0.841822582703
BJ_Baidu_287.png,0.578137194832
BJ_Baidu_290.png,1.030517609455
BJ_Baidu_309.png,0.415653441510
BJ_Baidu_320.png,1.037419829353
BJ_Baidu_333.png,1.029256358693
BJ_Baidu_363.png,0.965956937282
BJ_Baidu_384.png,1.235540808868
BJ_Baidu_40.png,0.641677213888
BJ_Baidu_41.png,0.368374470290
BJ_Baidu_421.png,0.415117756081
BJ_Baidu_427.png,1.440758975581
BJ_Baidu_443.png,0.402378854939
BJ_Baidu_447.png,0.826493289245
BJ_Baidu_450.png,0.760573490682
BJ_Baidu_459.png,1.109657756027
BJ_Baidu_474.png,0.421423968958
BJ_Baidu_476.png,0.841226996024
BJ_Baidu_478.png,0.421762361706
BJ_Baidu_485.png,0.274183555073
BJ_Baidu_487.png,0.532101106774
BJ_Baidu_491.png,0.458366554273
BJ_Baidu_512.png,0.307880063336
BJ_Baidu_528.png,0.747754758682
BJ_Baidu_535.png,1.019161588094
BJ_Baidu_536.png,0.635913952992
BJ_Baidu_559.png,0.658122158184
BJ_Baidu_571.png,0.711059874311
BJ_Baidu_575.png,0.872525421998
BJ_Baidu_576.png,0.739268198881
BJ_Baidu_589.png,0.955500884126
BJ_Baidu_590.png,0.616925964322
BJ_Baidu_597.png,0.609172520761
BJ_Baidu_613.png,0.459240379307
BJ_Baidu_633.png,0.473806979830
BJ_Baidu_653.png,0.903441998174
BJ_Baidu_657.png,0.370463779653
BJ_Baidu_672.png,0.446710237278
BJ_Baidu_683.png,1.416325245137
BJ_Baidu_684.png,0.398501534762
BJ_Baidu_698.png,0.940551506453
BJ_Baidu_704.png,0.672782868983
BJ_Baidu_719.png,0.450660024380
BJ_Baidu_720.png,0.472249948030
BJ_Baidu_748.png,0.265519136457
BJ_Baidu_754.png,0.445325614506
BJ_Baidu_773.png,0.681930125530
BJ_Baidu_78.png,0.519664168697
BJ_Baidu_800.png,0.511824324606
BJ_Baidu_831.png,0.845117145036
BJ_Baidu_832.png,0.808202252223
BJ_Baidu_842.png,0.945833309108
BJ_Baidu_873.png,0.526284067270
BJ_Baidu_891.png,0.445244730787
BJ_Baidu_903.png,0.519689244862
BJ_Baidu_904.png,1.739870785671
BJ_Baidu_909.png,0.423115746200
BJ_Baidu_917.png,0.254482863424
BJ_Baidu_960.png,0.432663196374
BJ_Baidu_966.png,0.446743559185
BJ_Baidu_972.png,0.307511938468
BJ_Baidu_996.png,0.249256116574
BJ_Bing_014.png,0.616179177298
BJ_Bing_031.png,1.126356861615
BJ_Bing_059.png,0.527650868259
BJ_Bing_060.png,0.346715841872
BJ_Bing_064.png,0.722242639084
BJ_Bing_066.png,2.132911222462
BJ_Bing_076.png,0.513278526121
BJ_Bing_082.png,0.736618146355
BJ_Bing_085.png,0.841103473476
BJ_Bing_087.png,0.396035268208
BJ_Bing_102.png,0.556937700251
BJ_Bing_104.png,0.640245257351
BJ_Bing_105.png,0.783478031568
BJ_Bing_116.png,0.564013698904
BJ_Bing_124.png,0.429195833438
BJ_Bing_131.png,0.329011144677
BJ_Bing_134.png,1.072555842573
BJ_Bing_137.png,0.580615846237
BJ_Bing_145.png,0.304236987184
BJ_Bing_150.png,0.916809415912
BJ_Bing_157.png,1.020584400845
BJ_Bing_164.png,0.782182538403
BJ_Bing_174.png,0.402761072190
BJ_Bing_185.png,0.404053450588
BJ_Bing_190.png,0.736261666783
BJ_Bing_192.png,1.613833071578
BJ_Bing_195.png,0.445848261580
BJ_Bing_206.png,0.785827330926
BJ_Bing_213.png,0.705892206692
BJ_Bing_214.png,2.033226994142
BJ_Bing_217.png,0.348234895424
BJ_Bing_224.png,0.524354261014
BJ_Bing_236.png,0.615785871438
BJ_Bing_261.png,0.367368336863
BJ_Bing_266.png,0.675106158206
BJ_Bing_271.png,0.678409728880
BJ_Bing_272.png,1.329609278227
BJ_Bing_284.png,0.271080802483
BJ_Bing_319.png,0.693154038632
BJ_Bing_337.png,0.539857508772
BJ_Bing_344.png,1.545215289869
BJ_Bing_381.png,0.580701307515
BJ_Bing_385.png,1.667460900758
BJ_Bing_392.png,0.604056495049
BJ_Bing_406.png,0.369870825220
BJ_Bing_418.png,0.268106238579
BJ_Bing_419.png,0.804192804237
BJ_Bing_427.png,0.469704901366
BJ_Bing_429.png,0.308685989309
BJ_Bing_433.png,0.310238025848
BJ_Bing_446.png,0.613034606367
BJ_Bing_455.png,1.188243876915
BJ_Bing_461.png,0.441974144409
BJ_Bing_471.png,0.446155841997
BJ_Bing_485.png,0.743267994752
BJ_Bing_494.png,0.888995368467
BJ_Bing_499.png,0.595762831332
BJ_Bing_504.png,0.927194484562
BJ_Bing_507.png,0.492130504554
BJ_Bing_523.png,0.637196597925
BJ_Bing_529.png,1.743918353772
BJ_Bing_544.png,0.923996169184
BJ_Bing_575.png,0.939424403039
BJ_Bing_576.png,0.874770038189
BJ_Bing_607.png,0.812522986237
BJ_Bing_613.png,0.515605843109
BJ_Bing_617.png,0.521789370116
BJ_Bing_630.png,0.716619772607
BJ_Bing_651.png,0.861606741111
BJ_Bing_660.png,0.990613323578
BJ_Bing_669.png,0.795652810411
BJ_Bing_672.png,1.208517892886
BJ_Bing_682.png,0.974769526748
BJ_Bing_696.png,0.440725467192
BJ_Bing_698.png,0.293645463828
BJ_Bing_699.png,0.477891669089
BJ_Bing_701.png,0.371366482626
BJ_Bing_706.png,0.895836982520
BJ_Bing_718.png,0.948616569580
BJ_Bing_719.png,1.256294319113
BJ_Bing_727.png,0.435466405260
BJ_Bing_738.png,0.630951776109
BJ_Bing_759.png,0.515729746786
BJ_Bing_760.png,0.588751374826
BJ_Google_002.png,0.683321845564
BJ_Google_014.png,0.742028081404
BJ_Google_022.png,0.540535099069
BJ_Google_024.png,0.956167653591
BJ_Google_038.png,0.767276932234
BJ_Google_053.png,0.804482405602
BJ_Google_087.png,0.433851737717
BJ_Google_088.png,0.771273377591
BJ_Google_093.png,0.548888899382
BJ_Google_098.png,0.463958906067
BJ_Google_116.png,0.665492513783
BJ_Google_132.png,0.647445858565
BJ_Google_144.png,0.920479859905
BJ_Google_15.png,0.701619840406
BJ_Google_162.png,0.856237032814
BJ_Google_165.png,0.942891170270
BJ_Google_166.png,0.391369136895
BJ_Google_172.png,0.622649660323
BJ_Google_178.png,0.819569075313
BJ_Google_19.png,0.943174226355
BJ_Google_203.png,0.444580996730
BJ_Google_211.png,0.657409684159
BJ_Google_216.png,0.359569726720
BJ_Google_22.png,0.309335726556
BJ_Google_222.png,1.847297684358
BJ_Google_24.png,0.731749787243
BJ_Google_254.png,1.375095260916
BJ_Google_261.png,0.654193342356
BJ_Google_269.png,1.328857513693
BJ_Google_274.png,0.801318144141
BJ_Google_282.png,0.560240905618
BJ_Google_287.png,1.354331297717
BJ_Google_288.png,1.724044259402
BJ_Google_293.png,1.521748532568
BJ_Google_296.png,1.542478529955
BJ_Google_303.png,0.491286967164
BJ_Google_309.png,0.413576319964
BJ_Google_310.png,0.427268980976
BJ_Google_326.png,1.279627561193
BJ_Google_33.png,1.892454731843
BJ_Google_331.png,2.007952541795
BJ_Google_334.png,0.715220197189
BJ_Google_342.png,0.888542888635
BJ_Google_347.png,0.688519905639
BJ_Google_357.png,1.545777617502
BJ_Google_359.png,0.968655878458
BJ_Google_374.png,0.454537962556
BJ_Google_389.png,0.717605894631
BJ_Google_400.png,0.485696992460
BJ_Google_401.png,0.777223811187
BJ_Google_408.png,0.214695279005
BJ_Google_409.png,1.024378211209
BJ_Google_412.png,1.298397781859
BJ_Google_418.png,0.531490583479
BJ_Google_429.png,0.693946610015
BJ_Google_436.png,0.927660812406
BJ_Google_44.png,1.332324283486
BJ_Google_446.png,0.612790103115
BJ_Google_447.png,0.346487560784
BJ_Google_454.png,0.332138540628
BJ_Google_455.png,1.408994536241
BJ_Google_457.png,0.486174356605
BJ_Google_460.png,0.737979184696
BJ_Google_471.png,0.409243167727
BJ_Google_472.png,0.650482961247
BJ_Google_478.png,0.847878190571
BJ_Google_49.png,0.754250431597
BJ_Google_500.png,1.262315007200
BJ_Google_508.png,0.268580971686
BJ_Google_515.png,1.094776474176
BJ_Google_522.png,0.433055169576
BJ_Google_525.png,1.160827554656
BJ_Google_535.png,0.564620596785
BJ_Google_551.png,0.694251432463
BJ_Google_560.png,0.423453499728
BJ_Google_567.png,1.399222391910
BJ_Google_571.png,1.325706011181
BJ_Google_576.png,0.753663694519
BJ_Google_579.png,0.839556693938
BJ_Google_593.png,0.678631629270
BJ_Google_595.png,0.438969749194
BJ_Google_603.png,0.722846143393
BJ_Google_605.png,0.919744244921
BJ_Google_608.png,0.710697517706
BJ_Google_613.png,0.813553153016
BJ_Google_620.png,0.716731325035
BJ_Google_631.png,0.794952267896
BJ_Google_635.png,0.697660162263
BJ_Google_637.png,0.688516314058
BL_Baidu_068.png,0.346773500097
BL_Baidu_069.png,1.256666306800
BL_Baidu_070.png,1.544529384473
BL_Baidu_074.png,0.723237387519
BL_Baidu_084.png,1.190363240007
BL_Baidu_087.png,0.707620148237
BL_Baidu_102.png,0.824353301396
BL_Baidu_103.png,0.213355041914
BL_Baidu_129.png,0.300324152819
BL_Baidu_134.png,0.580755368184
BL_Baidu_176.png,0.330832656987
BL_Baidu_213.png,0.761426715371
BL_Bing_020.png,0.841897678051
BL_Bing_075.png,0.717388432990
BL_Bing_092.png,0.977268420165
BL_Bing_122.png,0.440525981457
BL_Bing_126.png,0.468252122814
BL_Bing_128.png,0.472235382599
BL_Bing_134.png,0.769162968201
BL_Bing_186.png,0.314767353032
BL_Bing_193.png,0.472021393453
BL_Bing_273.png,1.021704362431
BL_Bing_314.png,0.696748529985
BL_Bing_350.png,0.636560811218
BL_Bing_430.png,0.559659349136
BL_Bing_446.png,0.560056320963
BL_Bing_591.png,0.464684479489
BL_Bing_627.png,0.580129563820
BL_Bing_743.png,0.790374498708
BL_Google_047.png,0.440328235861
BL_Google_065.png,0.267689836541
BL_Google_121.png,0.374516625047
BL_Google_127.png,0.979527831281
BL_Google_147.png,0.789058647214
BL_Google_173.png,0.816859343796
BL_Google_178.png,1.304113235203
BL_Google_199.png,0.448380323829
BL_Google_256.png,1.096308690931
BL_Google_339.png,1.600543102365
BL_Google_433.png,0.595972876543
BL_Google_440.png,0.309336625021
BL_Google_463.png,0.624038844123
BL_Google_528.png,0.574675908049
CC_Baidu_01.png,0.601919547591
CC_Baidu_011.png,0.458743956878
CC_Baidu_016.png,1.165197463883
CC_Baidu_017.png,1.105895843654
CC_Baidu_028.png,0.915576762988
CC_Baidu_039.png,1.072569324960
CC_Baidu_040.png,0.878128359042
CC_Baidu_042.png,1.802415259881
CC_Baidu_047.png,0.619303197064
CC_Baidu_055.png,2.627692974421
CC_Baidu_066.png,0.378806195957
CC_Baidu_075.png,0.820202953683
CC_Baidu_081.png,0.331243034077
CC_Baidu_083.png,0.596455625841
CC_Baidu_086.png,1.065839326842
CC_Baidu_091.png,1.213428085685
CC_Baidu_095.png,0.315243366679
CC_Baidu_102.png,0.856067927297
CC_Baidu_108.png,0.732643165644
CC_Baidu_11.png,0.643159507327
CC_Baidu_117.png,0.495975963661
CC_Baidu_12.png,0.425132240133
CC_Baidu_132.png,0.719455384854
CC_Baidu_137.png,0.667893317088
CC_Baidu_141.png,0.697693335757
CC_Baidu_142.png,0.598482254590
CC_Baidu_146.png,0.804520916486
CC_Baidu_147.png,1.383971957320
CC_Baidu_148.png,0.392291388815
CC_Baidu_150.png,0.542805281563
CC_Baidu_151.png,0.810705439273
CC_Baidu_153.png,0.388656974709
CC_Baidu_168.png,0.883262345667
CC_Baidu_169.png,0.601088306443
CC_Baidu_17.png,0.594989001595
CC_Baidu_174.png,0.701117715099
CC_Baidu_176.png,0.548589802802
CC_Baidu_179.png,0.308665807180
CC_Baidu_189.png,0.373599710820
CC_Baidu_19.png,1.007535903449
CC_Baidu_221.png,1.207278648523
CC_Baidu_226.png,0.971724792619
CC_Baidu_228.png,1.382800412776
CC_Baidu_229.png,1.314939047008
CC_Baidu_230.png,0.794088219502
CC_Baidu_233.png,0.711895282368
CC_Baidu_236.png,0.402172011347
CC_Baidu_237.png,0.824578949049
CC_Baidu_244.png,0.439159114876
CC_Baidu_254.png,0.443666066692
CC_Baidu_256.png,0.314311141591
CC_Baidu_286.png,0.620693560893
CC_Baidu_295.png,0.408818514001
CC_Baidu_296.png,0.866576227083
CC_Bing_001.png,2.195401965539
CC_Bing_003.png,0.364269508282
CC_Bing_004.png,0.915046794705
CC_Bing_020.png,0.345437574671
CC_Bing_022.png,0.272693543676
CC_Bing_027.png,0.729649662383
CC_Bing_046.png,1.046224572207
CC_Bing_052.png,0.915530788518
CC_Bing_062.png,0.511082058670
CC_Bing_070.png,0.165940383699
CC_Bing_081.png,1.024283257900
CC_Bing_11.png,0.432899038355
CC_Bing_112.png,0.648440387718
CC_Bing_125.png,0.391190721664
CC_Bing_134.png,0.644358357819
CC_Bing_195.png,0.674915418409
CC_Bing_204.png,0.729108794972
CC_Bing_218.png,0.937942546872
CC_Bing_223.png,0.662112817265
CC_Bing_242.png,1.178898725280
CC_Bing_26.png,0.351870894141
CC_Bing_275.png,1.481634061286
CC_Bing_283.png,1.097350103916
CC_Bing_290.png,0.348248363499
CC_Bing_309.png,0.716124599837
CC_Bing_327.png,0.418658981914
CC_Bing_336.png,0.887830409943
CC_Bing_356.png,0.477984024257
CC_Bing_357.png,0.344250019586
CC_Bing_371.png,0.665233910982
CC_Bing_375.png,0.411866312419
CC_Bing_384.png,0.597706063972
CC_Bing_390.png,0.717291162918
CC_Bing_409.png,0.510732867347
CC_Bing_434.png,1.324256840473
CC_Bing_436.png,1.160677575611
CC_Bing_441.png,1.213703869906
CC_Bing_452.png,0.411379008724
CC_Bing_486.png,1.292992514044
CC_Bing_510.png,1.392080034989
CC_Bing_512.png,1.117959314338
CC_Bing_523.png,0.398005940060
CC_Bing_524.png,0.931805116646
CC_Bing_547.png,0.552030980013
CC_Bing_548.png,2.607673983859
CC_Bing_572.png,0.628841863107
CC_Bing_573.png,0.788923956489
CC_Bing_587.png,0.362263161332
CC_Bing_633.png,0.875092929761
CC_Bing_637.png,0.443171818676
CC_Bing_653.png,0.476241602883
CC_Bing_666.png,0.510600840755
CC_Bing_668.png,0.597942455007
CC_Bing_683.png,0.608707849985
CC_Bing_689.png,0.467023091716
CC_Bing_694.png,0.726205173791
CC_Bing_725.png,1.635365264241
CC_Bing_731.png,0.591318492692
CC_Bing_750.png,0.642953244596
CC_Bing_758.png,0.575272585633
CC_Bing_836.png,1.230205869778
CC_Bing_837.png,0.487764851018
CC_Bing_875.png,0.862296691376
CC_Google_007.png,0.886658488429
CC_Google_015.png,1.078533338768
CC_Google_033.png,0.529167157916
CC_Google_038.png,0.500949341136
CC_Google_04.png,0.679221909336
CC_Google_041.png,1.699302130409
CC_Google_058.png,1.067555469186
CC_Google_07.png,0.336864244053
CC_Google_074.png,0.562924207973
CC_Google_089.png,0.666239965813
CD_Baidu_012.png,1.313912232209
CD_Baidu_013.png,0.624316897781
CD_Baidu_019.png,0.751881123838
CD_Baidu_025.png,1.209677449046
CD_Baidu_058.png,0.526823977209
CD_Baidu_077.png,1.688082170679
CD_Baidu_083.png,0.579638030119
CD_Baidu_095.png,0.520967777540
CD_Baidu_127.png,0.632560698531
CD_Baidu_137.png,1.138504003282
CD_Baidu_160.png,1.063890535599
CD_Baidu_169.png,0.579478810710
CD_Baidu_180.png,0.224340766369
CD_Baidu_183.png,0.756304519065
CD_Baidu_194.png,1.153257930964
CD_Baidu_195.png,0.881697718586
CD_Baidu_201.png,0.697119166779
CD_Baidu_214.png,0.625414656942
CD_Baidu_221.png,0.834128471939
CD_Baidu_225.png,1.164294083593
CD_Baidu_249.png,0.469620339207
CD_Baidu_255.png,1.453925529282
CD_Baidu_269.png,0.983953999197
CD_Baidu_308.png,0.893785962796
CD_Baidu_342.png,0.847959936741
CD_Baidu_352.png,1.115430885817
CD_Baidu_354.png,0.946972014474
CD_Baidu_422.png,0.406392324624
CD_Baidu_424.png,0.404006556185
CD_Baidu_427.png,0.553348436858
CD_Baidu_434.png,0.848705496633
CD_Baidu_450.png,0.781324595900
CD_Baidu_453.png,0.651690031203
CD_Baidu_47.png,0.962845158525
CD_Baidu_479.png,0.766760751875
CD_Baidu_489.png,1.135915530866
CD_Baidu_523.png,0.642295827203
CD_Bing_064.png,0.306784631716
CD_Bing_139.png,0.297970797809
CD_Bing_144.png,0.663867817371
CD_Bing_176.png,0.542584224318
CD_Bing_177.png,0.507977271967
CD_Bing_214.png,1.003309734987
CD_Bing_221.png,0.274012118403
CD_Bing_256.png,0.668722250056
CD_Bing_262.png,0.507520056602
CD_Bing_270.png,1.282444822387
CD_Bing_292.png,0.199424520377
CD_Bing_30.png,0.476419553059
CD_Bing_310.png,0.565432992662
CD_Bing_338.png,0.649822314662
CD_Bing_390.png,0.870236923199
CD_Bing_402.png,0.299288495647
CD_Bing_416.png,0.440010350008
CD_Bing_436.png,0.348217925885
CD_Bing_452.png,0.956501877004
CD_Bing_501.png,0.272618430092
CD_Bing_533.png,1.399776864538
CD_Bing_581.png,0.630336211626
CD_Bing_662.png,0.424245665457
CD_Bing_737.png,0.564760096372
CD_Bing_790.png,0.273557447135
CD_Bing_812.png,1.013083345194
CD_Google_04.png,0.441885438177
CD_Google_065.png,0.485520629156
CD_Google_078.png,1.060652547808
CD_Google_135.png,0.442829093633
CD_Google_158.png,1.082951388257
CD_Google_162.png,0.877145048133
CD_Google_180.png,0.738330948000
CD_Google_185.png,0.406322914461
CD_Google_199.png,0.307351627523
CD_Google_207.png,0.772062288242
CD_Google_239.png,0.814630170194
CD_Google_341.png,0.441819858281
CD_Google_367.png,0.848261982740
CD_Google_372.png,0.294097867136
CD_Google_518.png,0.503064295309
CD_Google_571.png,0.478741673909
CD_Google_609.png,1.249427826501
CD_Google_63.png,0.905406495555
CD_Google_630.png,0.697266241696
CD_Google_631.png,0.491041464968
CD_Google_643.png,0.662938300804
CQ_Baidu_062.png,0.499725642609
CQ_Baidu_147.png,0.598540122696
CQ_Baidu_190.png,0.521535966122
CQ_Baidu_199.png,1.363834583630
CQ_Baidu_273.png,0.643496402818
CQ_Baidu_286.png,0.345377041365
CQ_Baidu_291.png,0.609249682538
CQ_Baidu_316.png,0.331751837744
CQ_Baidu_327.png,0.283826543907
CQ_Baidu_345.png,1.150100262670
CQ_Baidu_373.png,1.554550412153
CQ_Bing_162.png,0.552139771129
CQ_Bing_190.png,0.661255285272
CQ_Bing_221.png,0.416610101484
CQ_Bing_318.png,0.408166490799
CQ_Bing_342.png,1.125317834057
CQ_Google_019.png,1.125187529511
CQ_Google_029.png,0.990534761903
CQ_Google_035.png,0.796675199675
CQ_Google_290.png,1.704088673543
CQ_Google_35.png,0.825055368134
CQ_Google_370.png,2.033509511507
CQ_Google_380.png,0.530787218626
CQ_Google_406.png,0.342869612986
CQ_Google_446.png,0.753408754680
CQ_Google_52.png,0.932685477610
CQ_Google_521.png,1.108314511654
CQ_Google_529.png,0.854304729465
CQ_Google_547.png,1.105004823818
CQ_Google_55.png,1.671442183834
CQ_Google_615.png,0.456003999298
CQ_Google_745.png,0.551075870355
CQ_Google_763.png,0.736363111489
DJ_Baidu_023.png,0.753900062549
DJ_Baidu_040.png,0.920562937634
DJ_Baidu_055.png,1.488344994136
DJ_Baidu_065.png,0.576013656213
DJ_Baidu_104.png,0.435495139816
DJ_Baidu_179.png,0.226248568345
DJ_Baidu_189.png,1.080322085156
DJ_Baidu_206.png,0.505016044672
DJ_Baidu_240.png,1.167437000431
DJ_Bing_007.png,0.916637392847
DJ_Bing_021.png,0.379836810540
DJ_Bing_121.png,0.476061007218
DJ_Bing_127.png,0.419855772134
DJ_Bing_148.png,0.533719703870
DJ_Bing_20.png,0.195405309083
DJ_Bing_259.png,0.419676663110
DJ_Bing_271.png,0.468536390117
DJ_Bing_283.png,1.204400585356
DJ_Bing_313.png,0.609621949083
DJ_Bing_321.png,0.412842929557
DJ_Bing_372.png,0.332632852458
DJ_Bing_555.png,0.398211433143
DJ_Bing_694.png,0.274024798725
DJ_Google_026.png,1.143880531088
DJ_Google_154.png,0.827415196690
DJ_Google_157.png,1.523862115725
DJ_Google_199.png,0.737319579379
DJ_Google_234.png,0.878092566650
DJ_Google_388.png,0.776122971663
DJ_Google_398.png,0.540419088251
DJ_Google_406.png,0.633849194757
DJ_Google_425.png,0.793060189111
DJ_Google_535.png,0.412234184081
DJ_Google_674.png,0.448395346918
FogDr_Bing_002.png,2.676491165077
FogDr_Bing_003.png,2.467893589631
FogDr_Bing_008.png,0.812118939968
FogDr_Bing_019.png,0.450984058742
FogDr_Bing_106.png,0.701531398024
FogDr_Bing_125.png,1.025413148536
FogDr_Bing_206.png,1.677179193472
FogDr_Bing_217.png,0.347805358700
FogDr_Bing_223.png,1.195024296104
FogDr_Bing_237.png,0.347830462556
FogDr_Bing_256.png,0.922457438602
FogDr_Bing_304.png,1.586095339290
FogDr_Bing_358.png,0.639712496227
FogDr_Bing_367.png,0.705114887680
FogDr_Bing_370.png,0.726695113711
FogDr_Bing_394.png,1.344291648075
FogDr_Bing_405.png,0.654978900613
FogDr_Bing_410.png,1.086416277580
FogDr_Bing_422.png,0.593786731750
FogDr_Bing_443.png,0.732384237122
FogDr_Bing_454.png,0.481117758391
FogDr_Bing_510.png,0.800064698641
FogDr_Bing_535.png,0.694705896404
FogDr_Bing_557.png,0.942071442119
FogDr_Bing_559.png,1.113983354428
FogDr_Bing_567.png,0.708024184174
FogDr_Bing_569.png,0.629345056530
FogDr_Bing_635.png,0.745694829774
FogDr_Bing_648.png,0.590478996332
FogDr_Bing_697.png,1.272587237927
FogDr_Google_003.png,0.676248886502
FogDr_Google_004.png,0.898815320040
FogDr_Google_013.png,0.408098273795
FogDr_Google_014.png,0.378266025523
FogDr_Google_018.png,0.892818017788
FogDr_Google_024.png,0.828699238510
FogDr_Google_025.png,1.106230238925
FogDr_Google_026.png,1.226363512308
FogDr_Google_031.png,1.805826959353
FogDr_Google_035.png,1.898029174104
FogDr_Google_036.png,0.596966662031
FogDr_Google_040.png,1.778712704093
FogDr_Google_045.png,2.212606401283
FogDr_Google_050.png,1.195271871590
FogDr_Google_054.png,0.595896808549
FogDr_Google_058.png,0.956581510378
FogDr_Google_062.png,1.925176320537
FogDr_Google_063.png,2.066257547308
FogDr_Google_066.png,0.830181994125
FogDr_Google_072.png,0.752171983053
FogDr_Google_073.png,0.640850359745
FogDr_Google_074.png,1.281086501730
FogDr_Google_076.png,0.361313204569
FogDr_Google_077.png,0.339224503060
FogDr_Google_080.png,0.550788313580
FogDr_Google_081.png,0.642525787251
FogDr_Google_085.png,0.724936563847
FogDr_Google_089.png,1.096820853879
FogDr_Google_096.png,1.462919714374
FogDr_Google_105.png,2.631477048766
FogDr_Google_116.png,0.471391089893
FogDr_Google_117.png,1.489232039386
FogDr_Google_118.png,0.653390002948
FogDr_Google_123.png,0.873974280085
FogDr_Google_128.png,1.031593124459
FogDr_Google_129.png,0.816573287567
FogDr_Google_133.png,1.600525747662
FogDr_Google_137.png,0.699242970207
FogDr_Google_139.png,1.706368678908
FogDr_Google_140.png,0.915444027303
FogDr_Google_141.png,1.294550276924
FogDr_Google_145.png,1.061836522505
FogDr_Google_150.png,1.068467582852
FogDr_Google_157.png,0.513418234236
FogDr_Google_160.png,1.524639072374
FogDr_Google_167.png,0.920361264483
FogDr_Google_170.png,0.556279896632
FogDr_Google_172.png,0.453601612487
FogDr_Google_175.png,0.284367565879
FogDr_Google_187.png,0.578473116523
FogDr_Google_189.png,1.082981497276
FogDr_Google_196.png,1.135090422009
FogDr_Google_214.png,0.641803637879
FogDr_Google_215.png,0.592955957946
FogDr_Google_222.png,0.905983570292
FogDr_Google_223.png,0.973025048129
FogDr_Google_238.png,0.705484520689
FogDr_Google_24.png,0.954162264745
FogDr_Google_246.png,1.070685971475
FogDr_Google_255.png,1.260466375543
FogDr_Google_257.png,1.052806486174
FogDr_Google_259.png,1.421203191876
FogDr_Google_261.png,1.206252909338
FogDr_Google_279.png,0.690478207489
FogDr_Google_293.png,1.042858547057
FogDr_Google_294.png,0.548099392456
FogDr_Google_306.png,0.549084516858
FogDr_Google_308.png,0.529525016612
FogDr_Google_311.png,1.242898850004
FogDr_Google_337.png,1.141913389811
FogDr_Google_348.png,0.776722879284
FogDr_Google_358.png,1.232560100929
FogDr_Google_362.png,2.541318643869
FogDr_Google_365.png,0.739572346564
FogDr_Google_367.png,0.629703063417
FogDr_Google_370.png,0.981371235002
FogDr_Google_375.png,1.723685309189
FogDr_Google_387.png,1.080967769123
FogDr_Google_392.png,0.366507842227
FogDr_Google_402.png,0.721130982580
FogDr_Google_405.png,0.651307874338
FogDr_Google_410.png,0.694418456305
FogDr_Google_415.png,0.587714693352
FogDr_Google_426.png,0.809912409625
FogDr_Google_429.png,0.704244595921
FogDr_Google_430.png,1.471684820122
FogDr_Google_431.png,2.968883737707
FogDr_Google_467.png,0.310648493718
FogDr_Google_470.png,0.646347181908
FogDr_Google_501.png,1.012068446663
FogDr_Google_509.png,0.758581193419
FogDr_Google_515.png,0.684511089020
FogDr_Google_519.png,0.618823412821
FogDr_Google_520.png,0.258501756894
FogDr_Google_538.png,0.517726224602
FogDr_Google_564.png,0.585821867300
FogDr_Google_569.png,0.561310202226
FogDr_Google_589.png,0.793007589513
FogDr_Google_590.png,0.659507358418
FogDr_Google_597.png,1.495110030132
FogDr_Google_599.png,0.891904287714
FogDr_Google_638.png,0.329169430713
FogDr_Google_651.png,0.461878130836
FogDr_Google_658.png,0.548443872669
FogDr_Google_669.png,0.528902102948
FogDr_Google_674.png,1.651711656990
FogDr_Google_678.png,1.505970374677
FogDr_Google_694.png,0.427944481294
FogDr_Google_700.png,0.568726439721
FogDr_Google_703.png,0.605684681653
FogDr_Google_706.png,1.428091298988
FogDr_Google_709.png,1.009081387072
FogDr_Google_713.png,0.373085185307
FogDr_Google_720.png,0.713578732940
FogDr_Google_721.png,1.070683670123
FogDr_Google_724.png,0.415048245630
FogDr_Google_744.png,0.835557404463
FogDr_Google_747.png,0.980995966021
FogDr_Google_756.png,0.453758981843
FogDr_Google_757.png,0.778369769320
FogDr_Google_765.png,0.938029849393
FogDr_Google_783.png,0.514622651492
FogDr_Google_785.png,1.189752320062
FogDr_Google_788.png,0.541006051095
FogDr_Google_791.png,1.178168775535
FogDr_Google_792.png,1.663715131164
FogDr_Google_794.png,0.922272997159
FogDr_Google_798.png,0.524724952510
FogDr_Google_799.png,1.630508152045
FogDr_Google_811.png,1.134638766664
GRCN_Google_098.png,0.756662922438
GRCN_Google_108.png,0.628861115379
GRCN_Google_152.png,0.516990078045
GRCN_Google_207.png,0.484428598558
GRCN_Google_297.png,0.603525925999
GRCN_Google_308.png,0.498997546120
GRCN_Google_330.png,0.609002290039
GRCN_Google_340.png,0.522846113260
GRCN_Google_346.png,0.318007957435
GRCN_Google_385.png,0.873722317163
GRCN_Google_482.png,0.485794233649
GRCN_Google_509.png,0.562986309993
GRCN_Google_517.png,1.974767661046
GRCN_Google_538.png,0.673379310991
GRCN_Google_601.png,0.893108930522
GRCN_Google_696.png,0.801007242179
GRCN_Google_698.png,0.365934190918
GRCN_Google_713.png,0.209486514245
GSGL_Baidu_003.png,0.525183761390
GSGL_Baidu_005.png,1.766252105032
GSGL_Baidu_006.png,1.271976586649
GSGL_Baidu_012.png,0.857223101472
GSGL_Baidu_016.png,1.401629083320
GSGL_Baidu_019.png,1.085002048467
GSGL_Baidu_020.png,0.836686036401
GSGL_Baidu_028.png,0.713710441837
GSGL_Baidu_029.png,0.657030553633
GSGL_Baidu_032.png,0.839848932094
GSGL_Baidu_035.png,0.345940910450
GSGL_Baidu_036.png,1.164591003854
GSGL_Baidu_037.png,1.374365024103
GSGL_Baidu_038.png,0.517303022761
GSGL_Baidu_045.png,0.729084196280
GSGL_Baidu_047.png,2.160559446666
GSGL_Baidu_048.png,1.445988078832
GSGL_Baidu_051.png,0.522369975874
GSGL_Baidu_052.png,0.609401531108
GSGL_Baidu_056.png,0.626508963413
GSGL_Baidu_058.png,0.301222873727
GSGL_Baidu_060.png,0.902898986311
GSGL_Baidu_065.png,0.298665962949
GSGL_Baidu_071.png,1.232823729676
GSGL_Baidu_072.png,1.468707834682
GSGL_Baidu_075.png,0.405177954586
GSGL_Baidu_076.png,1.134869932160
GSGL_Baidu_078.png,0.490846159803
GSGL_Baidu_079.png,0.361350089619
GSGL_Baidu_085.png,0.603264759839
GSGL_Baidu_09.png,0.340575272204
GSGL_Baidu_093.png,0.465389996268
GSGL_Baidu_094.png,0.496130994379
GSGL_Baidu_1002.png,0.781795605495
GSGL_Baidu_1011.png,0.535193486751
GSGL_Baidu_1016.png,0.298176678711
GSGL_Baidu_1021.png,0.465804584500
GSGL_Baidu_1027.png,0.545231463376
GSGL_Baidu_1028.png,1.299259235377
GSGL_Baidu_1029.png,0.810497984118
GSGL_Baidu_1034.png,0.901298398809
GSGL_Baidu_1035.png,0.245005370041
GSGL_Baidu_1038.png,1.245163529079
GSGL_Baidu_104.png,0.309438635838
GSGL_Baidu_1040.png,0.442149226403
GSGL_Baidu_1046.png,0.320825837408
GSGL_Baidu_1053.png,0.605324668856
GSGL_Baidu_1054.png,0.223468639198
GSGL_Baidu_1059.png,0.648189476949
GSGL_Baidu_1066.png,0.384294280401
GSGL_Baidu_1072.png,0.379053098461
GSGL_Baidu_1074.png,0.558026540061
GSGL_Baidu_1077.png,1.216758007500
GSGL_Baidu_1084.png,1.032952905479
GSGL_Baidu_1086.png,1.281963175408
GSGL_Baidu_1087.png,0.308360977467
GSGL_Baidu_1088.png,0.618471114839
GSGL_Baidu_1089.png,0.196272762463
GSGL_Baidu_1102.png,0.885539713065
GSGL_Baidu_1104.png,1.191480388201
GSGL_Baidu_1121.png,0.441707661667
GSGL_Baidu_1122.png,0.670714806248
GSGL_Baidu_113.png,0.731418937307
GSGL_Baidu_1135.png,0.296726082651
GSGL_Baidu_1136.png,0.184095968546
GSGL_Baidu_1138.png,1.116785701568
GSGL_Baidu_1139.png,0.636760308197
GSGL_Baidu_1142.png,0.965513026826
GSGL_Baidu_1145.png,0.298106725378
GSGL_Baidu_1149.png,0.831815535106
GSGL_Baidu_1155.png,0.520366308609
GSGL_Baidu_1156.png,0.588770488936
GSGL_Baidu_1158.png,0.309663990555
GSGL_Baidu_1163.png,0.355652001132
GSGL_Baidu_1167.png,0.496091871126
GSGL_Baidu_1170.png,0.368976449967
GSGL_Baidu_1171.png,0.585880108113
GSGL_Baidu_1176.png,1.103725460460
GSGL_Baidu_1177.png,0.375735691655
GSGL_Baidu_1190.png,1.756369655531
GSGL_Baidu_1191.png,1.599912644134
GSGL_Baidu_1210.png,0.954564582241
GSGL_Baidu_1216.png,1.085911760956
GSGL_Baidu_1220.png,0.370157597694
GSGL_Baidu_1232.png,2.029690558331
GSGL_Baidu_1241.png,0.585115135923
GSGL_Baidu_1249.png,0.334631597536
GSGL_Baidu_1251.png,0.808425819535
GSGL_Baidu_1257.png,1.066232938967
GSGL_Baidu_1259.png,0.417342409749
GSGL_Baidu_1263.png,0.434320048413
GSGL_Baidu_1270.png,0.686749247021
GSGL_Baidu_133.png,0.266563320719
GSGL_Baidu_144.png,0.524595069033
GSGL_Baidu_145.png,0.373895233078
GSGL_Baidu_147.png,0.892504622256
GSGL_Baidu_148.png,0.369164655590
GSGL_Baidu_149.png,0.501344509723
GSGL_Baidu_156.png,0.337714895184
GSGL_Baidu_163.png,0.357371373026
GSGL_Baidu_173.png,0.652921202090
GSGL_Baidu_175.png,1.043413693779
GSGL_Baidu_179.png,0.480262308765
GSGL_Baidu_187.png,0.205412232924
GSGL_Baidu_196.png,0.443687824162
GSGL_Baidu_198.png,0.869663317711
GSGL_Baidu_200.png,0.690300169308
GSGL_Baidu_207.png,1.054623868698
GSGL_Baidu_211.png,1.821800332827
GSGL_Baidu_217.png,0.901887905343
GSGL_Baidu_220.png,0.562893804252
GSGL_Baidu_226.png,1.015887570250
GSGL_Baidu_229.png,1.555661366347
GSGL_Baidu_23.png,0.722415454744
GSGL_Baidu_249.png,0.748178980302
GSGL_Baidu_253.png,0.334867914767
GSGL_Baidu_261.png,0.461914064249
GSGL_Baidu_266.png,0.553379941071
GSGL_Baidu_270.png,0.462579109871
GSGL_Baidu_273.png,1.293861171541
GSGL_Baidu_281.png,1.288971577002
GSGL_Baidu_282.png,1.190285458432
GSGL_Baidu_288.png,0.646209743818
GSGL_Baidu_296.png,0.983447644549
GSGL_Baidu_300.png,0.308603671882
GSGL_Baidu_304.png,1.257662379594
GSGL_Baidu_308.png,0.582118979767
GSGL_Baidu_329.png,0.939491042288
GSGL_Baidu_330.png,1.128226824698
GSGL_Baidu_335.png,0.788042117038
GSGL_Baidu_35.png,0.441807322967
GSGL_Baidu_360.png,0.574477338062
GSGL_Baidu_390.png,0.764304258006
GSGL_Baidu_394.png,0.302870683975
GSGL_Baidu_399.png,0.344990633933
GSGL_Baidu_407.png,1.084459231286
GSGL_Baidu_412.png,0.532725473562
GSGL_Baidu_418.png,0.964183595225
GSGL_Baidu_424.png,0.856590850294
GSGL_Baidu_427.png,0.661292321158
GSGL_Baidu_448.png,0.929625385418
GSGL_Baidu_456.png,0.492862501003
GSGL_Baidu_458.png,1.042503766548
GSGL_Baidu_464.png,1.196670389319
GSGL_Baidu_465.png,0.530772109699
GSGL_Baidu_474.png,0.745517573538
GSGL_Baidu_476.png,0.370708919709
GSGL_Baidu_478.png,0.282056176856
GSGL_Baidu_479.png,1.261996589035
GSGL_Baidu_484.png,0.284241253261
GSGL_Baidu_489.png,0.545915934279
GSGL_Baidu_490.png,0.343914750644
GSGL_Baidu_495.png,0.768244234243
GSGL_Baidu_501.png,0.604310076632
GSGL_Baidu_529.png,0.423193284642
GSGL_Baidu_537.png,0.523259967749
GSGL_Baidu_559.png,0.194787058362
GSGL_Baidu_567.png,1.474072746014
GSGL_Baidu_570.png,1.111947833036
GSGL_Baidu_587.png,0.985250703666
GSGL_Baidu_596.png,0.842696409322
GSGL_Baidu_602.png,0.520769219347
GSGL_Baidu_604.png,0.664704801280
GSGL_Baidu_607.png,0.353227689115
GSGL_Baidu_610.png,0.334013016246
GSGL_Baidu_616.png,0.902760191613
GSGL_Baidu_619.png,0.283198015058
GSGL_Baidu_622.png,0.472556865849
GSGL_Baidu_623.png,0.401833386317
GSGL_Baidu_625.png,0.457622082073
GSGL_Baidu_627.png,0.602367753025
GSGL_Baidu_636.png,0.878298706938
GSGL_Baidu_644.png,0.499231959681
GSGL_Baidu_653.png,0.292210149295
GSGL_Baidu_654.png,0.825964889637
GSGL_Baidu_656.png,2.629181859152
GSGL_Baidu_662.png,0.287747770396
GSGL_Baidu_663.png,0.771950440400
GSGL_Baidu_665.png,0.455098121492
GSGL_Baidu_669.png,0.387629103045
GSGL_Baidu_677.png,0.372426198359
GSGL_Baidu_683.png,0.657284968509
GSGL_Baidu_684.png,0.468743460835
GSGL_Baidu_687.png,1.851904948526
GSGL_Baidu_688.png,0.706188529964
GSGL_Baidu_713.png,0.316941562590
GSGL_Baidu_715.png,0.225570737060
GSGL_Baidu_719.png,1.916467521326
GSGL_Baidu_723.png,0.297186798395
GSGL_Baidu_726.png,0.575384139156
GSGL_Baidu_734.png,0.579354994424
GSGL_Baidu_743.png,1.382101949733
GSGL_Baidu_751.png,0.888598841114
GSGL_Baidu_768.png,0.928928877775
GSGL_Baidu_769.png,1.360819927319
GSGL_Baidu_780.png,1.081815935857
GSGL_Baidu_781.png,1.165895861280
GSGL_Baidu_788.png,0.305342032532
GSGL_Baidu_789.png,1.165135492541
GSGL_Baidu_799.png,2.179131330335
GSGL_Baidu_808.png,1.857047820805
GSGL_Baidu_816.png,0.725928765252
GSGL_Baidu_817.png,0.377134638207
GSGL_Baidu_825.png,0.939151895228
GSGL_Baidu_829.png,1.163311252698
GSGL_Baidu_830.png,0.973809587153
GSGL_Baidu_845.png,0.626168495827
GSGL_Baidu_848.png,0.673224374084
GSGL_Baidu_850.png,0.336511189809
GSGL_Baidu_852.png,1.173574230177
GSGL_Baidu_866.png,0.788721844880
GSGL_Baidu_870.png,0.477333298056
GSGL_Baidu_873.png,0.304845998104
GSGL_Baidu_879.png,0.554631123804
GSGL_Baidu_882.png,0.425715970956
GSGL_Baidu_886.png,0.311156445448
GSGL_Baidu_894.png,0.376330929022
GSGL_Baidu_896.png,0.420520555652
GSGL_Baidu_900.png,0.743343941950
GSGL_Baidu_905.png,1.107031369155
GSGL_Baidu_906.png,0.297133407493
GSGL_Baidu_955.png,0.813939996860
GSGL_Baidu_957.png,0.697704663190
GSGL_Baidu_976.png,1.775531822785
GSGL_Baidu_981.png,0.425791247701
GSGL_Bing_015.png,0.653605111879
GSGL_Bing_018.png,0.896804814952
GSGL_Bing_025.png,0.404009463412
GSGL_Bing_027.png,1.566646406907
GSGL_Bing_034.png,0.829598920944
GSGL_Bing_040.png,0.476474460947
GSGL_Bing_046.png,0.927927920199
GSGL_Bing_049.png,1.053435259704
GSGL_Bing_059.png,1.029277016124
GSGL_Bing_083.png,0.771584068961
GSGL_Bing_092.png,1.106216948320
GSGL_Bing_095.png,0.515017655661
GSGL_Bing_113.png,0.507247644390
GSGL_Bing_115.png,0.464843764745
GSGL_Bing_122.png,0.928795569089
GSGL_Bing_136.png,0.650634302179
GSGL_Bing_149.png,0.573549359135
GSGL_Bing_161.png,1.375044000215
GSGL_Bing_167.png,1.005660210574
GSGL_Bing_171.png,2.246958881034
GSGL_Bing_181.png,0.766208093123
GSGL_Bing_184.png,0.588950160532
GSGL_Bing_193.png,0.593344860598
GSGL_Bing_198.png,0.780733035990
GSGL_Bing_210.png,0.288083890947
GSGL_Bing_217.png,0.801003417375
GSGL_Bing_231.png,0.573245668168
GSGL_Bing_261.png,0.573355377776
GSGL_Bing_264.png,1.175872145081
GSGL_Bing_267.png,1.109512576696
GSGL_Bing_272.png,0.993219893003
GSGL_Bing_274.png,1.005037752679
GSGL_Bing_327.png,0.790850205293
GSGL_Bing_333.png,1.258875940255
GSGL_Bing_337.png,1.105022124241
GSGL_Bing_341.png,1.647228100626
GSGL_Bing_349.png,0.490895287290
GSGL_Bing_354.png,1.362110583501
GSGL_Bing_355.png,0.956014938728
GSGL_Bing_372.png,0.946495493889
GSGL_Bing_378.png,1.782407015897
GSGL_Bing_408.png,0.493406938876
GSGL_Bing_413.png,0.479886017586
GSGL_Bing_417.png,1.331993452526
GSGL_Bing_434.png,0.908070139455
GSGL_Bing_439.png,1.267477511938
GSGL_Bing_44.png,1.268870750469
GSGL_Bing_446.png,1.160582832334
GSGL_Bing_447.png,0.526304906870
GSGL_Bing_448.png,1.857399773115
GSGL_Bing_521.png,1.122100614632
GSGL_Bing_528.png,0.633989220742
GSGL_Bing_535.png,0.609141090307
GSGL_Bing_538.png,2.353057828504
GSGL_Bing_543.png,0.756477804828
GSGL_Bing_567.png,0.560187652010
GSGL_Bing_573.png,1.151759918875
GSGL_Bing_597.png,1.856176524653
GSGL_Bing_651.png,0.840229135581
GSGL_Bing_665.png,0.485334737485
GSGL_Bing_668.png,0.750310012052
GSGL_Bing_678.png,0.516025826866
GSGL_Bing_681.png,0.227976164507
GSGL_Bing_686.png,1.839053037420
GSGL_Bing_688.png,0.516089965081
GSGL_Bing_71.png,0.843587020626
GSGL_Bing_754.png,0.455756134179
GSGL_Bing_756.png,0.467481792892
GSGL_Bing_787.png,1.436330396156
GSGL_Bing_820.png,0.704095976109
GSGL_Google_004.png,1.284249779539
GSGL_Google_007.png,1.718785019512
GSGL_Google_009.png,1.570554337153
GSGL_Google_013.png,1.499566147987
GSGL_Google_05.png,0.895424446723
GSGL_Google_073.png,0.605891158120
GSGL_Google_095.png,0.876212017301
GSGL_Google_120.png,0.873127434000
GSGL_Google_121.png,0.812107282069
GSGL_Google_14.png,1.052993692434
GSGL_Google_149.png,0.737991839245
GSGL_Google_15.png,1.348787406521
GSGL_Google_152.png,0.595363316954
GSGL_Google_20.png,1.024781904488
GSGL_Google_218.png,0.381926988822
GSGL_Google_227.png,0.776701817850
GSGL_Google_263.png,0.592795743325
GSGL_Google_269.png,0.934282432940
GSGL_Google_328.png,0.664683743711
GSGL_Google_335.png,1.815411970046
GSGL_Google_347.png,0.774455281836
GSGL_Google_365.png,2.476842042260
GSGL_Google_366.png,0.915707820924
GSGL_Google_371.png,0.769810436420
GSGL_Google_382.png,0.955773155757
GSGL_Google_396.png,0.422530950322
GSGL_Google_402.png,0.671058516348
GSGL_Google_418.png,0.739295615752
GSGL_Google_427.png,1.186398101483
GSGL_Google_442.png,0.947292968375
GSGL_Google_461.png,0.899725831373
GSGL_Google_47.png,0.769788790021
GSGL_Google_474.png,0.665076638225
GSGL_Google_485.png,0.820366831628
GSGL_Google_49.png,1.034500289799
GSGL_Google_515.png,0.988813018037
GSGL_Google_587.png,0.646114768085
GSGL_Google_600.png,0.615271995403
GSGL_Google_605.png,1.332779009736
GSGL_Google_655.png,0.983800582217
GSGL_Google_663.png,0.807160754427
GSGL_Google_700.png,0.530003821669
GSGL_Google_708.png,1.093420759089
GSGL_Google_723.png,0.870668005869
HC_Bing_355.png,0.572301131160
HC_Bing_368.png,1.581489715842
HC_Bing_388.png,1.054414385035
HC_Bing_660.png,0.637645314016
HC_Google_339.png,0.567418066010
HC_Google_345.png,0.395624394074
HC_Google_361.png,0.504553076505
HC_Google_364.png,0.348803268617
HC_Google_432.png,0.421274029676
HC_Google_450.png,0.599087224181
HC_Google_465.png,0.479045232084
HC_Google_471.png,1.078567904976
HC_Google_524.png,0.405876997597
HC_Google_543.png,0.565299280159
HC_Google_613.png,0.211135025137
HC_Google_696.png,0.699888338670
HEB_Baidu_003.png,2.495650197927
HEB_Baidu_008.png,1.368887840956
HEB_Baidu_012.png,0.572756607176
HEB_Baidu_024.png,1.977989039060
HEB_Baidu_036.png,1.293829130640
HEB_Baidu_038.png,0.417266756526
HEB_Baidu_042.png,1.373691457366
HEB_Baidu_043.png,1.048765273774
HEB_Baidu_05.png,0.896076046438
HEB_Baidu_054.png,1.374271678785
HEB_Baidu_056.png,1.389705580278
HEB_Baidu_058.png,0.464740137313
HEB_Baidu_062.png,2.095478077774
HEB_Baidu_068.png,0.836218515495
HEB_Baidu_070.png,1.071182069895
HEB_Baidu_075.png,0.462195437627
HEB_Baidu_089.png,0.970000751324
HEB_Baidu_09.png,0.509881447119
HEB_Baidu_103.png,0.706188408040
HEB_Baidu_107.png,0.563297239483
HEB_Baidu_109.png,1.199053830273
HEB_Baidu_144.png,1.283407463763
HEB_Baidu_148.png,0.836881677903
HEB_Baidu_15.png,1.307878038507
HEB_Baidu_156.png,1.783125785936
HEB_Baidu_165.png,2.059115662832
HEB_Baidu_169.png,0.888177682691
HEB_Baidu_171.png,0.921752822777
HEB_Baidu_199.png,0.616622361707
HEB_Baidu_203.png,3.431760160858
HEB_Baidu_216.png,0.927651527881
HEB_Baidu_218.png,0.607868712523
HEB_Baidu_228.png,1.743872395045
HEB_Baidu_235.png,0.605987684044
HEB_Baidu_238.png,0.582654799331
HEB_Baidu_250.png,1.093869999669
HEB_Baidu_265.png,1.107442097523
HEB_Baidu_273.png,0.386484938032
HEB_Baidu_279.png,1.936917241896
HEB_Baidu_28.png,2.087088105262
HEB_Baidu_301.png,0.934071207063
HEB_Baidu_309.png,1.068879799276
HEB_Baidu_328.png,1.697691702056
HEB_Baidu_335.png,0.435404837480
HEB_Baidu_342.png,1.484010829948
HEB_Baidu_369.png,0.835760222069
HEB_Baidu_372.png,1.146579620424
HEB_Baidu_381.png,0.858274136939
HEB_Baidu_385.png,0.476805464534
HEB_Baidu_416.png,0.696670384246
HEB_Baidu_432.png,1.755702057601
HEB_Baidu_438.png,0.756960577989
HEB_Baidu_441.png,0.341713624835
HEB_Baidu_453.png,0.705500548347
HEB_Baidu_455.png,0.815534608723
HEB_Baidu_458.png,1.113609390646
HEB_Baidu_462.png,1.036578991771
HEB_Baidu_464.png,0.547528325789
HEB_Baidu_468.png,0.499839440829
HEB_Baidu_472.png,0.574775953563
HEB_Baidu_496.png,1.159399817577
HEB_Baidu_497.png,0.857418766772
HEB_Baidu_500.png,1.399511587881
HEB_Baidu_501.png,1.929913372609
HEB_Baidu_506.png,0.479200135892
HEB_Baidu_508.png,0.549232408249
HEB_Baidu_513.png,0.850953353447
HEB_Baidu_515.png,1.642137383218
HEB_Baidu_521.png,1.534542994953
HEB_Baidu_530.png,3.631620111300
HEB_Baidu_534.png,0.557417847818
HEB_Baidu_554.png,0.654071749101
HEB_Baidu_560.png,0.625316358793
HEB_Baidu_569.png,0.900425463616
HEB_Baidu_588.png,0.572540751334
HEB_Baidu_589.png,0.588347864628
HEB_Baidu_594.png,0.246329427769
HEB_Baidu_610.png,0.678656508633
HEB_Baidu_636.png,2.180846133678
HEB_Baidu_669.png,1.606583293110
HEB_Baidu_678.png,0.399358953902
HEB_Baidu_680.png,1.227590965890
HEB_Baidu_683.png,0.302541396115
HEB_Baidu_685.png,1.004521113239
HEB_Baidu_693.png,0.361306753336
HEB_Baidu_698.png,0.802022559108
HEB_Baidu_706.png,1.373927138610
HEB_Baidu_711.png,0.685601276133
HEB_Baidu_723.png,0.531031154139
HEB_Baidu_729.png,0.836654353373
HEB_Baidu_753.png,0.802481307313
HEB_Baidu_772.png,0.696351682020
HEB_Baidu_782.png,0.372681889343
HEB_Baidu_786.png,1.479188612054
HEB_Baidu_802.png,0.658935141573
HEB_Baidu_804.png,1.453457221588
HEB_Baidu_806.png,0.567627456389
HEB_Baidu_810.png,0.460620166199
HEB_Baidu_815.png,0.943996519264
HEB_Baidu_831.png,0.943968175304
HEB_Baidu_848.png,0.422289771328
HEB_Baidu_866.png,0.704753327832
HEB_Baidu_873.png,0.263821863830
HEB_Baidu_878.png,0.715254390165
HEB_Baidu_885.png,0.931414224472
HEB_Baidu_887.png,0.534217858008
HEB_Bing_005.png,1.780098754694
HEB_Bing_013.png,2.903378528540
HEB_Bing_027.png,0.378876533272
HEB_Bing_029.png,0.774702033459
HEB_Bing_034.png,2.368728558229
HEB_Bing_066.png,0.677087619275
HEB_Bing_094.png,0.425215454991
HEB_Bing_108.png,0.474710351385
HEB_Bing_110.png,0.597693070345
HEB_Bing_112.png,0.464759695810
HEB_Bing_120.png,0.807179373509
HEB_Bing_122.png,0.356354620130
HEB_Bing_129.png,1.399931618585
HEB_Bing_131.png,1.848098098228
HEB_Bing_135.png,0.572231678608
HEB_Bing_136.png,0.708950779142
HEB_Bing_137.png,0.887245898851
HEB_Bing_170.png,0.419384119234
HEB_Bing_181.png,0.619855228116
HEB_Bing_194.png,1.660014152348
HEB_Bing_205.png,2.484623652073
HEB_Bing_207.png,0.745783435882
HEB_Bing_217.png,0.821845093607
HEB_Bing_221.png,0.744116137569
HEB_Bing_232.png,0.558754272355
HEB_Bing_233.png,1.493721898178
HEB_Bing_237.png,1.930707305313
HEB_Bing_254.png,0.703549405467
HEB_Bing_269.png,1.063075758352
HEB_Bing_274.png,1.068647112503
HEB_Bing_303.png,0.911527929155
HEB_Bing_308.png,0.508672753285
HEB_Bing_320.png,0.917263619956
HEB_Bing_331.png,0.411800876712
HEB_Bing_340.png,0.277086630937
HEB_Bing_35.png,0.368424056068
HEB_Bing_365.png,0.450611873024
HEB_Bing_39.png,1.144662614028
HEB_Bing_396.png,0.387115827793
HEB_Bing_398.png,0.278929893510
HEB_Bing_403.png,0.443498080835
HEB_Bing_405.png,1.052659651189
HEB_Bing_414.png,1.303913687882
HEB_Bing_421.png,0.520777811453
HEB_Bing_437.png,0.777796034207
HEB_Bing_444.png,0.700370497757
HEB_Bing_452.png,0.921163121683
HEB_Bing_463.png,0.994880858802
HEB_Bing_465.png,0.497337160127
HEB_Bing_481.png,0.569368106725
HEB_Bing_490.png,0.515432375169
HEB_Bing_510.png,1.190645666043
HEB_Bing_511.png,0.283127774512
HEB_Bing_527.png,0.933171719299
HEB_Bing_532.png,0.969764549425
HEB_Bing_546.png,0.913851798603
HEB_Bing_548.png,1.117170992021
HEB_Bing_549.png,0.993012292828
HEB_Bing_550.png,0.612509225736
HEB_Bing_560.png,0.628313243217
HEB_Bing_587.png,0.448516638326
HEB_Bing_590.png,1.693273012780
HEB_Bing_599.png,0.583266798085
HEB_Bing_613.png,0.502203366489
HEB_Bing_653.png,0.347416054251
HEB_Bing_671.png,1.373453571603
HEB_Bing_688.png,1.273883712049
HEB_Google_014.png,0.716683794683
HEB_Google_030.png,1.699000488228
HEB_Google_043.png,0.654848862969
HEB_Google_056.png,0.429453379077
HEB_Google_057.png,0.271368265631
HEB_Google_102.png,0.792920186234
HEB_Google_125.png,0.446891848465
HEB_Google_128.png,1.076997555855
HEB_Google_137.png,0.462380685236
HEB_Google_139.png,0.993863831402
HEB_Google_154.png,0.793519986861
HEB_Google_16.png,0.595156762267
HEB_Google_171.png,0.850096839984
HEB_Google_189.png,0.850460136601
HEB_Google_193.png,0.833954240257
HEB_Google_197.png,0.696380897447
HEB_Google_200.png,0.986069926956
HEB_Google_202.png,0.446988205163
HEB_Google_22.png,0.472879068133
HEB_Google_257.png,0.497762804241
HEB_Google_258.png,0.396595215374
HEB_Google_262.png,0.406768366726
HEB_Google_272.png,0.855428024933
HEB_Google_282.png,0.420106867576
HEB_Google_305.png,1.081907968253
HEB_Google_315.png,0.455403241919
HEB_Google_334.png,1.569936400032
HEB_Google_351.png,0.567992555463
HEB_Google_376.png,1.201105831883
HEB_Google_378.png,1.122295857031
HEB_Google_391.png,0.439410879786
HEB_Google_398.png,0.373871484725
HEB_Google_399.png,0.294560305725
HEB_Google_425.png,0.588007202820
HEB_Google_442.png,0.824590617304
HEB_Google_471.png,2.017882306546
HEB_Google_477.png,1.067008939836
HEB_Google_483.png,0.710067534462
HEB_Google_518.png,1.125898671658
HEB_Google_547.png,0.608108059401
HEB_Google_550.png,0.371233789593
HEB_Google_556.png,0.387385259662
HEB_Google_558.png,0.937246706621
HEB_Google_563.png,0.462911948676
HEB_Google_564.png,0.509022658506
HEB_Google_573.png,0.250484921694
HEB_Google_582.png,1.640934183140
HEB_Google_591.png,0.221300731183
HEB_Google_593.png,0.492856851516
HEB_Google_599.png,0.443840909750
HEB_Google_609.png,0.769305597580
HEB_Google_615.png,0.782986386574
HEB_Google_618.png,0.501118126379
HEB_Google_640.png,0.687502727494
HEB_Google_644.png,1.911545486611
HEB_Google_651.png,0.562580907801
HEB_Google_657.png,0.413207799729
HEB_Google_664.png,1.078113270367
HF_Baidu_013.png,0.858243316126
HF_Baidu_017.png,1.676004885508
HF_Baidu_021.png,0.784764075518
HF_Baidu_043.png,0.884310610267
HF_Baidu_045.png,0.723061216173
HF_Baidu_053.png,0.662207824368
HF_Baidu_060.png,0.679412848955
HF_Baidu_081.png,1.352641207861
HF_Baidu_086.png,0.463896660113
HF_Baidu_102.png,0.480492622441
HF_Baidu_116.png,1.305737606885
HF_Baidu_121.png,0.831960076954
HF_Baidu_122.png,1.211879940521
HF_Baidu_124.png,0.755755360864
HF_Baidu_128.png,0.749299452365
HF_Baidu_130.png,2.795100032459
HF_Baidu_133.png,0.561083654594
HF_Baidu_136.png,0.340341475502
HF_Baidu_146.png,0.654510384409
HF_Baidu_147.png,0.645082569547
HF_Baidu_148.png,1.246597404904
HF_Baidu_15.png,0.935821832023
HF_Baidu_154.png,0.254813163491
HF_Baidu_155.png,0.533624764107
HF_Baidu_156.png,0.493834930482
HF_Baidu_158.png,0.662270617992
HF_Baidu_170.png,1.001635418933
HF_Baidu_18.png,0.912548851743
HF_Baidu_202.png,1.154415204346
HF_Baidu_208.png,0.966737924004
HF_Baidu_209.png,1.989995984362
HF_Baidu_214.png,0.742698893648
HF_Baidu_219.png,0.999478530705
HF_Baidu_220.png,0.712994869229
HF_Baidu_228.png,0.397252698084
HF_Baidu_229.png,0.865251756893
HF_Baidu_243.png,0.957518292402
HF_Baidu_247.png,0.622120739380
HF_Baidu_253.png,0.784671561710
HF_Baidu_266.png,0.784203503457
HF_Baidu_290.png,0.623289186523
HF_Baidu_291.png,1.519578926331
HF_Baidu_296.png,0.616812446032
HF_Baidu_30.png,0.486699191692
HF_Baidu_305.png,1.316271557351
HF_Baidu_321.png,1.889811861205
HF_Baidu_341.png,0.765070226699
HF_Baidu_358.png,1.779193110236
HF_Baidu_368.png,0.253045802739
HF_Baidu_386.png,0.959183340962
HF_Baidu_420.png,0.801830987775
HF_Baidu_421.png,0.383020848564
HF_Baidu_441.png,0.495339072372
HF_Baidu_446.png,0.613418965619
HF_Baidu_454.png,1.578783644062
HF_Baidu_461.png,0.616048084191
HF_Baidu_499.png,0.280089856635
HF_Baidu_510.png,0.948225819918
HF_Bing_028.png,0.983316856416
HF_Bing_033.png,0.584065610091
HF_Bing_037.png,0.659657461463
HF_Bing_038.png,0.646781710476
HF_Bing_055.png,0.582538133954
HF_Bing_100.png,0.880948252150
HF_Bing_11.png,1.997109495897
HF_Bing_114.png,1.199869640314
HF_Bing_137.png,0.827999685789
HF_Bing_14.png,0.642501808215
HF_Bing_141.png,0.434080603868
HF_Bing_172.png,1.843802807895
HF_Bing_214.png,0.933095455995
HF_Bing_227.png,0.306380563248
HF_Bing_250.png,0.759340928861
HF_Bing_256.png,1.949983928099
HF_Bing_269.png,0.527320019517
HF_Bing_283.png,0.444529747378
HF_Bing_311.png,0.515347414785
HF_Bing_365.png,0.697500486059
HF_Bing_366.png,1.810328064499
HF_Bing_367.png,0.486917011117
HF_Bing_401.png,0.929492916695
HF_Bing_420.png,0.302502030408
HF_Bing_451.png,0.665464489692
HF_Bing_585.png,0.430610955297
HF_Bing_589.png,0.670162018863
HF_Bing_591.png,1.020272727749
HF_Bing_599.png,0.222574912853
HF_Bing_60.png,0.351666943143
HF_Bing_601.png,0.422560892433
HF_Bing_610.png,0.393455072842
HF_Bing_627.png,0.373094277515
HF_Bing_656.png,1.168815401408
HF_Bing_669.png,0.515878610852
HF_Bing_674.png,0.848023348598
HF_Bing_679.png,0.511482812068
HF_Bing_685.png,0.875915664288
HF_Bing_709.png,0.665050478187
HF_Bing_718.png,0.845002356791
HF_Bing_732.png,0.419508111504
HF_Bing_733.png,0.329355031753
HF_Bing_735.png,2.347806575466
HF_Bing_737.png,0.569493674184
HF_Bing_777.png,0.672910284887
HF_Bing_826.png,1.009028766731
HF_Bing_836.png,1.456068696688
HF_Bing_890.png,0.765067613234
HF_Google_016.png,0.736211549120
HF_Google_025.png,0.868787070614
HF_Google_027.png,1.003454103157
HF_Google_045.png,0.424091411016
HF_Google_047.png,0.930779490279
HF_Google_057.png,1.276243396749
HF_Google_085.png,0.899944454333
HF_Google_091.png,0.590100464307
HF_Google_094.png,0.587563685218
HF_Google_102.png,1.470904145714
HF_Google_103.png,0.811896527749
HF_Google_116.png,0.961205221976
HF_Google_121.png,0.933080147365
HF_Google_122.png,0.518426143201
HF_Google_133.png,1.564557414611
HF_Google_136.png,0.322899553223
HF_Google_142.png,0.607862755898
HF_Google_153.png,0.461842679868
HF_Google_160.png,1.090901828836
HF_Google_161.png,0.793867873880
HF_Google_177.png,1.370451190936
HF_Google_179.png,0.549238556319
HF_Google_193.png,1.009175045774
HF_Google_194.png,1.017321359806
HF_Google_231.png,0.651931273915
HF_Google_246.png,0.879135989329
HF_Google_272.png,0.529067615514
HF_Google_283.png,0.219850334881
HF_Google_312.png,0.477038288812
HF_Google_313.png,0.882007048783
HF_Google_328.png,0.884552179807
HF_Google_331.png,0.687074087935
HF_Google_337.png,0.382092773510
HF_Google_339.png,1.109806613868
HF_Google_340.png,1.235902111435
HF_Google_381.png,0.714793663191
HF_Google_396.png,0.495458447668
HF_Google_406.png,0.383320581122
HF_Google_427.png,0.672774857333
HF_Google_443.png,0.823373328842
HF_Google_447.png,1.410432138876
HF_Google_472.png,1.454023459157
HF_Google_501.png,0.808644016017
HF_Google_504.png,1.230298137135
HF_Google_511.png,1.618415802864
HF_Google_527.png,0.836259905337
HF_Google_531.png,1.118477091310
HF_Google_533.png,0.942108616508
HF_Google_556.png,0.384468045867
HF_Google_559.png,0.461296827438
HF_Google_570.png,1.095455822075
HF_Google_571.png,1.012799181638
HF_Google_576.png,0.448784779273
HF_Google_610.png,0.863712096667
HF_Google_623.png,1.158394310432
HF_Google_649.png,0.482636253235
HF_Google_665.png,1.229230559668
HF_Google_668.png,2.145805281496
HF_Google_677.png,1.215346133227
HF_Google_702.png,0.672554330296
HF_Google_725.png,0.943327317880
HF_Google_747.png,0.560570393808
HF_Google_759.png,0.932344693035
HF_Google_807.png,0.695203193326
HF_Google_860.png,0.362219706632
HF_Google_861.png,0.513913442165
HazeDr_Bing_178.png,0.629516004799
HazeDr_Bing_233.png,1.864235243219
HazeDr_Bing_252.png,0.552635896435
HazeDr_Bing_330.png,0.988934976637
HazeDr_Bing_337.png,0.925752605846
HazeDr_Bing_418.png,0.430771526812
HazeDr_Bing_453.png,0.771828231138
HazeDr_Bing_460.png,0.595736997781
HazeDr_Bing_549.png,0.822609761463
HazeDr_Bing_647.png,2.077374112002
HazeDr_Bing_655.png,0.772083938247
HazeDr_Bing_763.png,0.716108838540
HazeDr_Google_123.png,0.664556391800
HazeDr_Google_125.png,0.730748517283
HazeDr_Google_130.png,0.809798369637
HazeDr_Google_146.png,0.884111577416
HazeDr_Google_183.png,1.158871616444
HazeDr_Google_192.png,0.670643187446
HazeDr_Google_212.png,0.957482670000
HazeDr_Google_213.png,0.509108687307
HazeDr_Google_241.png,1.121799425577
HazeDr_Google_273.png,0.562504898347
HazeDr_Google_293.png,0.589536215443
HazeDr_Google_328.png,0.838861704791
HazeDr_Google_355.png,1.899267111214
HazeDr_Google_365.png,1.272704938948
HazeDr_Google_375.png,1.189236633796
HazeDr_Google_381.png,1.430280302886
HazeDr_Google_402.png,1.591118813466
HazeDr_Google_404.png,0.475525429315
HazeDr_Google_415.png,0.999155024837
HazeDr_Google_421.png,0.546844274516
HazeDr_Google_432.png,0.566540803075
HazeDr_Google_433.png,1.431133135299
HazeDr_Google_434.png,1.738481051275
HazeDr_Google_450.png,2.594241109389
HazeDr_Google_510.png,1.216501723860
HazeDr_Google_512.png,0.686054273068
HazeDr_Google_551.png,1.316539477566
HazeDr_Google_554.png,1.676040592611
HazeDr_Google_560.png,0.949981242548
HazeDr_Google_568.png,0.674870831729
HazeDr_Google_569.png,0.376071898698
HazeDr_Google_582.png,0.412203805002
HazeDr_Google_584.png,1.014168414084
HazeDr_Google_590.png,1.166625022535
HazeDr_Google_593.png,0.995173633869
HazeDr_Google_594.png,2.253412901155
HazeDr_Google_597.png,0.451142868085
HazeDr_Google_603.png,0.757962770534
HazeDr_Google_614.png,0.938136820416
HazeDr_Google_625.png,1.625447774642
HazeDr_Google_63.png,1.336720088083
HazeDr_Google_630.png,0.578058452720
HazeDr_Google_633.png,0.580436645003
HazeDr_Google_636.png,0.932928441061
HazeDr_Google_637.png,0.518066314349
HazeDr_Google_640.png,0.953125773509
HazeDr_Google_646.png,0.792307944514
HazeDr_Google_648.png,0.645200781555
HazeDr_Google_649.png,0.631291669763
HazeDr_Google_651.png,1.169775895987
HazeDr_Google_657.png,2.737703890474
HazeDr_Google_667.png,0.583865186725
HazeDr_Google_673.png,0.663812432004
HazeDr_Google_692.png,0.711243844949
HazeDr_Google_693.png,0.669830762918
HazeDr_Google_703.png,0.316916346438
HazeDr_Google_704.png,1.033386833543
HazeDr_Google_709.png,0.871489755732
HazeDr_Google_719.png,0.635419745360
HazeDr_Google_724.png,1.089171950617
HazeDr_Google_726.png,0.889523976169
HazeDr_Google_740.png,0.543114704414
HazeDr_Google_75.png,0.676088248965
HazeDr_Google_760.png,1.231149948948
HazeDr_Google_766.png,0.792717779268
HazeDr_Google_767.png,0.825937440581
HazeDr_Google_772.png,0.563434974206
HazeDr_Google_787.png,0.887742597378
HazeDr_Google_802.png,0.408501221536
HazeDr_Google_809.png,0.601940780633
HazeDr_Google_813.png,0.786947005371
HazeDr_Google_838.png,0.738914745246
HazeDr_Google_845.png,0.529412055106
HazyDr_Bing_089.png,0.253307895511
HazyDr_Bing_126.png,0.554309731017
HazyDr_Bing_132.png,0.638882236104
HazyDr_Bing_158.png,0.677280876195
HazyDr_Bing_194.png,0.735372876857
HazyDr_Bing_228.png,0.367425939298
HazyDr_Bing_296.png,0.454135988763
HazyDr_Bing_300.png,0.419868966407
HazyDr_Bing_320.png,1.000409073201
HazyDr_Bing_376.png,1.113403910870
HazyDr_Bing_420.png,1.429489094595
HazyDr_Bing_543.png,0.566120369894
HazyDr_Bing_557.png,0.196128269222
HazyDr_Bing_569.png,1.144235376964
HazyDr_Bing_780.png,0.393847282696
HazyDr_Bing_800.png,0.390769919638
HazyDr_Bing_820.png,0.434355345184
HazyDr_Google_054.png,0.561375505667
HazyDr_Google_057.png,0.577108460564
HazyDr_Google_059.png,0.559747645707
HazyDr_Google_060.png,1.155362613237
HazyDr_Google_118.png,1.654522484045
HazyDr_Google_138.png,0.505061189422
HazyDr_Google_140.png,0.945098159726
HazyDr_Google_153.png,2.327518554119
HazyDr_Google_165.png,0.593676321591
HazyDr_Google_185.png,0.892184875518
HazyDr_Google_188.png,0.781228093285
HazyDr_Google_240.png,0.504566305228
HazyDr_Google_277.png,0.914766295025
HazyDr_Google_289.png,1.351542236232
HazyDr_Google_298.png,0.835251667302
HazyDr_Google_324.png,1.103481032398
HazyDr_Google_359.png,0.657647046867
HazyDr_Google_384.png,0.411392133525
HazyDr_Google_475.png,0.703094743601
HazyDr_Google_476.png,0.884217727714
HazyDr_Google_602.png,0.345081486658
HazyDr_Google_622.png,0.464158192773
HazyDr_Google_647.png,0.500724864090
HazyDr_Google_678.png,1.077193677693
HazyDr_Google_753.png,0.567610519943
HazyDr_Google_798.png,0.451579241470
IRQ_Bing_005.png,0.242824223022
IRQ_Bing_007.png,0.392856214823
IRQ_Bing_017.png,0.502571730722
IRQ_Bing_018.png,0.232518575504
IRQ_Bing_078.png,0.473382642824
IRQ_Bing_101.png,0.556123893611
IRQ_Bing_113.png,0.460799407621
IRQ_Bing_146.png,0.585290556785
IRQ_Bing_228.png,1.679943802209
IRQ_Bing_250.png,0.514144838965
IRQ_Bing_257.png,0.201929379676
IRQ_Bing_263.png,0.829656036550
IRQ_Bing_29.png,0.247089743407
IRQ_Bing_399.png,0.223681125563
IRQ_Bing_460.png,0.461470301795
IRQ_Bing_516.png,0.594743241471
IRQ_Bing_674.png,0.270697411064
IRQ_Bing_775.png,0.506545057468
IRQ_Google_010.png,0.610581244191
IRQ_Google_027.png,1.100736971022
IRQ_Google_030.png,0.427591489203
IRQ_Google_077.png,1.003299874162
IRQ_Google_084.png,1.663649600404
IRQ_Google_109.png,0.745296968551
IRQ_Google_115.png,0.522177070729
IRQ_Google_121.png,0.353589183576
IRQ_Google_136.png,0.422826459941
IRQ_Google_147.png,0.814228314819
IRQ_Google_148.png,0.631668906270
IRQ_Google_161.png,1.119326145951
IRQ_Google_210.png,0.609370855330
IRQ_Google_211.png,0.789840602950
IRQ_Google_243.png,1.426275123279
IRQ_Google_250.png,0.724403594778
IRQ_Google_260.png,0.717393913351
IRQ_Google_314.png,1.948424887212
IRQ_Google_323.png,0.876925632260
IRQ_Google_327.png,0.646119499144
IRQ_Google_422.png,0.803033628223
IRQ_Google_46.png,0.634770491181
IRQ_Google_464.png,0.316747178116
IRQ_Google_468.png,0.954862083146
IRQ_Google_470.png,0.554335404553
IRQ_Google_476.png,0.425051203351
IRQ_Google_484.png,0.485670574505
IRQ_Google_490.png,0.389560151688
IRQ_Google_494.png,0.439389074271
IRQ_Google_495.png,0.710433630261
IRQ_Google_508.png,0.894227339955
IRQ_Google_510.png,0.452376200272
IRQ_Google_523.png,0.553156409454
IRQ_Google_525.png,0.456083424995
IRQ_Google_533.png,2.766577167084
IRQ_Google_540.png,0.646964615785
IRQ_Google_658.png,0.764588936148
JL_Baidu_000.png,0.778045335218
JL_Baidu_014.png,0.806005976373
JL_Baidu_016.png,1.042178676048
JL_Baidu_057.png,1.402371161704
JL_Baidu_089.png,0.492291611747
JL_Baidu_093.png,1.033820321343
JL_Baidu_110.png,0.695328346448
JL_Baidu_138.png,0.377731555282
JL_Baidu_145.png,1.036183886282
JL_Baidu_146.png,1.313874462473
JL_Baidu_150.png,0.326063716241
JL_Baidu_153.png,0.549269926451
JL_Baidu_198.png,0.388408285629
JL_Baidu_230.png,0.755078461303
JL_Baidu_231.png,3.637828742845
JL_Baidu_232.png,0.944547191432
JL_Bing_002.png,0.853556156337
JL_Bing_014.png,1.531000378414
JL_Bing_05.png,0.608843966662
JL_Bing_055.png,0.420727360027
JL_Bing_064.png,0.815374762063
JL_Bing_081.png,1.844879928326
JL_Bing_169.png,1.023827662280
JL_Bing_196.png,0.406231557324
JL_Bing_224.png,0.698192889901
JL_Bing_225.png,0.643494002453
JL_Bing_238.png,2.192668723891
JL_Bing_257.png,0.425875765235
JL_Bing_282.png,0.525925749818
JL_Bing_429.png,0.399754579916
JL_Bing_431.png,0.598342193455
JL_Bing_568.png,0.745290662057
JL_Bing_61.png,1.768148346188
JL_Bing_627.png,0.526153439459
JL_Bing_674.png,0.402523016819
JL_Bing_683.png,0.284726980206
JL_Bing_684.png,0.914735716386
JL_Bing_708.png,0.799254177818
JL_Bing_730.png,0.793807033826
JL_Bing_751.png,0.873223601013
JL_Bing_767.png,1.863150266654
JL_Bing_786.png,1.072184740704
JL_Bing_804.png,0.669692270146
JL_Google_011.png,0.979826686764
JL_Google_038.png,0.411835949225
JL_Google_095.png,0.763246265667
JL_Google_104.png,0.415489497671
JL_Google_115.png,0.861041144416
JL_Google_116.png,0.935516972370
JL_Google_137.png,0.255708360576
JL_Google_143.png,0.517012681574
JL_Google_145.png,1.626449880712
JL_Google_152.png,0.309735025085
JL_Google_177.png,0.363075088375
JL_Google_179.png,1.901151081611
JL_Google_227.png,0.187664994293
JL_Google_237.png,2.229923764163
JL_Google_24.png,0.322311469506
JL_Google_254.png,0.625522050005
JL_Google_255.png,0.632646626193
JL_Google_263.png,0.902085150645
JL_Google_288.png,0.651176473826
JL_Google_289.png,0.858116920506
JL_Google_290.png,0.610557390281
JL_Google_299.png,1.121214544444
JL_Google_327.png,0.444596929330
JL_Google_354.png,0.715207889134
JL_Google_397.png,0.981703401785
JL_Google_407.png,1.003414609364
JL_Google_412.png,0.449716118727
JL_Google_413.png,1.248577830563
JL_Google_421.png,0.639374574979
JL_Google_423.png,0.524985135595
JL_Google_463.png,0.417486110440
JL_Google_464.png,0.467235427472
JL_Google_497.png,0.896180629448
JL_Google_498.png,1.298794775106
JL_Google_502.png,1.397949354256
JL_Google_505.png,0.673414259550
JL_Google_538.png,0.759919920849
JL_Google_588.png,0.714175932096
JL_Google_589.png,1.404183561843
JL_Google_592.png,0.592320630732
JL_Google_595.png,0.867177626314
JL_Google_614.png,0.984207647092
JL_Google_620.png,0.947041157871
JL_Google_621.png,0.704105673523
JL_Google_627.png,1.391562352235
JL_Google_641.png,0.313253770287
JL_Google_66.png,0.793177175877
JL_Google_674.png,1.018242897149
JL_Google_713.png,0.468288918446
JL_Google_752.png,0.285870592759
JL_Google_753.png,0.209312165311
JL_Google_781.png,0.573891304889
KRO_Google_003.png,0.485711802569
KRO_Google_014.png,0.540097953440
KRO_Google_015.png,0.925446696622
KRO_Google_017.png,0.446007488650
KRO_Google_034.png,1.762849223595
KRO_Google_036.png,0.416538225052
KRO_Google_060.png,0.364899623250
KRO_Google_079.png,1.548565265061
KRO_Google_113.png,0.589856702430
KRO_Google_142.png,0.995444135887
KRO_Google_162.png,0.491027988656
KRO_Google_20.png,0.586515718145
KRO_Google_293.png,0.676842617878
KRO_Google_307.png,0.688069998786
KRO_Google_311.png,0.965384787578
KRO_Google_317.png,1.542625437107
KRO_Google_344.png,0.531788503177
KRO_Google_348.png,0.874067124996
KRO_Google_371.png,0.619982869431
KRO_Google_375.png,0.435382221033
KRO_Google_380.png,0.995337372525
KRO_Google_419.png,1.639674384471
KRO_Google_452.png,0.608567111904
KRO_Google_461.png,0.728984735085
KRO_Google_465.png,1.199405797538
KRO_Google_480.png,1.777947745299
KRO_Google_490.png,1.006709254219
KRO_Google_495.png,0.684638133724
KRO_Google_499.png,0.830063295509
KRO_Google_523.png,0.967542380946
KRO_Google_539.png,0.861378319422
KRO_Google_546.png,0.325971228123
KRO_Google_554.png,0.479059786984
KRO_Google_571.png,0.338555892887
KRO_Google_576.png,1.373919236539
KRO_Google_58.png,0.971324040610
KRO_Google_616.png,0.620741474418
LSJ_Baidu_065.png,0.739892898299
LSJ_Baidu_1078.png,0.665727655736
LSJ_Baidu_110.png,2.053122716231
LSJ_Baidu_1140.png,1.027883479258
LSJ_Baidu_1141.png,1.055198991770
LSJ_Baidu_1193.png,0.570146882780
LSJ_Baidu_1218.png,0.417220225408
LSJ_Baidu_1263.png,0.297216351369
LSJ_Baidu_165.png,1.185467267767
LSJ_Baidu_206.png,1.370095791812
LSJ_Baidu_240.png,1.488432783129
LSJ_Baidu_351.png,0.177265692363
LSJ_Baidu_518.png,1.622655295026
LSJ_Baidu_596.png,0.367776414775
LSJ_Baidu_670.png,0.174152424623
LSJ_Baidu_736.png,0.971195700433
LSJ_Baidu_810.png,1.454107317369
LSJ_Baidu_830.png,1.049827369577
LSJ_Baidu_869.png,0.891922996807
LSJ_Baidu_879.png,0.636538630728
LSJ_Baidu_882.png,0.537777178283
LSJ_Baidu_890.png,0.421252986581
LSJ_Baidu_900.png,1.100841267966
LSJ_Baidu_905.png,0.367536856642
LSJ_Baidu_946.png,0.515106222596
LSJ_Baidu_954.png,0.484036557972
LSJ_Baidu_975.png,0.644098358074
LSJ_Baidu_990.png,0.911449937189
LSJ_Baidu_999.png,0.864189010940
LSJ_Bing_095.png,0.851828204277
LSJ_Bing_130.png,0.544954777049
LSJ_Bing_150.png,0.802243321645
LSJ_Bing_197.png,0.420917803027
LSJ_Bing_226.png,0.395792069954
LSJ_Bing_234.png,0.793714605136
LSJ_Bing_267.png,1.073707986081
LSJ_Bing_313.png,1.002643315914
LSJ_Bing_381.png,0.538753644033
LSJ_Bing_453.png,0.320416252789
LSJ_Bing_523.png,0.531455945015
LSJ_Bing_552.png,2.619292297463
LSJ_Google_03.png,0.422155698381
LSJ_Google_232.png,0.383017555037
LSJ_Google_233.png,0.527869066581
LSJ_Google_260.png,0.333334659154
LZ_Baidu_059.png,0.527655576477
LZ_Baidu_094.png,0.988474258973
LZ_Baidu_121.png,0.845160043420
LZ_Baidu_130.png,0.657442502892
LZ_Baidu_159.png,0.394121829631
LZ_Baidu_173.png,0.474547663615
LZ_Baidu_175.png,0.469047339052
LZ_Baidu_182.png,0.316218591307
LZ_Baidu_194.png,1.007094955669
LZ_Baidu_204.png,0.405871091237
LZ_Baidu_221.png,0.336194401614
LZ_Baidu_230.png,1.158381806990
LZ_Bing_019.png,0.238552961773
LZ_Bing_030.png,0.489891977322
LZ_Bing_044.png,0.509276817600
LZ_Bing_060.png,0.399641131744
LZ_Bing_070.png,0.525373520175
LZ_Bing_081.png,0.393349433777
LZ_Bing_085.png,0.853717952119
LZ_Bing_088.png,0.262804938081
LZ_Bing_111.png,0.722183833931
LZ_Bing_15.png,0.799502410875
LZ_Bing_279.png,1.604343667383
LZ_Bing_287.png,0.569563952436
LZ_Bing_291.png,0.382550100601
LZ_Bing_313.png,1.922573432222
LZ_Bing_323.png,0.863292981473
LZ_Bing_332.png,0.956859017867
LZ_Bing_34.png,1.397379230434
LZ_Bing_349.png,1.113028596305
LZ_Bing_454.png,0.453554761431
LZ_Bing_573.png,0.781374691164
LZ_Bing_658.png,0.561061712113
LZ_Bing_813.png,0.687020951924
LZ_Bing_871.png,0.391655996302
LZ_Google_014.png,1.166099983042
LZ_Google_352.png,0.386605811421
LZ_Google_355.png,1.268468839061
LZ_Google_411.png,0.427717858607
LZ_Google_416.png,0.318114498823
LZ_Google_438.png,2.205696722405
MLS_Bing_019.png,0.328532915333
MLS_Bing_034.png,0.547236206644
MLS_Bing_036.png,1.605511638821
MLS_Bing_046.png,0.560182630817
MLS_Bing_068.png,0.509812469196
MLS_Bing_085.png,2.285126118370
MLS_Bing_095.png,0.710466430549
MLS_Bing_108.png,0.507390505304
MLS_Bing_115.png,0.320963967730
MLS_Bing_118.png,1.580303646708
MLS_Bing_123.png,0.501508777103
MLS_Bing_130.png,0.744703897693
MLS_Bing_132.png,0.418400477088
MLS_Bing_141.png,0.892059410953
MLS_Bing_168.png,0.597071470884
MLS_Bing_174.png,0.933507661735
MLS_Bing_176.png,0.496115346195
MLS_Bing_194.png,0.589803059733
MLS_Bing_200.png,0.513899112996
MLS_Bing_215.png,1.298750252378
MLS_Bing_242.png,0.477314236139
MLS_Bing_265.png,0.353295571276
MLS_Bing_326.png,0.889897614376
MLS_Bing_335.png,0.625875789190
MLS_Bing_343.png,0.496705114385
MLS_Bing_386.png,0.778397499260
MLS_Bing_388.png,0.378100094223
MLS_Bing_395.png,0.353309076604
MLS_Bing_432.png,1.086043586279
MLS_Bing_435.png,0.675981552079
MLS_Bing_456.png,0.418072626239
MLS_Bing_507.png,0.462236941896
MLS_Bing_517.png,0.861755532056
MLS_Bing_518.png,1.177855276457
MLS_Bing_550.png,0.639445996189
MLS_Bing_552.png,0.512330481527
MLS_Bing_594.png,0.381018798092
MLS_Bing_600.png,0.449231916224
MLS_Bing_637.png,1.184952672183
MLS_Bing_667.png,0.481884426960
MLS_Bing_686.png,0.750182001161
MLS_Bing_688.png,0.408529018059
MLS_Bing_711.png,1.024235169093
MLS_Bing_737.png,0.243051551205
MLS_Bing_747.png,0.595413041244
MLS_Bing_770.png,0.266027218648
MLS_Google_001.png,0.595545879541
MLS_Google_010.png,1.201206688986
MLS_Google_022.png,1.223968150458
MLS_Google_033.png,0.851916409352
MLS_Google_036.png,2.284815446162
MLS_Google_037.png,0.572316707874
MLS_Google_042.png,0.671649217466
MLS_Google_059.png,0.856098757370
MLS_Google_06.png,0.582553448275
MLS_Google_060.png,0.366262255039
MLS_Google_068.png,0.497696447529
MLS_Google_069.png,1.026569807053
MLS_Google_076.png,0.751018033293
MLS_Google_078.png,0.528614049329
MLS_Google_081.png,0.503743859211
MLS_Google_091.png,0.623893324187
MLS_Google_105.png,0.466332282990
MLS_Google_124.png,0.671428479365
MLS_Google_139.png,0.567237984836
MLS_Google_142.png,0.347753027951
MLS_Google_143.png,1.373029320617
MLS_Google_162.png,0.261874973253
MLS_Google_163.png,0.814351039840
MLS_Google_171.png,1.022327778569
MLS_Google_200.png,0.836229670080
MLS_Google_201.png,0.522104669345
MLS_Google_203.png,1.877943582031
MLS_Google_24.png,0.508347937455
MLS_Google_253.png,0.317521848010
MLS_Google_254.png,1.066703290362
MLS_Google_267.png,0.831623366708
MLS_Google_271.png,0.256123848245
MLS_Google_303.png,0.460704742193
MLS_Google_308.png,0.192057150580
MLS_Google_314.png,0.351539322093
MLS_Google_322.png,1.005630274615
MLS_Google_356.png,0.862611672079
MLS_Google_387.png,0.287482055969
MLS_Google_392.png,0.909260771612
MLS_Google_401.png,0.388303378870
MLS_Google_406.png,0.521630558794
MLS_Google_419.png,0.471439466668
MLS_Google_443.png,0.502982703953
MLS_Google_468.png,0.370898524095
MLS_Google_489.png,0.766839330685
MLS_Google_499.png,0.408107328892
MLS_Google_516.png,0.246211779107
MLS_Google_573.png,1.556031855568
MLS_Google_595.png,0.388363211984
MLS_Google_596.png,1.057386211028
MLS_Google_633.png,0.453182179556
MLS_Google_634.png,0.766337025418
MLS_Google_637.png,0.173434977873
MLS_Google_653.png,0.286644946836
MLS_Google_706.png,0.971961631022
MSK_Baidu_036.png,0.409876986563
MSK_Baidu_196.png,0.326916979331
MSK_Bing_035.png,1.158143262615
MSK_Bing_04.png,0.747363937741
MSK_Bing_044.png,1.168169510290
MSK_Bing_045.png,0.639378197868
MSK_Bing_047.png,0.908033721232
MSK_Bing_098.png,0.980405786387
MSK_Bing_100.png,0.481024473197
MSK_Bing_104.png,0.327569577712
MSK_Bing_119.png,0.847429905273
MSK_Bing_120.png,0.422821352367
MSK_Bing_128.png,1.171911029836
MSK_Bing_136.png,0.738787814686
MSK_Bing_160.png,0.274399405179
MSK_Bing_168.png,1.906220405619
MSK_Bing_191.png,0.362025838035
MSK_Bing_212.png,0.796519126031
MSK_Bing_227.png,0.534819220059
MSK_Bing_231.png,0.511262452397
MSK_Bing_255.png,0.435702919617
MSK_Bing_267.png,1.447586498032
MSK_Bing_293.png,0.596194686980
MSK_Bing_305.png,0.685467759280
MSK_Bing_314.png,0.330076049386
MSK_Bing_321.png,0.270246023862
MSK_Bing_327.png,0.710792540974
MSK_Bing_338.png,0.790847559214
MSK_Bing_352.png,0.440038049526
MSK_Bing_384.png,0.488699572010
MSK_Bing_422.png,1.020174071599
MSK_Bing_423.png,0.891097044228
MSK_Bing_442.png,1.106050445117
MSK_Bing_445.png,0.772334761146
MSK_Bing_556.png,0.266008679679
MSK_Bing_610.png,0.694842140060
MSK_Bing_612.png,0.416362759049
MSK_Bing_616.png,0.856014905855
NW_Bing_142.png,0.270381439310
NW_Bing_407.png,0.345877282648
NW_Google_035.png,0.919193013358
NW_Google_046.png,1.806313500590
NW_Google_055.png,0.735705363743
NW_Google_061.png,0.878078884649
NW_Google_110.png,0.339820941032
NW_Google_117.png,0.679966181714
NW_Google_125.png,0.742808734517
NW_Google_136.png,0.433090975484
NW_Google_142.png,0.675435746562
NW_Google_198.png,0.279469047540
NW_Google_204.png,0.988112456992
NW_Google_219.png,1.833449871001
NW_Google_221.png,1.250520772856
NW_Google_224.png,3.707128760496
NW_Google_242.png,0.667540417492
NW_Google_247.png,0.712751722286
NW_Google_397.png,0.658120548016
NW_Google_405.png,0.821056759906
NW_Google_603.png,0.992860009320
NW_Google_708.png,0.598560506009
NW_Google_722.png,1.425196372653
NW_Google_734.png,1.063320847748
NY_Baidu_073.png,0.520538492461
NY_Baidu_1036.png,0.369209201390
NY_Baidu_1051.png,0.319652840813
NY_Baidu_112.png,0.343774571631
NY_Baidu_138.png,0.459437809542
NY_Baidu_253.png,0.608922162005
NY_Baidu_316.png,0.768193698859
NY_Baidu_383.png,0.576005598423
NY_Baidu_486.png,0.547088520142
NY_Baidu_505.png,0.743747226508
NY_Baidu_538.png,0.508634297620
NY_Baidu_558.png,1.181384861780
NY_Baidu_562.png,0.908633755618
NY_Baidu_594.png,0.938489899425
NY_Baidu_649.png,0.622926730103
NY_Baidu_653.png,3.240204366695
NY_Baidu_657.png,0.834383752786
NY_Baidu_700.png,1.124208367598
NY_Baidu_726.png,0.534945844198
NY_Baidu_828.png,0.640277910568
NY_Bing_048.png,2.425982518615
NY_Bing_077.png,0.879250983722
NY_Bing_110.png,1.368050535510
NY_Bing_129.png,0.522641341802
NY_Bing_192.png,0.773247416207
NY_Bing_29.png,0.187918791685
NY_Bing_311.png,0.623789524255
NY_Bing_339.png,0.743063381314
NY_Bing_407.png,0.297746893582
NY_Bing_444.png,0.571621731251
NY_Google_023.png,0.691906157547
NY_Google_027.png,0.329172381500
NY_Google_111.png,0.647681978262
NY_Google_283.png,0.830900175797
NY_Google_450.png,1.165476320155
NZL_Bing_017.png,0.993550850488
NZL_Bing_053.png,0.524292708695
NZL_Bing_054.png,0.409388502284
NZL_Bing_157.png,0.431509030872
NZL_Bing_230.png,0.296575051893
NZL_Bing_359.png,0.367964329764
NZL_Bing_617.png,0.508849886568
NZL_Bing_707.png,0.445229369419
NZL_Google_003.png,0.464600410437
NZL_Google_012.png,0.582229736187
NZL_Google_032.png,0.957161167075
NZL_Google_064.png,1.132756058975
NZL_Google_121.png,1.026723061737
NZL_Google_164.png,0.945638999631
NZL_Google_179.png,0.541402961864
NZL_Google_196.png,1.163243305414
NZL_Google_209.png,0.292297885569
NZL_Google_240.png,0.834394571517
NZL_Google_247.png,0.475742226128
NZL_Google_275.png,0.474688540647
NZL_Google_277.png,0.968279717946
NZL_Google_280.png,1.230829275834
NZL_Google_294.png,1.680405731752
NZL_Google_327.png,0.789944963457
NZL_Google_357.png,0.414015695660
NZL_Google_371.png,1.550432064276
NZL_Google_394.png,2.325360743619
NZL_Google_416.png,0.596288286674
NZL_Google_425.png,0.491678405227
NZL_Google_446.png,1.067224319517
NZL_Google_447.png,1.028515914076
NZL_Google_458.png,0.584847756773
NZL_Google_459.png,1.654586312894
NZL_Google_463.png,0.902377324433
NZL_Google_464.png,0.520942199883
NZL_Google_473.png,0.769662983940
NZL_Google_474.png,0.934287175766
NZL_Google_512.png,0.555713930405
NZL_Google_565.png,0.354285951816
NZL_Google_576.png,0.705613191668
NZL_Google_609.png,0.698158617676
NZL_Google_635.png,0.901868776213
NZL_Google_676.png,0.333278467460
NZL_Google_711.png,0.628848627696
NZL_Google_735.png,0.734777933199
NZL_Google_768.png,0.840957231671
NZL_Google_791.png,0.914739977502
NZL_Google_831.png,1.136998985917
OLD_Google_021.png,0.693732660856
OLD_Google_038.png,0.968719271911
OLD_Google_049.png,1.297715447322
OLD_Google_071.png,3.417400658191
OLD_Google_157.png,0.328125840564
OLD_Google_158.png,0.868194866166
OLD_Google_192.png,0.291705349373
OLD_Google_216.png,0.629807325614
OLD_Google_244.png,0.537210059306
OLD_Google_317.png,1.012012201400
OLD_Google_344.png,0.609768048137
OLD_Google_417.png,1.134332583073
OLD_Google_452.png,0.845573490087
OLD_Google_474.png,0.877494245754
OLD_Google_605.png,0.705795958324
PL_Bing_046.png,0.451640163276
PL_Bing_114.png,0.724964578034
PL_Bing_244.png,0.481768763654
PL_Google_124.png,1.025160023149
PL_Google_148.png,0.555903173004
PL_Google_202.png,0.605180582598
PL_Google_225.png,0.413380127020
PL_Google_227.png,0.536290423205
PL_Google_313.png,1.162493119068
PL_Google_350.png,0.707545989505
PL_Google_368.png,1.007116204333
PL_Google_394.png,0.710730748621
PL_Google_467.png,0.362000282909
PL_Google_512.png,0.450222990145
PL_Google_527.png,0.677251880992
PL_Google_569.png,1.399899985065
PL_Google_635.png,0.427849708052
PL_Google_665.png,0.530673953494
PL_Google_753.png,0.504526810336
PL_Google_756.png,1.620960352196
PL_Google_839.png,0.526711706215
PL_Google_849.png,0.470671890354
PL_Google_913.png,0.704528157611
QC_Baidu_00.png,1.360648398613
QC_Baidu_002.png,0.863390956376
QC_Baidu_003.png,0.972363354349
QC_Baidu_004.png,0.656641331018
QC_Baidu_01.png,1.005353963740
QC_Baidu_012.png,0.699780961404
QC_Baidu_014.png,1.101465333380
QC_Baidu_017.png,0.721528595599
QC_Baidu_024.png,0.397525730670
QC_Baidu_028.png,0.879243358519
QC_Baidu_030.png,0.630628869957
QC_Baidu_031.png,0.983200718990
QC_Baidu_035.png,0.952379079582
QC_Baidu_043.png,1.055554031132
QC_Baidu_049.png,1.058141027500
QC_Baidu_050.png,0.342217294890
QC_Baidu_080.png,0.737287790907
QC_Baidu_092.png,0.756093279501
QC_Baidu_233.png,0.769903294163
QC_Baidu_242.png,2.838848882952
QC_Baidu_289.png,0.475421631097
QC_Baidu_313.png,1.576690093973
QC_Baidu_33.png,1.480676575342
QC_Baidu_334.png,0.699301753997
QC_Baidu_345.png,1.006115128402
QC_Baidu_348.png,1.927789882587
QC_Baidu_350.png,0.541740231037
QC_Baidu_367.png,0.710742856623
QC_Baidu_368.png,0.879338516041
QC_Baidu_375.png,0.440194375870
QC_Baidu_421.png,0.546039857451
QC_Baidu_525.png,0.766120838486
QC_Baidu_526.png,0.928371856160
QC_Baidu_536.png,0.583123312277
QC_Baidu_544.png,0.719673651655
QC_Baidu_565.png,0.407867470122
QC_Baidu_572.png,0.387550021356
QC_Bing_003.png,0.420186921192
QC_Bing_209.png,0.556195088343
QC_Bing_235.png,0.562193838478
QC_Bing_236.png,0.253519979504
QC_Bing_247.png,0.790828986972
QC_Bing_251.png,1.116706883092
QC_Bing_266.png,0.733079210631
QC_Bing_304.png,1.628157288669
QC_Bing_312.png,1.464186554923
QC_Bing_34.png,1.666403232186
QC_Bing_380.png,0.890963476286
QC_Bing_445.png,0.509383878462
QC_Bing_454.png,0.613045318358
QC_Bing_502.png,0.683184410175
QC_Bing_515.png,0.360804775074
QC_Bing_528.png,0.946674536209
QC_Bing_555.png,0.829465505101
QC_Bing_564.png,0.331813419067
QC_Bing_589.png,0.877056441770
QC_Bing_602.png,0.777028827734
QC_Bing_618.png,0.884548806127
QC_Bing_794.png,0.909375149032
QC_Bing_812.png,0.985735415416
QC_Bing_857.png,0.572606084194
QC_Bing_867.png,0.247519184693
QC_Bing_938.png,0.973306063767
QC_Google_002.png,0.633022391225
QC_Google_004.png,0.646119110169
QC_Google_168.png,0.592006060464
QC_Google_223.png,0.585883133961
QC_Google_257.png,0.599767872716
QC_Google_314.png,0.683724050778
QC_Google_324.png,0.283350686312
QC_Google_372.png,1.360821250191
QC_Google_432.png,1.388560170646
QC_Google_474.png,0.388209989658
QC_Google_520.png,1.022029749766
QC_Google_541.png,0.462101672563
QC_Google_644.png,0.793469263542
QC_Google_650.png,0.591631056120
QC_Google_802.png,0.880278194988
QD_Baidu_017.png,0.736632718743
QD_Baidu_021.png,1.000206868851
QD_Baidu_036.png,1.108707739910
QD_Baidu_065.png,1.959553227308
QD_Baidu_071.png,1.327681560295
QD_Baidu_087.png,0.994114827223
QD_Baidu_088.png,0.996563528542
QD_Baidu_091.png,0.545600218977
QD_Baidu_098.png,0.929099329303
QD_Baidu_111.png,0.466102115876
QD_Baidu_118.png,0.864252286628
QD_Baidu_13.png,0.746838897364
QD_Baidu_131.png,1.222659547891
QD_Baidu_133.png,1.650721845453
QD_Baidu_134.png,0.537415268836
QD_Baidu_139.png,0.478312281199
QD_Baidu_146.png,0.408333748145
QD_Baidu_149.png,0.547339073996
QD_Baidu_169.png,0.521242565526
QD_Baidu_181.png,0.633432372768
QD_Baidu_182.png,0.765994708305
QD_Baidu_192.png,0.660572537497
QD_Baidu_245.png,2.165057201588
QD_Baidu_249.png,0.646567364288
QD_Baidu_260.png,0.314319478400
QD_Baidu_274.png,0.454588925168
QD_Baidu_280.png,0.687774193772
QD_Baidu_282.png,1.179140062104
QD_Baidu_291.png,0.950110602195
QD_Baidu_294.png,0.378663342486
QD_Baidu_302.png,2.228613802659
QD_Bing_051.png,0.846319282216
QD_Bing_075.png,0.362636720171
QD_Bing_101.png,0.665726851094
QD_Bing_109.png,0.982478014279
QD_Bing_110.png,0.605300583287
QD_Bing_112.png,0.616904215673
QD_Bing_114.png,0.391169869406
QD_Bing_119.png,0.490823101107
QD_Bing_120.png,0.897539542039
QD_Bing_124.png,0.655836972352
QD_Bing_143.png,0.787679092052
QD_Bing_144.png,0.898958156721
QD_Bing_165.png,0.507938195822
QD_Bing_174.png,0.826792415537
QD_Bing_179.png,0.285461708624
QD_Bing_192.png,2.025147385304
QD_Bing_200.png,1.196629263270
QD_Bing_271.png,2.088964738924
QD_Bing_313.png,0.524355693263
QD_Bing_351.png,0.387162161335
QD_Bing_416.png,0.406452825051
QD_Bing_439.png,0.199959676122
QD_Bing_500.png,0.581547156256
QD_Bing_516.png,0.775593189540
QD_Bing_525.png,0.529455463503
QD_Bing_533.png,0.345354069036
QD_Bing_635.png,0.814951966630
QD_Bing_742.png,0.645188937272
QD_Bing_824.png,0.296044052817
QD_Bing_849.png,0.327764698209
QD_Bing_850.png,0.431406976416
QD_Bing_851.png,0.196102123440
QD_Bing_857.png,0.516160233255
QD_Bing_860.png,0.696221862350
QD_Bing_870.png,0.748961337339
QD_Bing_871.png,0.921133331776
QD_Bing_873.png,0.327270225345
QD_Bing_878.png,0.350992447176
QD_Google_019.png,0.838482607447
QD_Google_043.png,0.720350660874
QD_Google_045.png,0.833701775236
QD_Google_073.png,0.586673777840
QD_Google_080.png,0.282492871911
QD_Google_095.png,0.306406965111
SFC_Bing_300.png,0.874236199042
SFC_Bing_448.png,0.220915789976
SFC_Google_069.png,0.469442958322
SFC_Google_165.png,0.958288852199
SFC_Google_178.png,0.678239283763
SFC_Google_182.png,1.315866881531
SFC_Google_197.png,0.767280627881
SFC_Google_20.png,0.441011621074
SFC_Google_206.png,0.493843614141
SFC_Google_209.png,0.725992510550
SFC_Google_225.png,0.517873557485
SFC_Google_285.png,0.568151246932
SFC_Google_305.png,0.642777339999
SFC_Google_332.png,1.123447598279
SFC_Google_409.png,1.152010776099
SFC_Google_426.png,0.480683412161
SFC_Google_462.png,1.206264707476
SFC_Google_473.png,0.866710872821
SFC_Google_474.png,0.938527578221
SFC_Google_481.png,0.979085149079
SFC_Google_486.png,2.113139877720
SFC_Google_531.png,0.677921887495
SFC_Google_668.png,0.799301887927
SFC_Google_672.png,1.323474195816
SFC_Google_679.png,0.414466700181
SFC_Google_703.png,0.960999878307
SGP_Bing_018.png,0.703512314845
SGP_Bing_019.png,0.514305865718
SGP_Bing_027.png,0.341426481905
SGP_Bing_035.png,0.655664237435
SGP_Bing_041.png,0.569868699864
SGP_Bing_052.png,0.650926795087
SGP_Bing_072.png,0.718943619021
SGP_Bing_078.png,0.501081029442
SGP_Bing_080.png,0.440772959053
SGP_Bing_082.png,0.573609724283
SGP_Bing_083.png,0.392059325510
SGP_Bing_090.png,0.727782241582
SGP_Bing_092.png,0.358825522728
SGP_Bing_097.png,0.563040903746
SGP_Bing_103.png,0.304383881660
SGP_Bing_109.png,0.315984980826
SGP_Bing_116.png,0.448647662584
SGP_Bing_120.png,0.669670275469
SGP_Bing_125.png,0.354414540469
SGP_Bing_141.png,0.922245397397
SGP_Bing_148.png,0.239163708458
SGP_Bing_167.png,0.591966410317
SGP_Bing_171.png,0.803702611883
SGP_Bing_179.png,0.456291133082
SGP_Bing_181.png,0.711860893210
SGP_Bing_191.png,0.863725336416
SGP_Bing_192.png,0.511439216020
SGP_Bing_196.png,0.873168923079
SGP_Bing_209.png,0.319165468990
SGP_Bing_225.png,3.098372465502
SGP_Bing_231.png,0.410008839585
SGP_Bing_264.png,1.039226238380
SGP_Bing_286.png,0.602250897411
SGP_Bing_295.png,0.996180127501
SGP_Bing_309.png,0.250594054920
SGP_Bing_414.png,0.480975372255
SGP_Bing_421.png,0.824488952233
SGP_Bing_445.png,0.396557742751
SGP_Bing_538.png,0.699506581927
SGP_Bing_551.png,1.362814381606
SGP_Bing_557.png,0.598656976659
SGP_Bing_562.png,0.753188470536
SGP_Bing_566.png,0.705412777788
SGP_Bing_572.png,0.457790265440
SGP_Bing_58.png,0.374180163725
SGP_Bing_583.png,0.609624721764
SGP_Bing_623.png,0.273682476729
SGP_Bing_628.png,0.365624516106
SGP_Bing_684.png,0.965651089117
SGP_Bing_695.png,0.309912684759
SGP_Bing_723.png,0.715751864298
SGP_Bing_727.png,0.476923844036
SGP_Google_002.png,1.559876534180
SGP_Google_015.png,0.889509148458
SGP_Google_024.png,1.471216933425
SGP_Google_067.png,0.796588304681
SGP_Google_073.png,0.672184058489
SGP_Google_075.png,0.772317068110
SGP_Google_080.png,0.474003180397
SGP_Google_092.png,0.519950944016
SGP_Google_109.png,0.955599171694
SGP_Google_117.png,0.505947340412
SGP_Google_119.png,1.284047905085
SGP_Google_127.png,0.732695042146
SGP_Google_161.png,1.109993487035
SGP_Google_170.png,0.699265047703
SGP_Google_21.png,0.413475176634
SGP_Google_213.png,0.682258590730
SGP_Google_214.png,0.314907502734
SGP_Google_223.png,0.936628879320
SGP_Google_244.png,0.690862367380
SGP_Google_263.png,0.610219068501
SGP_Google_329.png,0.518530975718
SGP_Google_345.png,0.658717033145
SGP_Google_389.png,0.319684518730
SGP_Google_414.png,0.552440301073
SGP_Google_419.png,0.516006594060
SGP_Google_421.png,0.689371847159
SGP_Google_429.png,0.648434039948
SGP_Google_433.png,0.734257497480
SGP_Google_441.png,0.387827153429
SGP_Google_450.png,0.268665310430
SGP_Google_451.png,0.816429786679
SGP_Google_460.png,0.623780523135
SGP_Google_461.png,0.729714877044
SGP_Google_518.png,0.668098433200
SGP_Google_558.png,0.989931129529
SGP_Google_564.png,0.891515233121
SH_Baidu_01.png,1.411566456126
SH_Baidu_011.png,2.586674171952
SH_Baidu_032.png,2.189178414368
SH_Baidu_040.png,1.582905652618
SH_Baidu_059.png,1.615422348627
SH_Baidu_086.png,0.796201909089
SH_Baidu_088.png,0.649269805020
SH_Baidu_099.png,0.783042722228
SH_Baidu_112.png,1.475109564127
SH_Baidu_126.png,1.707852178185
SH_Baidu_146.png,0.339230822076
SH_Baidu_150.png,0.823666693861
SH_Baidu_161.png,1.533102467354
SH_Baidu_169.png,0.714807447530
SH_Baidu_179.png,0.362472879936
SH_Baidu_188.png,0.888212128977
SH_Baidu_226.png,1.041045893796
SH_Baidu_251.png,0.805331069760
SH_Baidu_252.png,1.214010776557
SH_Bing_121.png,0.917031736742
SH_Bing_123.png,0.487658271219
SH_Bing_139.png,0.447429442908
SH_Bing_156.png,0.982670355653
SH_Bing_203.png,0.213810956198
SH_Bing_228.png,0.719716873782
SH_Bing_252.png,0.904737839670
SH_Bing_274.png,2.585049838505
SH_Bing_279.png,0.476386088514
SH_Bing_297.png,0.548071952955
SH_Bing_352.png,1.601908116161
SH_Bing_353.png,0.419232716086
SH_Bing_44.png,0.300932751206
SH_Bing_453.png,0.614880503764
SH_Bing_455.png,0.464162915785
SH_Bing_465.png,0.359853838635
SH_Bing_503.png,0.359642174542
SH_Bing_523.png,1.138691389074
SH_Bing_548.png,0.553851321637
SH_Bing_554.png,0.894861379518
SH_Bing_721.png,0.487267359328
SH_Bing_765.png,0.749232186579
SH_Google_075.png,1.477291409128
SH_Google_130.png,0.968268995283
SH_Google_139.png,0.372909857971
SH_Google_161.png,1.822465045202
SH_Google_267.png,1.769023191614
SH_Google_298.png,1.604998898715
SH_Google_302.png,0.938206474445
SH_Google_353.png,0.260427671086
SH_Google_383.png,0.443589941119
SH_Google_411.png,0.687857457204
SH_Google_413.png,1.469914941758
SH_Google_418.png,1.194809487090
SH_Google_470.png,0.380252674362
SH_Google_477.png,0.809542220283
SH_Google_516.png,0.771780733920
SH_Google_53.png,0.237504573620
SJZ_Baidu_003.png,0.705537125980
SJZ_Baidu_011.png,0.925930331190
SJZ_Baidu_017.png,0.869587535628
SJZ_Baidu_023.png,0.537470918844
SJZ_Baidu_024.png,0.572975283133
SJZ_Baidu_029.png,0.490536314732
SJZ_Baidu_040.png,2.258854720454
SJZ_Baidu_042.png,0.830340349695
SJZ_Baidu_068.png,0.845420426817
SJZ_Baidu_075.png,0.795662678103
SJZ_Baidu_088.png,1.326605414620
SJZ_Baidu_097.png,0.792121882061
SJZ_Baidu_099.png,1.279640297431
SJZ_Baidu_1074.png,0.285243245106
SJZ_Baidu_1110.png,0.484869627497
SJZ_Baidu_1114.png,0.392196188760
SJZ_Baidu_114.png,0.310839699965
SJZ_Baidu_116.png,0.828265829884
SJZ_Baidu_118.png,0.762541563248
SJZ_Baidu_1195.png,0.273229731208
SJZ_Baidu_120.png,0.536045125089
SJZ_Baidu_1218.png,0.615351358518
SJZ_Baidu_1231.png,0.402004449202
SJZ_Baidu_125.png,0.196428052680
SJZ_Baidu_127.png,1.195463857134
SJZ_Baidu_133.png,0.381056015919
SJZ_Baidu_134.png,0.690902656959
SJZ_Baidu_137.png,2.022648732641
SJZ_Baidu_147.png,0.415106951391
SJZ_Baidu_151.png,0.802654504049
SJZ_Baidu_159.png,0.861597060700
SJZ_Baidu_164.png,0.386698483574
SJZ_Baidu_172.png,0.344804366045
SJZ_Baidu_177.png,0.781585920323
SJZ_Baidu_184.png,1.034655250645
SJZ_Baidu_203.png,1.689497099187
SJZ_Baidu_209.png,1.031766812441
SJZ_Baidu_223.png,1.445034308590
SJZ_Baidu_224.png,1.040312031918
SJZ_Baidu_225.png,0.427417298617
SJZ_Baidu_240.png,0.618337482001
SJZ_Baidu_243.png,0.764000846422
SJZ_Baidu_244.png,0.918898818273
SJZ_Baidu_249.png,1.298242587437
SJZ_Baidu_267.png,1.114310235474
SJZ_Baidu_286.png,1.481168672289
SJZ_Baidu_305.png,0.791252500940
SJZ_Baidu_332.png,0.432785375335
SJZ_Baidu_333.png,0.591795084687
SJZ_Baidu_381.png,1.249330556437
SJZ_Baidu_397.png,0.357298824249
SJZ_Baidu_406.png,1.055238009441
SJZ_Baidu_418.png,0.734740651161
SJZ_Baidu_420.png,0.769743801334
SJZ_Baidu_421.png,1.064479197462
SJZ_Baidu_451.png,0.713385435450
SJZ_Baidu_475.png,0.898822664401
SJZ_Baidu_491.png,0.514506317910
SJZ_Baidu_550.png,0.600018185124
SJZ_Baidu_570.png,0.361712727824
SJZ_Baidu_575.png,0.968864613440
SJZ_Baidu_593.png,0.786978174409
SJZ_Baidu_620.png,0.763074099419
SJZ_Baidu_688.png,1.145125347209
SJZ_Baidu_716.png,0.216077187309
SJZ_Baidu_730.png,0.563352150917
SJZ_Baidu_771.png,0.680855834898
SJZ_Baidu_772.png,0.532149269010
SJZ_Baidu_774.png,0.457382061235
SJZ_Baidu_787.png,0.256138569226
SJZ_Baidu_790.png,0.263294322731
SJZ_Baidu_84.png,0.713457464813
SJZ_Baidu_870.png,0.474434347373
SJZ_Baidu_891.png,0.337488985899
SJZ_Baidu_892.png,0.412204877783
SJZ_Baidu_897.png,1.240460652723
SJZ_Baidu_910.png,0.406614908814
SJZ_Baidu_924.png,0.281617432082
SJZ_Baidu_935.png,0.485134686249
SJZ_Baidu_956.png,0.340271197703
SJZ_Baidu_994.png,0.474310275515
SJZ_Bing_009.png,1.336903726702
SJZ_Bing_025.png,1.060226141454
SJZ_Bing_036.png,0.674684437948
SJZ_Bing_061.png,0.755798553480
SJZ_Bing_062.png,1.062141844757
SJZ_Bing_082.png,0.405809696072
SJZ_Bing_085.png,1.107872669878
SJZ_Bing_125.png,0.615946213671
SJZ_Bing_146.png,1.267138122865
SJZ_Bing_181.png,0.396742629249
SJZ_Bing_189.png,0.557552823751
SJZ_Bing_196.png,0.396793405614
SJZ_Bing_202.png,0.308609206551
SJZ_Bing_236.png,0.396963625384
SJZ_Bing_246.png,0.483938860567
SJZ_Bing_297.png,0.413110935354
SJZ_Bing_301.png,1.161513231881
SJZ_Bing_377.png,0.334477098024
SJZ_Bing_387.png,2.541726628489
SJZ_Bing_397.png,1.378902256660
SJZ_Bing_410.png,0.958412475151
SJZ_Bing_412.png,0.901439014910
SJZ_Bing_461.png,1.050466700881
SJZ_Bing_492.png,0.622077373150
SJZ_Bing_499.png,0.453477332624
SJZ_Bing_556.png,0.721444139156
SJZ_Bing_570.png,0.278639564064
SJZ_Bing_587.png,0.734350188671
SJZ_Bing_593.png,0.941340988250
SJZ_Bing_623.png,0.744131538413
SJZ_Bing_666.png,0.245828072134
SJZ_Bing_673.png,0.320020007521
SJZ_Bing_683.png,0.451465449046
SJZ_Bing_686.png,0.709811678164
SJZ_Bing_695.png,1.146190363134
SJZ_Bing_703.png,0.796469529206
SJZ_Bing_704.png,0.515038797821
SJZ_Bing_716.png,0.547086978123
SJZ_Bing_752.png,0.389338787735
SJZ_Bing_764.png,0.923454886271
SJZ_Bing_794.png,0.402232163027
SJZ_Bing_812.png,0.384066523470
SJZ_Bing_819.png,0.631333517638
SJZ_Bing_824.png,0.324854211555
SJZ_Google_069.png,0.446107940747
SJZ_Google_123.png,0.940644876106
SJZ_Google_247.png,0.411982339446
SJZ_Google_271.png,0.390807580436
SJZ_Google_282.png,0.632409990014
SJZ_Google_293.png,0.615542579762
SJZ_Google_338.png,1.644744225913
SJZ_Google_339.png,0.940809619577
SJZ_Google_352.png,1.050342826517
SJZ_Google_361.png,0.645897973923
SJZ_Google_382.png,0.313757726723
SJZ_Google_400.png,0.369123624669
SJZ_Google_404.png,0.228970283728
SJZ_Google_407.png,1.008863098582
SJZ_Google_412.png,0.495815621251
SJZ_Google_435.png,0.674225748214
SJZ_Google_452.png,0.748623482589
SJZ_Google_455.png,0.565854719217
SJZ_Google_501.png,0.750763577272
SJZ_Google_505.png,0.350082564535
SJZ_Google_514.png,0.566719310011
SJZ_Google_525.png,0.740840018595
SJZ_Google_534.png,0.585576643331
SJZ_Google_553.png,0.554734303241
SJZ_Google_56.png,0.263294388254
SY_Baidu_035.png,0.492593918673
SY_Baidu_044.png,2.243101090246
SY_Baidu_046.png,1.037209702796
SY_Baidu_048.png,0.443696356949
SY_Baidu_055.png,1.322955643641
SY_Baidu_056.png,0.563920343935
SY_Baidu_069.png,0.444559800263
SY_Baidu_073.png,1.090544751584
SY_Baidu_110.png,0.755581296868
SY_Baidu_111.png,0.743002536978
SY_Baidu_118.png,0.378012687233
SY_Baidu_12.png,0.504261499490
SY_Baidu_128.png,0.563305397882
SY_Baidu_132.png,0.730858297023
SY_Baidu_137.png,0.326793967705
SY_Baidu_140.png,2.064611402603
SY_Baidu_141.png,0.721549406971
SY_Baidu_148.png,1.115123170942
SY_Baidu_156.png,1.015277777496
SY_Baidu_158.png,1.968562444079
SY_Baidu_160.png,0.458199052625
SY_Baidu_184.png,1.748643755995
SY_Baidu_186.png,1.861898542724
SY_Baidu_190.png,0.606761897046
SY_Baidu_196.png,0.632701883811
SY_Baidu_208.png,0.955936274716
SY_Baidu_227.png,0.473398408538
SY_Baidu_25.png,0.931709861266
SY_Baidu_262.png,0.569828902787
SY_Baidu_292.png,1.408638999077
SY_Baidu_295.png,1.041431125791
SY_Baidu_337.png,1.029055778294
SY_Baidu_346.png,0.555091628385
SY_Baidu_367.png,1.101365242684
SY_Baidu_371.png,1.560952597775
SY_Baidu_374.png,0.724050841581
SY_Baidu_385.png,0.938300706942
SY_Baidu_386.png,1.232239792187
SY_Baidu_398.png,0.330750847093
SY_Baidu_405.png,1.443767132045
SY_Baidu_412.png,0.398556858558
SY_Baidu_415.png,0.371227201902
SY_Bing_026.png,0.728865352942
SY_Bing_049.png,0.509266573152
SY_Bing_062.png,0.602972614096
SY_Bing_105.png,0.688898508910
SY_Bing_122.png,0.849928730540
SY_Bing_123.png,0.278255390938
SY_Bing_135.png,0.323200926707
SY_Bing_154.png,0.287775220213
SY_Bing_181.png,0.579168565325
SY_Bing_221.png,0.411220883935
SY_Bing_23.png,0.386859911940
SY_Bing_336.png,0.896263825395
SY_Bing_424.png,0.303721706104
SY_Bing_477.png,0.754393544885
SY_Bing_501.png,0.690740219264
SY_Bing_536.png,0.405697592042
SY_Bing_541.png,0.463171210038
SY_Bing_582.png,0.590155387095
SY_Bing_648.png,1.227906912440
SY_Bing_688.png,0.436157800069
SY_Bing_696.png,0.421056430410
SY_Google_120.png,0.591466852043
SY_Google_125.png,0.972405109203
SY_Google_151.png,0.968178535099
SY_Google_177.png,0.956297000405
SY_Google_189.png,0.806109966709
SY_Google_259.png,0.894737134597
SY_Google_260.png,0.572491513704
SY_Google_299.png,0.535826980485
SY_Google_314.png,0.490215325364
SY_Google_321.png,1.251119258477
SY_Google_338.png,0.303019142004
SY_Google_363.png,0.447438444064
SY_Google_368.png,0.453837391768
SY_Google_387.png,0.948432296713
SY_Google_391.png,0.884946090555
SY_Google_398.png,0.796870566812
SY_Google_428.png,0.381342908710
SY_Google_44.png,0.487264532929
SY_Google_444.png,1.218106102198
SY_Google_475.png,0.737633481021
SY_Google_51.png,0.714450781667
SY_Google_514.png,0.718908886853
SY_Google_525.png,0.337857192878
SY_Google_532.png,0.540106058402
TJ_Baidu_034.png,1.097059871065
TJ_Baidu_037.png,0.771657310425
TJ_Baidu_074.png,1.738787750719
TJ_Baidu_077.png,0.864894812066
TJ_Baidu_1012.png,0.644127037189
TJ_Baidu_1032.png,0.326457106695
TJ_Baidu_108.png,1.004576025510
TJ_Baidu_1116.png,0.913975456661
TJ_Baidu_1152.png,0.727174281540
TJ_Baidu_1200.png,0.336247420561
TJ_Baidu_128.png,0.257287832220
TJ_Baidu_13.png,0.607851016561
TJ_Baidu_132.png,0.375646992085
TJ_Baidu_150.png,1.054093830545
TJ_Baidu_175.png,0.843133045275
TJ_Baidu_19.png,0.246521423896
TJ_Baidu_202.png,0.983834994374
TJ_Baidu_225.png,0.743747789005
TJ_Baidu_227.png,0.561924393426
TJ_Baidu_232.png,0.882179574341
TJ_Baidu_254.png,0.720560171745
TJ_Baidu_297.png,2.118733838099
TJ_Baidu_302.png,0.609854666923
TJ_Baidu_315.png,0.626470486432
TJ_Baidu_320.png,0.456296483188
TJ_Baidu_362.png,0.806980367608
TJ_Baidu_368.png,1.074972680082
TJ_Baidu_372.png,1.248156651660
TJ_Baidu_387.png,1.012670233333
TJ_Baidu_398.png,1.552295333013
TJ_Baidu_408.png,0.630079476017
TJ_Baidu_419.png,0.339239248612
TJ_Baidu_464.png,0.559757223318
TJ_Baidu_487.png,0.631256568513
TJ_Baidu_488.png,0.703681790812
TJ_Baidu_505.png,0.723342992807
TJ_Baidu_519.png,0.697285027297
TJ_Baidu_522.png,0.713432462689
TJ_Baidu_523.png,0.716836090408
TJ_Baidu_524.png,0.605899628996
TJ_Baidu_525.png,0.535211730853
TJ_Baidu_526.png,0.852573665245
TJ_Baidu_534.png,0.777502643816
TJ_Baidu_547.png,1.015196749664
TJ_Baidu_559.png,0.318854892199
TJ_Baidu_567.png,0.266487581022
TJ_Baidu_583.png,0.546197694650
TJ_Baidu_711.png,0.655377193406
TJ_Baidu_811.png,0.922465834649
TJ_Baidu_813.png,0.323702845754
TJ_Baidu_843.png,0.335754552009
TJ_Baidu_900.png,0.361610195093
TJ_Baidu_944.png,0.633364357924
TJ_Bing_005.png,0.600000437798
TJ_Bing_066.png,1.099835954943
TJ_Bing_166.png,0.598495207640
TJ_Bing_326.png,0.766659867097
TJ_Bing_338.png,1.231497101319
TJ_Bing_339.png,0.756662439698
TJ_Bing_343.png,1.019326131450
TJ_Bing_349.png,0.704461842835
TJ_Bing_495.png,1.912527929058
TJ_Bing_563.png,0.566016962087
TJ_Bing_659.png,0.915935899631
TJ_Bing_697.png,0.463467857884
TJ_Google_034.png,1.109179198376
TJ_Google_272.png,0.646998385742
TJ_Google_321.png,0.547670337246
TJ_Google_333.png,0.772055578824
TJ_Google_336.png,0.996875740562
TJ_Google_390.png,0.639776682146
TJ_Google_395.png,0.659066870450
TJ_Google_411.png,0.469727392644
TJ_Google_505.png,0.387893899482
TJ_Google_511.png,0.627652027200
TJ_Google_649.png,0.849125820312
TJ_Google_688.png,0.868687586941
TJ_Google_707.png,0.411496704215
TJ_Google_708.png,0.627770609991
TKO_Bing_479.png,0.454024669078
TKO_Bing_519.png,0.939049678171
TKO_Bing_657.png,0.165501540551
TKO_Google_183.png,0.655378022282
TKO_Google_474.png,0.859275623785
TKO_Google_600.png,0.575565366257
TKO_Google_628.png,1.188490367594
TKO_Google_693.png,0.671213714845
TKO_Google_734.png,0.804462960002
TKO_Google_805.png,0.338774471573
TKO_Google_824.png,0.635509077115
TS_Baidu_006.png,0.626344569025
TS_Baidu_025.png,1.565616963283
TS_Baidu_026.png,1.218643563991
TS_Baidu_039.png,1.296855274602
TS_Baidu_046.png,0.697567852605
TS_Baidu_1111.png,0.764191919451
TS_Baidu_1134.png,0.743606622150
TS_Baidu_114.png,1.659803264671
TS_Baidu_1258.png,0.345781147416
TS_Baidu_160.png,0.585366909576
TS_Baidu_188.png,0.363109473448
TS_Baidu_195.png,0.370678261057
TS_Baidu_226.png,0.691276816266
TS_Baidu_351.png,0.895921936639
TS_Baidu_355.png,0.763505162262
TS_Baidu_374.png,1.037794192413
TS_Baidu_422.png,1.400726025702
TS_Baidu_440.png,1.445192612325
TS_Baidu_463.png,1.058688577209
TS_Baidu_480.png,0.522032134120
TS_Baidu_486.png,0.842355989615
TS_Baidu_504.png,0.853328849179
TS_Baidu_506.png,0.526953222335
TS_Baidu_514.png,1.094299043620
TS_Baidu_550.png,0.685092723063
TS_Baidu_625.png,0.513927442773
TS_Baidu_669.png,0.262394007160
TS_Baidu_816.png,0.305832411512
TS_Baidu_848.png,0.595267107809
TS_Baidu_906.png,0.359983718698
TS_Bing_022.png,0.842345544068
TS_Bing_262.png,0.460867360455
TS_Bing_300.png,1.210512340702
TS_Bing_304.png,0.404744041969
TS_Bing_318.png,0.323743425380
TS_Bing_355.png,0.525318417213
TS_Bing_541.png,0.786812214848
TS_Bing_57.png,0.421613820120
TS_Bing_62.png,0.339738206146
TS_Bing_622.png,0.962343066695
TS_Bing_632.png,0.408353886125
TS_Bing_643.png,0.214212399078
TS_Bing_686.png,0.768820496960
TS_Bing_697.png,0.546391476981
TS_Bing_702.png,0.902657828069
TS_Google_013.png,0.828480550410
TS_Google_039.png,0.740291246483
TS_Google_153.png,0.786688153038
TS_Google_191.png,0.707518261777
TS_Google_198.png,0.547626464136
TS_Google_400.png,0.788097486779
TS_Google_409.png,1.174288995765
TS_Google_429.png,0.267487584028
TS_Google_463.png,0.671363581288
TS_Google_519.png,0.552946383614
TS_Google_527.png,0.861546140802
TS_Google_529.png,0.225756109723
TS_Google_549.png,0.617440771210
TS_Google_579.png,0.271720435050
TS_Google_623.png,0.411473334581
WST_Bing_521.png,0.414988573162
WST_Google_074.png,0.583860582776
WST_Google_167.png,0.531790802087
WST_Google_197.png,0.997179729015
WST_Google_203.png,0.686370253269
WST_Google_276.png,0.536163867602
WST_Google_354.png,0.548558610562
WST_Google_405.png,0.519169893257
WST_Google_452.png,0.532797457937
WST_Google_455.png,0.427539798614
WST_Google_504.png,0.412583514140
WST_Google_54.png,0.867792852316
WST_Google_547.png,1.125430619950
WST_Google_599.png,1.345803367611
WST_Google_710.png,0.372184966751
WST_Google_741.png,1.599324409297
WST_Google_759.png,0.705321017632
WST_Google_836.png,0.763451824930
XA_Baidu_014.png,0.561925439312
XA_Baidu_021.png,0.976072669880
XA_Baidu_034.png,0.612808202935
XA_Baidu_037.png,1.061967344816
XA_Baidu_038.png,1.036806568277
XA_Baidu_043.png,2.135510972415
XA_Baidu_05.png,1.524404609274
XA_Baidu_069.png,0.646379446287
XA_Baidu_127.png,0.677204396129
XA_Baidu_152.png,0.377522157118
XA_Baidu_180.png,0.342299347756
XA_Baidu_208.png,0.366201805351
XA_Baidu_209.png,1.169049186226
XA_Baidu_251.png,0.582003504499
XA_Baidu_270.png,0.517257364261
XA_Baidu_342.png,0.517577471637
XA_Baidu_359.png,0.464432831993
XA_Bing_070.png,1.329225277367
XA_Bing_087.png,0.778083307633
XA_Bing_090.png,0.464316895779
XA_Bing_104.png,0.381838333833
XA_Bing_120.png,0.421724997022
XA_Bing_170.png,0.208935701869
XA_Bing_178.png,0.396095970291
XA_Bing_194.png,0.386864978521
XA_Bing_204.png,0.244464647294
XA_Bing_257.png,0.471997389883
XA_Bing_260.png,0.871855261426
XA_Bing_264.png,0.892439435617
XA_Bing_282.png,0.348615160204
XA_Bing_288.png,0.743128201913
XA_Bing_298.png,0.915969697169
XA_Bing_304.png,0.364233533003
XA_Bing_321.png,0.606704569532
XA_Bing_387.png,0.307469369256
XA_Bing_394.png,0.853635593781
XA_Bing_471.png,0.264468072753
XA_Bing_733.png,0.384051786354
XA_Bing_734.png,0.325410568388
XA_Bing_767.png,0.373641861115
XA_Bing_800.png,0.379982818304
XA_Google_033.png,0.491639110789
XA_Google_040.png,0.739324576520
XA_Google_082.png,0.987487087379
XA_Google_121.png,0.737575093736
XA_Google_125.png,0.787467986318
XA_Google_147.png,0.923010447327
XA_Google_163.png,0.626290196025
XA_Google_173.png,0.409856202507
XA_Google_378.png,0.799807231176
XA_Google_381.png,0.218540485017
XA_Google_391.png,0.837747659856
XA_Google_431.png,0.575205572587
XA_Google_475.png,1.472506003444
XA_Google_481.png,1.002924654336
XA_Google_586.png,0.241187293753
XA_Google_619.png,0.429414237297
XA_Google_625.png,0.321062130513
XG_Baidu_017.png,1.047395752367
XG_Baidu_018.png,0.352799619022
XG_Baidu_050.png,1.592380079924
XG_Baidu_053.png,2.005597241463
XG_Baidu_1116.png,0.866825961954
XG_Baidu_1228.png,1.059563504709
XG_Baidu_175.png,0.574824344634
XG_Baidu_248.png,1.085175211873
XG_Baidu_328.png,0.391821217544
XG_Baidu_409.png,0.840192693041
XG_Baidu_511.png,1.700252078832
XG_Baidu_548.png,0.739204732108
XG_Baidu_575.png,0.533747259183
XG_Baidu_627.png,0.489461892434
XG_Baidu_634.png,0.713501398839
XG_Baidu_829.png,0.248401629960
XG_Baidu_981.png,0.738389149627
XG_Bing_106.png,0.365707656315
XG_Bing_135.png,0.532335100512
XG_Bing_140.png,0.771595625433
XG_Bing_176.png,1.184613319533
XG_Bing_198.png,0.697985099104
XG_Bing_346.png,0.917477742385
XG_Bing_412.png,0.792502447651
XG_Bing_419.png,0.794614463699
XG_Bing_497.png,0.358793506945
XG_Bing_529.png,0.671452459526
XG_Bing_582.png,0.832932623541
XG_Bing_679.png,0.776658688400
XG_Google_308.png,0.581205485744
XG_Google_528.png,0.693071800709
XG_Google_591.png,0.555417910206
XG_Google_633.png,0.556589584502
XG_Google_646.png,0.833832245265
XG_Google_648.png,0.381274748025
XG_Google_687.png,0.517469595358
XG_Google_688.png,0.881278360162
XR_Baidu_001.png,0.456763996493
XR_Baidu_002.png,0.823440461088
XR_Baidu_006.png,0.965906613049
XR_Baidu_007.png,0.639406012233
XR_Baidu_012.png,1.473543859814
XR_Baidu_014.png,0.520046483912
XR_Baidu_015.png,0.656332510123
XR_Baidu_016.png,1.439042431335
XR_Baidu_017.png,1.762346069700
XR_Baidu_019.png,0.650290663700
XR_Baidu_020.png,1.253789919738
XR_Baidu_023.png,0.742703760585
XR_Baidu_024.png,1.118357102119
XR_Baidu_027.png,1.215027768564
XR_Baidu_030.png,1.489001209226
XR_Baidu_037.png,0.764269806807
XR_Baidu_040.png,0.964893317855
XR_Baidu_043.png,0.298741527459
XR_Baidu_047.png,1.736048354383
XR_Baidu_057.png,1.468215330216
XR_Baidu_058.png,0.249723781239
XR_Baidu_061.png,1.286193710657
XR_Baidu_062.png,1.223937011103
XR_Baidu_067.png,0.757338969814
XR_Baidu_068.png,0.585051780837
XR_Baidu_069.png,1.134755947394
XR_Baidu_071.png,0.509990054151
XR_Baidu_073.png,0.737643576657
XR_Baidu_081.png,0.595507447801
XR_Baidu_086.png,0.394652519154
XR_Baidu_096.png,0.319003746191
XR_Baidu_103.png,0.267666360692
XR_Baidu_104.png,1.890630775957
XR_Baidu_109.png,0.264537498845
XR_Baidu_113.png,0.584186876246
XR_Baidu_120.png,0.380272491302
XR_Baidu_122.png,0.219456732799
XR_Baidu_127.png,0.429657394100
XR_Baidu_131.png,0.199420437647
XR_Baidu_132.png,0.346205859415
XR_Baidu_134.png,0.294554022009
XR_Baidu_157.png,0.629689132032
XR_Baidu_164.png,0.601536137151
XR_Baidu_182.png,0.750750615276
XR_Baidu_189.png,0.708536750059
XR_Baidu_193.png,1.619184765060
XR_Baidu_219.png,0.862690701763
XR_Baidu_221.png,0.835379466017
XR_Baidu_229.png,0.481783712623
XR_Baidu_236.png,0.585129081392
XR_Baidu_238.png,0.716119381803
XR_Baidu_245.png,1.140509316347
XR_Baidu_247.png,0.593810708468
XR_Baidu_255.png,1.114129605479
XR_Baidu_262.png,0.380818728743
XR_Baidu_263.png,0.709924437061
XR_Baidu_264.png,0.466150375139
XR_Baidu_269.png,1.806246795236
XR_Baidu_270.png,0.643286206752
XR_Baidu_272.png,0.814492427260
XR_Baidu_276.png,0.409615607702
XR_Baidu_278.png,0.877430215297
XR_Baidu_279.png,0.617023140025
XR_Baidu_294.png,1.468059034787
XR_Baidu_295.png,0.979348318369
XR_Baidu_299.png,1.503139133653
XR_Baidu_301.png,0.713774577368
XR_Baidu_315.png,0.483122281789
XR_Baidu_358.png,0.746559396347
XR_Baidu_365.png,1.067980351893
XR_Baidu_375.png,0.797806232559
XR_Baidu_377.png,1.165800519900
XR_Baidu_378.png,1.084764769711
XR_Baidu_380.png,0.544379863048
XR_Baidu_395.png,0.491845751768
XR_Baidu_398.png,1.249389848146
XR_Baidu_402.png,1.924465022102
XR_Baidu_404.png,0.438318951647
XR_Baidu_406.png,0.412995011180
XR_Baidu_415.png,0.588695007201
XR_Baidu_431.png,1.172892405264
XR_Baidu_45.png,2.238187953178
XR_Baidu_460.png,0.655409403966
XR_Baidu_462.png,1.445507948670
XR_Baidu_466.png,0.533067569864
XR_Baidu_471.png,1.162989766066
XR_Baidu_479.png,1.034141052840
XR_Baidu_482.png,0.507586724859
XR_Baidu_499.png,0.892294774511
XR_Bing_010.png,0.910038253017
XR_Bing_024.png,0.336934047792
XR_Bing_025.png,0.405809222095
XR_Bing_033.png,0.671455237005
XR_Bing_058.png,0.671923797683
XR_Bing_126.png,0.277902915838
XR_Bing_138.png,1.911712314701
XR_Bing_146.png,1.907476875339
XR_Bing_164.png,0.404378264007
XR_Bing_174.png,0.324930423045
XR_Bing_182.png,0.199600987821
XR_Bing_198.png,1.337022152610
XR_Bing_211.png,0.362066152922
XR_Bing_216.png,0.359173741512
XR_Bing_221.png,0.432521489269
XR_Bing_228.png,0.405235931413
XR_Bing_240.png,0.280055615473
XR_Bing_254.png,0.591210505427
XR_Bing_257.png,0.545491740195
XR_Bing_261.png,0.313834725145
XR_Bing_264.png,2.824494923176
XR_Bing_289.png,0.558264417160
XR_Bing_346.png,1.817288892118
XR_Bing_347.png,1.070210989979
XR_Bing_348.png,0.336059274015
XR_Bing_362.png,0.334883220968
XR_Bing_381.png,0.282186663585
XR_Bing_385.png,0.376283285389
XR_Bing_40.png,0.224969861883
XR_Bing_444.png,0.281820453210
XR_Bing_45.png,0.281964627832
XR_Bing_463.png,0.804558690158
XR_Bing_475.png,0.300602856262
XR_Bing_495.png,0.333703194073
XR_Bing_497.png,0.442331485242
XR_Bing_499.png,0.847459267479
XR_Bing_500.png,1.896651836538
XR_Bing_590.png,0.681885680733
XR_Bing_593.png,0.687497454276
XR_Bing_604.png,0.227215703327
XR_Bing_632.png,1.152378074259
XR_Bing_637.png,0.305928245779
XR_Bing_638.png,0.324176523142
XR_Bing_640.png,0.344655767801
XR_Bing_682.png,0.468145546341
XR_Bing_698.png,2.230295275727
XR_Bing_731.png,0.371312393808
XR_Bing_740.png,0.745897093491
XR_Bing_756.png,0.810219012004
XR_Bing_760.png,1.206847797263
XR_Bing_768.png,0.358751869059
XR_Bing_774.png,0.582559039465
XR_Bing_775.png,0.308625540121
XR_Bing_790.png,0.879219496749
XR_Bing_802.png,0.166054651274
XR_Bing_804.png,0.553007706043
XR_Bing_818.png,0.629901950519
XR_Bing_820.png,0.635173502710
XR_Google_000.png,0.300014862805
XR_Google_022.png,0.635964732887
XR_Google_064.png,0.424796721534
XR_Google_067.png,1.098833688432
XR_Google_088.png,0.488449828428
XR_Google_095.png,0.414954674367
XR_Google_102.png,0.381942976393
XR_Google_105.png,0.571323272941
XR_Google_110.png,1.399246414384
XR_Google_124.png,0.434450638186
XR_Google_127.png,0.441471711443
XR_Google_137.png,1.238793807170
XR_Google_142.png,0.272629500980
XR_Google_143.png,0.557738417377
XR_Google_146.png,0.499612558233
XR_Google_180.png,0.712951024718
XR_Google_183.png,2.343754717751
XR_Google_187.png,0.578818108436
XR_Google_228.png,0.445396543226
XR_Google_243.png,0.681271491457
XR_Google_252.png,1.148379557059
XR_Google_263.png,0.529920166408
XR_Google_275.png,0.267406217682
XR_Google_276.png,0.366254902006
XR_Google_284.png,0.938598944465
XR_Google_293.png,0.760602092243
XR_Google_311.png,0.852279249561
XR_Google_313.png,0.504814063961
XR_Google_331.png,0.411773264341
XR_Google_338.png,0.289562379433
XR_Google_34.png,0.220812575221
XR_Google_341.png,0.348742203313
XR_Google_355.png,0.710570801268
XR_Google_371.png,0.420474969373
XR_Google_377.png,0.325883714748
XR_Google_403.png,0.291944668791
XR_Google_404.png,0.986553049684
XR_Google_411.png,0.369931164794
XR_Google_416.png,1.137773921072
XR_Google_427.png,0.340377232780
XR_Google_436.png,0.428534466535
XR_Google_494.png,1.439491624360
XR_Google_502.png,0.566137081406
XR_Google_504.png,1.153486782595
XR_Google_515.png,0.323237906877
XR_Google_529.png,0.268845740705
XR_Google_537.png,0.520336399883
XR_Google_538.png,0.587889371693
XR_Google_573.png,0.830073059071
XR_Google_581.png,0.407189181389
XR_Google_583.png,1.119961234491
XR_Google_626.png,0.691915074851
XR_Google_633.png,0.417264907467
XR_Google_638.png,0.307339468362
XR_Google_659.png,0.285406548617
XR_Google_689.png,0.794984812337
XR_Google_691.png,0.889715861437
XR_Google_721.png,0.412598813255
XYT_Baidu_073.png,0.495939154935
XYT_Baidu_074.png,1.094249524849
XYT_Baidu_104.png,0.427659256299
XYT_Baidu_309.png,0.375571334997
XYT_Google_569.png,0.525761771599
XYT_Google_617.png,1.959857923527
YC_Baidu_027.png,0.457289606758
YC_Baidu_042.png,1.224005763810
YC_Baidu_052.png,0.654933398983
YC_Baidu_084.png,0.480611197363
YC_Baidu_108.png,0.538972734530
YC_Baidu_137.png,0.907158110803
YC_Baidu_140.png,0.301646237160
YC_Baidu_201.png,0.265194321360
YC_Bing_000.png,0.488986521153
YC_Bing_237.png,0.555309057816
YC_Bing_246.png,0.418301405360
YC_Bing_311.png,0.555021547359
YC_Bing_317.png,0.763216983516
YC_Bing_721.png,1.045430433400
YC_Bing_731.png,0.308468551363
YC_Google_062.png,0.441034878532
YC_Google_063.png,0.370394154306
YC_Google_594.png,0.481718505855
YC_Google_633.png,0.697810471710
YC_Google_758.png,0.403957454801
YD_Baidu_00.png,0.548644195222
YD_Baidu_015.png,1.160353235714
YD_Baidu_026.png,1.160976670427
YD_Baidu_029.png,0.688087309366
YD_Baidu_030.png,0.499159948578
YD_Baidu_037.png,0.919776650514
YD_Baidu_039.png,0.973446203449
YD_Baidu_040.png,0.856663318505
YD_Baidu_051.png,0.471607426818
YD_Baidu_053.png,1.719452614450
YD_Baidu_055.png,0.531005862283
YD_Baidu_058.png,0.636806094371
YD_Baidu_059.png,0.283467101639
YD_Baidu_068.png,0.803054793481
YD_Baidu_069.png,0.372277328274
YD_Baidu_070.png,0.504709718788
YD_Baidu_073.png,0.569397794208
YD_Baidu_074.png,1.169216920182
YD_Baidu_082.png,1.144434425584
YD_Baidu_087.png,0.299173289414
YD_Baidu_099.png,0.282349217923
YD_Baidu_171.png,0.333553995628
YD_Baidu_183.png,1.017048518891
YD_Baidu_201.png,0.998627681482
YD_Baidu_214.png,1.517641081095
YD_Baidu_300.png,0.433135794141
YD_Bing_022.png,0.518253488738
YD_Bing_038.png,1.076004687079
YD_Bing_086.png,0.256235067314
YD_Bing_11.png,1.866439403439
YD_Bing_212.png,1.512691905845
YD_Bing_213.png,0.367409015459
YD_Bing_243.png,0.510168743330
YD_Bing_258.png,0.214554765054
YD_Bing_290.png,0.554184850689
YD_Bing_351.png,0.485639209289
YD_Bing_428.png,0.767014461003
YD_Bing_429.png,0.239203034411
YD_Bing_547.png,0.978514998403
YD_Bing_568.png,0.994511892140
YD_Bing_580.png,1.163839671339
YD_Bing_688.png,0.468227636017
YD_Bing_694.png,0.804089992932
YD_Google_015.png,0.815544002345
YD_Google_017.png,0.809274456025
YD_Google_020.png,1.910025655466
YD_Google_032.png,0.978746147308
YD_Google_056.png,0.667735935137
YD_Google_09.png,0.386578626028
YD_Google_108.png,1.121441066656
YD_Google_133.png,0.677567224942
YD_Google_136.png,1.891017305838
YD_Google_140.png,1.553770385924
YD_Google_255.png,0.368307449410
YD_Google_281.png,0.471990509637
YD_Google_297.png,0.738700608637
YD_Google_322.png,0.908716611539
YD_Google_376.png,0.511164728476
YD_Google_447.png,1.428684963105
YSM_Bing_204.png,0.687050471934
YSM_Bing_239.png,0.998567591246
YSM_Bing_478.png,0.330411688282
YSM_Google_146.png,0.456719940767
YSM_Google_149.png,0.999973045027
YSM_Google_405.png,0.744288637043
YSM_Google_515.png,0.205286531394
YSM_Google_54.png,1.104582443792
YSM_Google_543.png,0.163929909365
YSM_Google_553.png,0.366766079355
YSM_Google_602.png,0.759766199511
YSM_Google_639.png,0.363242999565
YSM_Google_665.png,0.207516516320
YSM_Google_743.png,0.756011698760
YST_Bing_105.png,0.297444938305
YST_Bing_667.png,0.434121948622
YST_Bing_753.png,0.305307586576
YST_Bing_775.png,0.757202219856
YST_Google_245.png,2.470019609344
YST_Google_810.png,0.545376102055
YST_Google_891.png,0.256872730135
YT_Baidu_062.png,0.524914298679
YT_Baidu_135.png,0.328589266225
YT_Bing_014.png,1.602394008225
YT_Bing_065.png,0.696923788302
YT_Bing_097.png,0.482071673817
YT_Bing_115.png,1.863955811335
YT_Bing_194.png,1.509393709711
YT_Bing_195.png,0.383251122108
YT_Bing_43.png,0.448609881227
YT_Bing_547.png,0.602956851860
YT_Bing_586.png,0.710227698982
YT_Bing_665.png,0.356025727128
YT_Bing_691.png,0.700668443572
YT_Bing_726.png,0.583384405508
YT_Bing_739.png,0.604245291273
YT_Google_043.png,1.619672734937
YT_Google_057.png,1.459264112718
YT_Google_101.png,0.515926584335
YT_Google_296.png,0.327267630345
YT_Google_298.png,1.277472530574
YT_Google_881.png,1.649147626411
YT_Google_917.png,0.275665226958
hv10_1.png,0.487999562642
hv10_122.png,0.607793542527
hv10_193.png,0.548846093364
hv10_34.png,0.589433458932
hv10_526.png,0.638081798544
hv10_718.png,0.812956219392
hv10_9.png,0.548570485659
hv11_1.png,0.505953595726
hv11_114.png,1.747252931394
hv11_193.png,1.967233181359
hv11_204.png,1.500735690151
hv11_206.png,1.614271035738
hv11_266.png,1.422227864354
hv11_270.png,1.401025950586
hv11_286.png,1.334542978474
hv11_315.png,1.024879194733
hv11_354.png,0.588293339050
hv11_397.png,0.490922518022
hv11_406.png,0.454902546041
hv11_42.png,1.222672872164
hv11_435.png,0.433732352313
hv11_442.png,0.403492899783
hv11_475.png,0.404510727053
hv11_498.png,1.094563306727
hv11_528.png,0.448678931141
hv11_529.png,0.479231355443
hv11_542.png,0.554854008528
hv11_549.png,0.436971386812
hv11_558.png,0.485150010617
hv11_562.png,0.460265089006
hv11_643.png,1.135697689754
hv11_655.png,0.833765759425
hv11_674.png,0.578884468655
hv11_78.png,1.852496365716
hv11_86.png,1.539219167953
hv11_97.png,1.671632092697
hv12_1042.png,0.781297148902
hv12_1213.png,0.664033998120
hv12_1329.png,0.815244141844
hv12_1357.png,0.700887695944
hv12_1434.png,0.711652322304
hv12_1482.png,0.719129032376
hv12_171.png,0.736138011881
hv12_1774.png,0.583615847044
hv12_1848.png,0.634461013048
hv12_1862.png,0.620241771817
hv12_188.png,0.750929455477
hv12_1884.png,0.636461767867
hv12_189.png,0.763348546724
hv12_1897.png,0.650350641003
hv12_2022.png,0.658412181327
hv12_2043.png,0.608148970407
hv12_2077.png,0.646435207501
hv12_2152.png,0.535744345366
hv12_2202.png,0.500535935095
hv12_2247.png,0.594966224424
hv12_237.png,0.741838562635
hv12_267.png,0.763026108949
hv12_27.png,0.495103472908
hv12_286.png,0.754245050983
hv12_344.png,0.807508910769
hv12_382.png,0.769104461860
hv12_404.png,0.837748312174
hv12_426.png,0.834556410789
hv12_549.png,0.715276505844
hv12_678.png,0.764046110518
hv12_68.png,0.526113528246
hv12_693.png,0.854786610653
hv12_721.png,0.715362028580
hv12_759.png,0.680649079708
hv14_105.png,1.300876066527
hv14_129.png,0.733448619915
hv14_133.png,0.673421371826
hv14_136.png,0.660120953339
hv14_139.png,1.117901971195
hv14_140.png,1.012861204164
hv14_148.png,1.110345081669
hv14_169.png,0.834649289318
hv14_170.png,0.998843449195
hv14_21.png,1.858155424378
hv14_22.png,1.850718343495
hv14_30.png,1.354204170206
hv14_42.png,0.911552707871
hv14_43.png,0.764905900089
hv14_49.png,0.821745893263
hv14_55.png,1.126628919415
hv14_56.png,0.800947088025
hv14_64.png,0.986802448956
hv15_.png,0.866334040671
hv15_1.png,0.935137646016
hv15_11.png,0.763714826415
hv15_111.png,1.257463471927
hv15_117.png,1.255174121087
hv15_15.png,1.099616073649
hv15_17.png,0.689459610830
hv15_2.png,0.853394946969
hv15_21.png,1.163589037989
hv15_23.png,1.449405711042
hv15_28.png,1.597713804281
hv15_29.png,1.019038020954
hv15_3.png,0.897799963740
hv15_41.png,1.220940930128
hv15_47.png,0.991529639558
hv15_49.png,1.136219790959
hv15_54.png,1.265066060998
hv15_6.png,0.752991766795
hv15_60.png,1.360439097642
hv15_69.png,1.171435584495
hv15_73.png,1.389509544196
hv15_81.png,1.415380065039
hv15_86.png,0.825338974591
hv15_90.png,1.058481840354
hv16_108.png,0.364254515866
hv16_117.png,0.473942493899
hv16_127.png,0.547561499121
hv16_241.png,0.995388477924
hv16_411.png,0.824761847830
hv16_416.png,0.602005544484
hv16_75.png,0.609727118718
hv17_1.png,1.127079619928
hv17_10.png,1.053074784184
hv17_11.png,1.083467542865
hv17_12.png,0.879526239555
hv17_22.png,0.807754827017
hv17_24.png,0.848852743700
hv17_29.png,0.804821626269
hv17_31.png,0.712366226103
hv17_32.png,0.904997813324
hv17_33.png,1.093648555666
hv17_38.png,1.257027939455
hv17_40.png,1.059128924390
hv17_42.png,1.104935422500
hv17_44.png,1.051988290506
hv17_48.png,0.455390740714
hv17_59.png,0.743414696419
hv17_6.png,1.364853068242
hv17_7.png,1.286826660713
hv17_70.png,0.953994087291
hv17_71.png,1.031902404577
hv17_72.png,0.998609372408
hv18_9.png,1.869239905156
hv19_175.png,1.277314511936
hv19_225.png,1.049315563128
hv1_120.png,0.630327874450
hv1_158.png,0.625626188496
hv1_54.png,0.790650604517
hv1_61.png,0.474019662053
hv1_72.png,0.631492814339
hv1_78.png,0.631867738387
hv1_86.png,0.400340395001
hv1_9.png,0.722725925401
hv1_93.png,0.582131991042
hv20_231.png,1.749175438837
hv20_234.png,1.759274206309
hv20_369.png,1.381509623612
hv20_440.png,1.305694681186
hv20_572.png,0.784104890781
hv20_64.png,0.977687065676
hv21_171.png,0.951146585258
hv21_252.png,1.091849064444
hv21_258.png,1.183543162718
hv21_266.png,1.281949436347
hv21_292.png,1.065466439260
hv21_46.png,1.077393466823
hv21_87.png,1.256677351072
hv22_.png,0.755367943408
hv22_127.png,0.710214561106
hv22_28.png,0.683116809105
hv22_31.png,0.771842564571
hv22_43.png,0.837183714026
hv22_92.png,1.012707461611
hv23_160.png,1.064231888122
hv23_20.png,1.853472869430
hv23_222.png,1.342620703492
hv23_34.png,1.928613855515
hv23_36.png,1.950635519346
hv23_92.png,1.259888312805
hv24_.png,0.916758545447
hv24_116.png,0.869110088644
hv24_139.png,0.802805802108
hv24_21.png,1.026541225192
hv24_28.png,1.183145200906
hv24_4.png,1.148706135630
hv24_93.png,0.732682826891
hv25_108.png,1.201246713913
hv25_116.png,1.013874675279
hv25_117.png,1.228079876047
hv25_12.png,1.208203177927
hv25_121.png,1.256214691595
hv25_156.png,1.367308402574
hv25_162.png,1.159378118260
hv25_176.png,0.952300864475
hv25_4.png,1.247288001534
hv25_6.png,1.286947671178
hv26_133.png,1.771018193846
hv26_224.png,1.181786013005
hv26_291.png,1.472053013816
hv26_466.png,1.235202939773
hv27_237.png,1.154742450878
hv27_339.png,0.625095334987
hv27_386.png,0.935696385422
hv27_387.png,0.846193330067
hv27_75.png,1.030005700000
hv27_88.png,1.307751586304
hv28_.png,1.218674384901
hv28_133.png,1.336345354814
hv28_135.png,1.238949073584
hv28_157.png,1.855553953085
hv28_195.png,1.052145504591
hv28_198.png,1.385993951633
hv28_294.png,1.668040089322
hv28_3.png,1.415452538661
hv28_96.png,1.309873438427
hv29_.png,1.058588829089
hv29_103.png,1.684540453425
hv29_115.png,1.712972170927
hv29_128.png,1.866345439644
hv29_142.png,1.621342875643
hv29_210.png,2.137730162233
hv29_219.png,2.051932210417
hv29_22.png,1.551674928201
hv29_243.png,1.530089200530
hv29_70.png,1.610878277193
hv29_82.png,1.681099703137
hv2_.png,0.846979276613
hv2_10.png,0.771465791727
hv2_16.png,0.647278416734
hv2_28.png,0.974110421232
hv2_45.png,0.778916269440
hv2_49.png,0.725722024293
hv2_56.png,0.760081174578
hv30_110.png,0.940669834152
hv30_128.png,0.634137966594
hv30_138.png,0.924667151746
hv30_145.png,0.905515757560
hv30_148.png,0.872805789288
hv30_169.png,0.754244125664
hv30_42.png,0.931367862037
hv30_76.png,0.979443050345
hv32_108.png,1.499600194555
hv32_126.png,1.399703635809
hv33_124.png,0.717808592766
hv33_183.png,0.757426603335
hv34_1033.png,0.670903294646
hv34_1270.png,0.834962194700
hv34_1778.png,0.780818933850
hv34_589.png,0.629389353032
hv35_121.png,1.019252352007
hv35_133.png,0.795745849875
hv35_157.png,0.715299462814
hv35_181.png,1.058458426032
hv35_24.png,1.065395818783
hv35_282.png,1.070899360858
hv35_290.png,0.912799250072
hv35_292.png,0.828842013691
hv35_327.png,1.401359429663
hv35_340.png,0.896615365828
hv35_345.png,0.910604893307
hv35_352.png,0.880657380709
hv35_38.png,0.898964060013
hv35_433.png,0.954982701989
hv35_436.png,1.050325659409
hv35_474.png,1.372044691855
hv35_496.png,1.408683550641
hv35_51.png,0.942698158453
hv35_519.png,1.098146074304
hv35_560.png,1.403840313962
hv35_60.png,1.349831862016
hv35_849.png,1.061517506232
hv36_216.png,1.264642099521
hv36_219.png,1.336816763037
hv36_304.png,1.122660273551
hv36_306.png,1.155817789878
hv36_379.png,0.784133440316
hv36_510.png,1.208782762943
hv36_601.png,0.619247632588
hv36_615.png,0.569729126640
hv36_630.png,0.370376725399
hv36_639.png,0.390718093476
hv36_652.png,0.288565543980
hv36_670.png,0.518173958682
hv36_675.png,0.367221418441
hv36_68.png,0.649071217187
hv36_87.png,0.968808079972
hv36_92.png,0.795388392726
hv37_1022.png,1.234347062566
hv37_1076.png,1.097907746710
hv37_1088.png,1.150298024668
hv37_1095.png,1.162771200281
hv37_1107.png,1.142749901378
hv37_1136.png,1.221041561561
hv37_115.png,1.230532410278
hv37_1165.png,1.190027683406
hv37_1200.png,1.066615182103
hv37_1222.png,1.159463915850
hv37_1246.png,1.039272959807
hv37_1260.png,0.969249147056
hv37_1275.png,1.190669420363
hv37_1294.png,1.085714266297
hv37_1300.png,1.140697581169
hv37_1317.png,1.236216193060
hv37_1386.png,1.102566381730
hv37_1452.png,1.117169789492
hv37_1465.png,1.077419173446
hv37_1479.png,0.995368151445
hv37_1626.png,0.656939187774
hv37_1642.png,0.782138875174
hv37_1735.png,0.678604229248
hv37_1812.png,0.695113324120
hv37_1862.png,0.508573293874
hv37_1969.png,0.590871368947
hv37_2042.png,0.598679925675
hv37_2055.png,0.800726196395
hv37_2128.png,0.493878570885
hv37_2158.png,0.644637459032
hv37_26.png,0.721250771149
hv37_291.png,1.320074791769
hv37_309.png,1.183438504846
hv37_322.png,1.318374767451
hv37_34.png,0.670149067294
hv37_358.png,1.365563170722
hv37_38.png,0.680966682520
hv37_381.png,1.441278287928
hv37_436.png,1.512066506054
hv37_446.png,1.474039754373
hv37_459.png,1.457515082987
hv37_465.png,1.410231376889
hv37_523.png,1.372954784638
hv37_56.png,0.568983561346
hv37_564.png,1.310005647581
hv37_571.png,1.169984641987
hv37_577.png,1.393922676224
hv37_636.png,1.190900245313
hv37_64.png,0.655028540296
hv37_650.png,1.206247859388
hv37_738.png,1.162680312085
hv37_774.png,1.092874674905
hv37_78.png,0.816627086022
hv37_781.png,1.307240403617
hv37_840.png,1.164463364484
hv37_870.png,1.209029304460
hv37_888.png,1.223876001072
hv37_921.png,1.297711733641
hv38_127.png,0.833973033133
hv38_210.png,0.830495643588
hv38_72.png,1.190560105363
hv38_86.png,0.859900311195
hv38_87.png,0.877685281786
hv38_91.png,1.100537573451
hv39_.png,0.647971777514
hv39_10.png,0.641787139503
hv39_115.png,0.688502719822
hv39_156.png,0.597750421550
hv39_182.png,0.777195889914
hv39_21.png,0.536851472465
hv39_243.png,0.672477174886
hv39_253.png,0.772967057113
hv39_26.png,0.704206524889
hv39_264.png,0.762773737448
hv39_273.png,0.663366383477
hv39_28.png,0.707971017004
hv39_306.png,0.774557711146
hv39_312.png,0.762160236231
hv39_333.png,0.682037213436
hv39_351.png,0.551614148069
hv39_358.png,0.690580609931
hv39_368.png,0.781819121986
hv39_369.png,0.792986825129
hv39_384.png,0.928670086574
hv39_422.png,0.560329308533
hv39_426.png,0.727002546774
hv39_49.png,0.427082347368
hv39_529.png,0.700641820326
hv39_609.png,0.613361558803
hv39_614.png,0.552387527275
hv39_620.png,0.600294819419
hv39_656.png,0.563632834306
hv39_679.png,0.586971404418
hv39_684.png,0.586766260766
hv39_692.png,0.590426463802
hv39_759.png,0.651165830271
hv39_786.png,0.670563861027
hv39_834.png,0.569396029741
hv39_838.png,0.485757075019
hv39_907.png,0.601897946106
hv39_91.png,0.637317716378
hv39_931.png,0.574056839197
hv39_936.png,0.569394768044
hv3_106.png,0.738247032922
hv3_117.png,0.962834389270
hv3_118.png,0.900880008821
hv3_14.png,1.004937945752
hv3_2.png,0.498098998906
hv3_33.png,0.345167721341
hv3_63.png,0.742412072749
hv3_7.png,0.495802257379
hv3_76.png,0.875627715405
hv3_79.png,0.661297025469
hv3_82.png,0.613517109582
hv3_91.png,1.406774611537
hv40_10.png,0.789438130520
hv40_109.png,1.799211950218
hv40_110.png,1.680996014152
hv40_120.png,1.826960217031
hv40_127.png,1.658828361435
hv40_13.png,0.476465360884
hv40_150.png,1.828203315236
hv40_155.png,1.616419417207
hv40_160.png,1.573030943447
hv40_165.png,1.870408306901
hv40_172.png,0.883004152298
hv40_176.png,1.020835366620
hv40_188.png,1.155572403529
hv40_193.png,0.972463113073
hv40_217.png,0.992592415205
hv40_225.png,1.100725857043
hv40_243.png,1.662150942017
hv40_255.png,1.448822687239
hv40_266.png,1.211586780115
hv40_275.png,1.308704613677
hv40_277.png,1.435989565670
hv40_28.png,0.932938225830
hv40_290.png,0.528660599264
hv40_307.png,1.303635911915
hv40_309.png,0.581421500942
hv40_311.png,0.692890341166
hv40_315.png,0.857799057749
hv40_337.png,0.832052712505
hv40_340.png,0.822308432487
hv40_342.png,0.801158881870
hv40_357.png,0.911658258484
hv40_37.png,0.855672606093
hv40_39.png,0.836362359075
hv40_404.png,0.965669241592
hv40_405.png,0.761750723842
hv40_411.png,0.830528518247
hv40_412.png,1.192389999512
hv40_42.png,0.891954167420
hv40_423.png,1.088022790730
hv40_49.png,1.143052642951
hv40_5.png,0.376536913332
hv40_51.png,1.204600813660
hv40_57.png,1.123561595274
hv40_61.png,1.092843531310
hv40_64.png,1.167099165634
hv40_67.png,0.924843460008
hv40_72.png,1.019356797925
hv40_78.png,1.075384760961
hv40_84.png,1.001458453520
hv40_87.png,0.893920291315
hv41_39.png,1.134490450857
hv41_46.png,1.000174482747
hv42_1005.png,0.642350045332
hv42_1012.png,0.619533651499
hv42_1021.png,0.750691197554
hv42_1024.png,0.699757587408
hv42_1028.png,0.611661384441
hv42_1048.png,0.638119070171
hv42_1054.png,0.589197265159
hv42_1071.png,0.589576705945
hv42_1077.png,0.802603969906
hv42_13.png,0.635600719355
hv42_175.png,1.081128107390
hv42_20.png,0.412841048422
hv42_236.png,0.607036770754
hv42_256.png,0.624146409811
hv42_261.png,0.817118432901
hv42_283.png,0.500562664535
hv42_297.png,0.597978503918
hv42_304.png,0.452419276053
hv42_326.png,0.848499914646
hv42_336.png,1.016763836334
hv42_350.png,0.442266192746
hv42_361.png,0.614399585375
hv42_37.png,0.529290959578
hv42_379.png,0.609660269767
hv42_394.png,0.676361401094
hv42_420.png,0.518833150279
hv42_433.png,0.545847574124
hv42_440.png,0.671097495532
hv42_450.png,0.854273582029
hv42_487.png,0.627486728360
hv42_496.png,0.791390743701
hv42_505.png,0.776797289381
hv42_525.png,0.880755042337
hv42_535.png,0.969690101318
hv42_543.png,0.582744469467
hv42_550.png,0.519944165686
hv42_555.png,0.593307321827
hv42_562.png,0.510646808025
hv42_570.png,0.772637438689
hv42_576.png,0.656137423255
hv42_582.png,0.479952900122
hv42_586.png,0.642977571997
hv42_594.png,0.591496576150
hv42_6.png,0.607253487686
hv42_60.png,0.437193738046
hv42_601.png,0.586567441058
hv42_620.png,0.666301248346
hv42_651.png,0.400202350492
hv42_658.png,0.465668754600
hv42_664.png,0.641700120004
hv42_675.png,0.639686535479
hv42_686.png,1.105666097833
hv42_716.png,1.108283138750
hv42_736.png,1.254690158833
hv42_752.png,0.967878146494
hv42_774.png,1.012114099267
hv42_796.png,0.704987254830
hv42_837.png,0.636731152314
hv42_846.png,0.604335143912
hv42_855.png,0.834062075485
hv42_861.png,1.085345371206
hv42_885.png,0.586934760254
hv42_895.png,0.765839913261
hv42_906.png,0.438232662620
hv42_916.png,0.620618918101
hv42_925.png,0.760352950076
hv42_933.png,0.444491136825
hv42_937.png,0.633816614456
hv42_943.png,0.749445107431
hv42_970.png,0.501790984665
hv42_976.png,0.530925587145
hv42_981.png,0.511523955974
hv42_986.png,0.741942598550
hv42_99.png,0.672944745289
hv42_999.png,0.583178104639
hv43_1038.png,0.862172207770
hv43_1095.png,0.977610645194
hv43_1212.png,0.488172351214
hv43_1273.png,0.555482198513
hv43_1298.png,0.648416903721
hv43_1306.png,0.501793257381
hv43_1364.png,0.638184294796
hv43_324.png,1.119202036760
hv43_336.png,1.347763048204
hv43_451.png,0.942043524039
hv43_482.png,1.297716788695
hv43_644.png,1.409080949613
hv43_672.png,1.143240949785
hv43_685.png,1.230425095925
hv43_724.png,0.767363476425
hv43_931.png,0.443827447778
hv44_1.png,0.815532158867
hv44_2.png,0.790896552026
hv44_20.png,1.097442904335
hv44_25.png,0.921703100453
hv44_29.png,0.829136291757
hv44_3.png,0.979158927220
hv44_31.png,0.701269582811
hv44_34.png,0.850546671162
hv44_35.png,0.937186935262
hv44_38.png,0.829652217081
hv44_39.png,0.947273252917
hv44_4.png,0.907450147532
hv44_41.png,0.972113716622
hv44_43.png,0.833534273401
hv44_44.png,0.630499989123
hv44_47.png,0.633094940172
hv44_49.png,0.960968192985
hv45_159.png,0.868243715627
hv45_31.png,1.107544932503
hv45_315.png,0.938819345730
hv45_82.png,1.058658525293
hv46_124.png,1.093928668815
hv46_433.png,1.189943124949
hv47_1003.png,1.065204739140
hv47_1009.png,1.043802655707
hv47_1065.png,0.929964625923
hv47_1069.png,1.022804212353
hv47_1086.png,1.009641482701
hv47_1096.png,1.115100317152
hv47_1115.png,1.116026781578
hv47_1167.png,0.980070416772
hv47_118.png,0.982085758977
hv47_1187.png,1.025536502515
hv47_1192.png,1.005087168903
hv47_153.png,1.075056473284
hv47_208.png,1.032631773417
hv47_275.png,1.183190179268
hv47_322.png,1.173682666147
hv47_37.png,0.916337082112
hv47_408.png,1.147774873730
hv47_488.png,1.142013827708
hv47_547.png,1.259014836885
hv47_566.png,1.037843026922
hv47_588.png,1.048001636093
hv47_60.png,0.900155350407
hv47_624.png,0.730268205555
hv47_642.png,1.205393685057
hv47_661.png,0.982463658695
hv47_674.png,0.989216070749
hv47_699.png,0.650174200106
hv47_71.png,0.953299236918
hv47_727.png,0.824032860871
hv47_729.png,1.049482148456
hv47_76.png,1.032868223366
hv47_766.png,0.954326796532
hv47_786.png,0.957904419161
hv47_80.png,1.003600434105
hv47_844.png,0.804890227211
hv47_856.png,1.021063600692
hv47_858.png,0.598435033888
hv47_871.png,0.915721911410
hv47_887.png,0.946981205152
hv47_898.png,1.091368390625
hv47_92.png,0.943614378104
hv47_936.png,1.111630034031
hv47_95.png,0.855738570893
hv47_952.png,1.006621348279
hv48_.png,0.748332565957
hv48_104.png,0.793004002580
hv48_190.png,0.939361693095
hv48_196.png,1.052637891883
hv48_200.png,1.175734720668
hv48_255.png,0.841802659548
hv48_4.png,1.326168273025
hv48_63.png,1.442526153455
hv49_.png,0.930979796994
hv49_78.png,0.839932733315
hv49_82.png,0.745156090285
hv4_133.png,0.576042295952
hv4_162.png,0.630335732024
hv4_259.png,0.631885314971
hv4_267.png,0.397373337342
hv4_273.png,0.352011266779
hv4_289.png,0.668447514563
hv4_294.png,0.577268752492
hv4_304.png,0.675996843598
hv4_308.png,1.099042826302
hv4_34.png,0.770657716921
hv50_.png,0.617688101421
hv50_121.png,0.516652525504
hv50_186.png,0.453225613153
hv50_213.png,0.409850181117
hv50_223.png,0.407729627482
hv50_230.png,0.424068602233
hv50_241.png,0.624735363661
hv50_259.png,0.661717515726
hv50_26.png,0.511969544624
hv50_304.png,0.641589212549
hv50_319.png,0.612513531413
hv50_348.png,0.884644197617
hv50_366.png,1.015218068788
hv50_384.png,0.938828791072
hv50_392.png,0.823863643959
hv50_408.png,0.813278107256
hv50_416.png,0.856075902797
hv50_446.png,1.064092790154
hv50_465.png,1.185261767835
hv50_481.png,0.962591433298
hv50_493.png,0.915217974133
hv50_528.png,0.726690296772
hv50_57.png,0.522761923253
hv50_620.png,0.606052496762
hv50_639.png,0.679946409374
hv50_649.png,0.513074528347
hv50_696.png,0.539337026740
hv50_718.png,0.303529288209
hv50_736.png,0.334252379657
hv50_793.png,0.571978256468
hv50_81.png,0.473312476841
hv5_106.png,0.735527257117
hv5_136.png,0.497550781726
hv5_147.png,0.430099686105
hv5_22.png,0.653564193314
hv5_30.png,0.636746366419
hv5_34.png,0.627655694746
hv5_50.png,1.412253409528
hv5_56.png,1.111768439286
hv5_70.png,0.232233929851
hv5_75.png,0.231576676796
hv5_80.png,0.336571155804
hv5_86.png,0.400939949221
hv5_94.png,0.524738971377
hv6_100.png,0.913682554910
hv6_102.png,0.929362857821
hv6_106.png,1.043420363552
hv6_13.png,0.960437723494
hv6_133.png,1.130925649906
hv6_139.png,0.999341774816
hv6_142.png,1.070050453439
hv6_144.png,0.644563112545
hv6_147.png,0.632934104786
hv6_148.png,0.584768759145
hv6_152.png,0.684642924217
hv6_153.png,0.543050571080
hv6_154.png,0.619482610204
hv6_16.png,0.948077648704
hv6_166.png,0.299225816291
hv6_20.png,0.934761732252
hv6_204.png,0.322373699075
hv6_208.png,0.454511432651
hv6_217.png,0.551288102068
hv6_218.png,0.526945480279
hv6_223.png,0.478008916018
hv6_226.png,0.474751978955
hv6_24.png,0.924989240894
hv6_9.png,1.214712760020
hv6_96.png,0.281726917130
hv6_97.png,1.037411817598
hv7_126.png,0.518764290586
hv7_132.png,0.489556970771
hv7_138.png,1.231542939955
hv7_21.png,0.669975185023
hv7_22.png,0.626723613257
hv7_27.png,0.538570530023
hv8_120.png,1.050222810717
hv8_128.png,0.642227919828
hv8_147.png,0.470874117192
hv8_160.png,1.730553094736
hv8_169.png,0.523257561135
hv8_256.png,1.033135824743
hv8_262.png,0.916658349049
hv8_325.png,0.292491191911
hv8_367.png,1.064157381255
hv8_58.png,0.563475556056
hv8_88.png,1.006507531135
hv8_99.png,0.820187580142
hv9_1.png,1.788289969104
hv9_14.png,0.622140001700
hv9_182.png,0.865702162709
hv9_186.png,0.821437834637
hv9_188.png,0.800257105403
hv9_198.png,1.692292422114
hv9_202.png,1.643416988579
hv9_21.png,0.704056275776
hv9_215.png,2.076026327281
hv9_221.png,1.655662185887
hv9_223.png,1.180269114908
hv9_36.png,0.740619392490
hv9_47.png,0.815695492584
